reservoir,n_test,phys_KGE_L1,phys_KGE_L2,phys_KGE_L3,phys_KGE_L4,phys_KGE_L5,phys_KGE_L6,phys_KGE_L7,lgbmphys_KGE_L1,lgbmphys_KGE_L2,lgbmphys_KGE_L3,lgbmphys_KGE_L4,lgbmphys_KGE_L5,lgbmphys_KGE_L6,lgbmphys_KGE_L7,cbphys_KGE_L1,cbphys_KGE_L2,cbphys_KGE_L3,cbphys_KGE_L4,cbphys_KGE_L5,cbphys_KGE_L6,cbphys_KGE_L7,xgb_KGE_L1,xgb_KGE_L2,xgb_KGE_L3,xgb_KGE_L4,xgb_KGE_L5,xgb_KGE_L6,xgb_KGE_L7,lgbm_KGE_L1,lgbm_KGE_L2,lgbm_KGE_L3,lgbm_KGE_L4,lgbm_KGE_L5,lgbm_KGE_L6,lgbm_KGE_L7,cb_KGE_L1,cb_KGE_L2,cb_KGE_L3,cb_KGE_L4,cb_KGE_L5,cb_KGE_L6,cb_KGE_L7,persist_KGE_L1,persist_KGE_L2,persist_KGE_L3,persist_KGE_L4,persist_KGE_L5,persist_KGE_L6,persist_KGE_L7
ResOpsUS_292,1587,0.9746586383526566,0.45437078450014357,0.32646957904391194,0.3136517648245828,0.32578589596093943,0.3437630402948444,0.3712861504636247,0.9767245341840755,0.3977055290129011,0.279694013829193,0.2671750483533666,0.29274416360585376,0.3290554757320042,0.3708323936216379,0.974103576988536,0.42856883347837327,0.3446148997263644,0.3278035033006381,0.329915604207225,0.350556573672255,0.3583897528156621,0.8176711698269965,0.7586867341612009,0.6249307245463495,0.580525946859695,0.5658981314396506,0.5516529137715174,0.5398105703135048,0.8112160689824763,0.7936595073591403,0.7155107220913239,0.6431299848811413,0.6046217088422476,0.5824844120254079,0.5604194036129235,0.7988848953489526,0.7432461041211998,0.6287927865290982,0.5860934717622035,0.5951706712366982,0.5854533167056379,0.556598453956217,0.993519059615582,0.980893025695714,0.9668961184696372,0.9514768303523413,0.9341119189827727,0.9150098546370572,0.8948026114756928
ResOpsUS_319,1587,0.9939606232898217,0.9151085933255004,0.8555368157747565,0.8456582312543526,0.8277225872566731,0.8164916784703176,0.8077660807652108,0.9901256201355098,0.8356617816918148,0.716902970434186,0.6336154990301632,0.6306028797415628,0.653423507764924,0.6710568783275574,0.9932504300494064,0.7048206848045445,0.3596368229791115,0.3045781033018672,0.3696351175091538,0.5211774551627792,0.6926346038757241,0.9739017087126143,0.9105605109726275,0.8694230448587217,0.8530404293988543,0.8637469785964796,0.8489426075630805,0.8341777889826503,0.9607069311663555,0.8785219210489364,0.8922680679888062,0.8639341613419053,0.8346645326702273,0.8334606307907038,0.8358905095956921,0.977414840692006,0.8966241463500387,0.9110684474836533,0.8831624388014583,0.8601980320456178,0.8660636815340148,0.8760133276072445,0.9742032009656924,0.9438386672307733,0.9123290096691912,0.8880416295777831,0.8641032884857136,0.8439510159582315,0.829818473052016
ResOpsUS_1192,1503,0.9895359729121839,0.7648221028382703,0.7609279555039272,0.727103642302397,0.7252599762112188,0.713943923136602,0.7126652398969784,0.9840383820394271,0.6875720732800014,0.6916707279875933,0.6579242511467238,0.6338340644716702,0.6169373120664725,0.6079891407701803,0.9863354658519965,0.7745500393892851,0.7563727835232134,0.7636234522411454,0.7467457515328324,0.7552402743429856,0.7377756157992308,0.9706508469548532,0.8256054131173786,0.7882824798191572,0.8033927950013193,0.8116359519295904,0.8127153566783339,0.8172330104156604,0.9912458974542567,0.8283084989355026,0.7399312511625944,0.7521296386132212,0.7547026517130869,0.7371820979683383,0.7311475433405967,0.980649467029429,0.8152490314872677,0.7618697379698725,0.7683181073227988,0.78158650969758,0.7850910993251249,0.7731775278068727,0.9925271763840372,0.9771101030358642,0.9556245746296546,0.9297073369295276,0.90098263878327,0.8709138295913029,0.8406570277386803
ResOpsUS_575,1854,0.9795665115751461,0.6773672624835492,0.5695937570577436,0.545222396437149,0.5401570256603098,0.5446924094237018,0.5415877966944371,0.9784659331246075,0.6029320487936121,0.48200568051188875,0.44516089320750374,0.43621077160583044,0.43314630573458346,0.42227552238517463,0.9732720245147817,0.5871007165358086,0.41721458412193335,0.41474326698168285,0.43537830918542986,0.45406568509318546,0.46771792478213325,0.8935090111152572,0.8586802700000419,0.7707236777813296,0.7400476390296117,0.751716318491374,0.7721128126771333,0.7980359869635214,0.8974619762288673,0.8919307706048246,0.831880388070257,0.7908951768916487,0.7887215602629583,0.7957131821850465,0.8020210305008071,0.893036689993626,0.8946216457089469,0.8340604947550858,0.7900271875417355,0.7912296285102013,0.7987393603644313,0.8050418257893533,0.9825400448124483,0.9559071576910502,0.9386609803164553,0.9246855022501183,0.9120433966645788,0.8986101102293079,0.8815498853198174
ResOpsUS_920,1245,0.9380519146907398,0.9204433638446491,0.9234132308002729,0.9390733935573082,0.9462070561527948,0.9460646045880582,0.9422014048476619,0.9373231051109192,0.9279811458922322,0.9314398734675624,0.9326498829759526,0.9403503544972736,0.943980196091182,0.9463392373619219,0.9324573219105632,0.9301229440127446,0.9308249106249237,0.9201813737206501,0.9142986063118874,0.9082622581245284,0.9006598038750189,0.9291953155200194,0.9296149798920755,0.9370716068907842,0.9293395685454022,0.930607391626679,0.9309740940444429,0.9308538416790109,0.9351922428692551,0.932371286562368,0.948326842326194,0.9449610867932675,0.9455625904864952,0.9451592139544582,0.9437018256022447,0.9273286888078647,0.9274572019447147,0.9374889239063501,0.9340587312137452,0.9335008134686086,0.9336376084424044,0.9333847657421821,0.9425331083492895,0.8944984617200298,0.8457981438151476,0.8079586108446857,0.781971641671998,0.7611757499042708,0.742513656275308
ResOpsUS_1092,1463,0.9467642348959552,0.49262651486075626,0.282309262589453,0.03537882320064234,-0.030911681035683536,-0.08426581180323023,-0.13712547600614755,0.9489545758310592,0.3730240151432126,0.08312421223908084,-0.3362101152236743,-0.4533435206059482,-0.49348304871937243,-0.5332331795290244,0.9517817770020823,0.4899471018091086,0.2540205704354176,-0.09600018885285921,-0.16747815044820524,-0.1690080359673043,-0.17344247533487822,0.7719351055648798,0.15560862265796505,0.10187448176400782,0.20331222611811794,0.19833381724637666,0.19152123429211187,0.19870561956389654,0.7556157582438487,0.3522055605262805,0.32375013171445777,0.23559715331816022,0.20150919339255635,0.20265580000038286,0.2192241858734838,0.7599863513083656,0.2944815965234784,0.30686643499885513,0.27485082396361027,0.21310578233509814,0.21236777452214117,0.22872667490398613,0.9548329399959327,0.8724442124529459,0.7937897261682355,0.730876701504733,0.6883017774771231,0.663222061680713,0.6403144369400928
ResOpsUS_1753,1613,0.8788619638046259,0.7845408953090588,0.8391076579961334,0.8313865000160656,0.8225771320870185,0.8325884326339037,0.8333665480107811,0.892376201989056,0.7934366601132492,0.8263903097711146,0.8269494604664629,0.8258464174933987,0.8273936111563667,0.8270266707322512,0.8874955972962074,0.7544533669298823,0.7889334469015961,0.811383763246418,0.8168890419787818,0.8163319030501479,0.8121584801703999,0.8898061645148064,0.898975795589218,0.8684765194073483,0.8609864247719939,0.8702556918588387,0.8688630017900385,0.8663413451797467,0.887835259559317,0.8861733180929806,0.8523400861848669,0.8441215904255508,0.8608477159745773,0.8609384891515774,0.8511482961194763,0.89114036097201,0.8891794299822088,0.8550510551036581,0.8566670268720518,0.8729483099187382,0.867283521384731,0.857318279522134,0.9873732358662206,0.9635995003631967,0.9359684118115501,0.9060885211080252,0.8757011435723845,0.8460192736362324,0.8174419359703547
ResOpsUS_1042,1463,0.8072490655378015,0.23573580424080787,0.30804603124378815,0.36099739364628713,0.4540819321012133,0.44955216450176827,0.43397763990209204,0.8001180032387769,0.2373742932770394,0.23858929410023577,0.30343078574426197,0.3482054917128913,0.34664204323654746,0.3304546779930495,0.8019271759467849,0.2082933421505615,0.36330737829518545,0.43336462209904936,0.4864836504148071,0.4650710514725064,0.43749998404083834,0.6370945255750009,0.3273975252573639,0.07356566630503181,0.37337496927596525,0.409515880850584,0.34056707938311936,0.33157318615779874,0.5875501517832089,0.4495660205895863,0.43391895767541433,0.547141657619738,0.4810228255038528,0.417951700608735,0.4043427282315999,0.5853135476563511,0.4622219831313126,0.42048794523021615,0.5592856593106497,0.49337506592618896,0.4287716540215398,0.4285156172405712,0.8618878510273268,0.7352863373405119,0.6757360444318827,0.6673028289696189,0.6310579243146729,0.5482082478476848,0.48828009792561244
ResOpsUS_1762,1385,0.9017457479981503,0.07817563393905014,-0.04406107547337745,0.004686840378168022,0.0834293728624792,0.09947322642166234,0.07354449965879561,0.914597280495912,-0.05399833688492017,-0.17172733766525217,-0.12629265365789388,-0.06241064896959547,-0.04277616073535673,-0.06014677764920662,0.91063129262059,0.08505565505781254,-0.039426674149020124,-0.02792293074370078,0.008341720301604849,0.04181153314000319,0.04549262755808203,0.685618511748193,0.551383008696507,0.4709715075797889,0.45406078619775336,0.35081423706269865,0.2675594023482517,0.2297207163830819,0.6931282837831287,0.6212383952371174,0.5507267053558152,0.4799461505168445,0.3596506509056384,0.27612373598238305,0.23514473759896903,0.6588225641890664,0.6550611451898409,0.6099481206706812,0.5207991441658588,0.4274390674510481,0.3943711007381182,0.4012418649974433,0.9407640088839001,0.8733339096175503,0.8346472047783993,0.8005026929862038,0.776060631062543,0.7774933045359944,0.7754449336370447
ResOpsUS_421,1096,0.8602901595477075,0.08794969009238618,-0.028570560957253743,-0.04815156198386883,-0.07460598144885289,-0.10147669130848391,-0.1266325671245121,0.8919211977997666,0.10811220974245639,0.0003361612192075425,-0.04530279437958318,-0.07855693755364546,-0.10302328909367886,-0.12928312764838235,0.9284045629982827,0.16326410579606654,-0.02291660347083213,-0.08806964611773571,-0.13595671696868972,-0.1805619878482525,-0.21591338586724396,0.40647753990784574,0.08976953067400506,0.5856350135740302,0.5714353775015056,0.5187128187018417,0.46775841257211603,0.44038527203315814,0.3893863671990948,0.19624396353587636,0.6509231044305241,0.5636821924512233,0.5090069723784025,0.48518561778262803,0.4840403798615218,0.3853201036878354,0.34126633608743606,0.6328630423518113,0.6428259591317099,0.6066773078581528,0.578426585663865,0.5664552561344731,0.994465196424269,0.9844121073059264,0.972314627230753,0.9596234679162913,0.9463331261992947,0.932737657792641,0.9184163623478241
ResOpsUS_415,1096,0.9853122088675449,0.7528366012966835,0.7989741299161128,0.7686568492621517,0.7416217129179685,0.7294960184987453,0.7152890336001803,0.9965099709941161,0.7088731938752657,0.7456931105277211,0.7062794839530946,0.663320988752662,0.6415268368119331,0.6288143032264912,0.9884058303044376,0.7848995977525064,0.785131628291326,0.7804503503001766,0.7690088804083245,0.7609421326812128,0.7473634913261008,0.9842544499638591,0.8260313475175388,0.958698132511264,0.9258393910236943,0.9231677232309032,0.9078808723239765,0.8991379961064491,0.995878122711095,0.8369360167836097,0.9631933350996497,0.9195836809525177,0.9223682332502684,0.9188433205504923,0.9074620206940717,0.9852045745070537,0.8430479590105875,0.9521395062870934,0.9415909876073183,0.9453124390435735,0.9459875648212548,0.9393174755596378,0.99516125180403,0.9872509609881727,0.9776666308650133,0.9672108540770558,0.9561192057373326,0.944233970700995,0.9315758555554725
ResOpsUS_1017,1463,0.9059733602190604,0.746335631883235,0.47892386134815546,0.29875161214903956,0.17568332875401704,0.07884406434693392,-0.014579582164341298,0.9019248792469416,0.7500590343885979,0.5051893228496172,0.3611909614259571,0.2849962606701725,0.2459080434387143,0.21125420113308835,0.8991913569042355,0.7295400778173744,0.48272797363191,0.36621944202579493,0.29866494639568086,0.24700538406680617,0.20602506726210457,0.7737814787961217,0.804082860752509,0.6337589883783219,0.5729387253993855,0.5771441768751793,0.5559578183844316,0.525141392486922,0.7544689664991531,0.785108890832729,0.6331937252711175,0.5720724395757073,0.5878666443147152,0.5632591201259407,0.5048662496491307,0.7282490806723807,0.8035386382940595,0.6563326021468658,0.5851356346976799,0.590909213014624,0.5606412272150167,0.5149096105032739,0.9521766643102558,0.8772265555111061,0.8135694680153335,0.7625354010880198,0.727920735485656,0.6957158096642211,0.6592903722042236
ResOpsUS_1249,1455,-7.2024062570816305,-81.20335296880423,-96.6831964663224,-103.77134651231613,-117.58612032764563,-122.23046329326829,-129.54313622119224,-9.308909612164067,-73.79013679222079,-120.08223531645054,-126.83802968946073,-123.90730037781728,-129.47832930339493,-146.2418192153362,-7.447002019893487,-27.036184761689565,-80.6898090024105,-130.38828599791353,-144.0850359420527,-139.88878779626188,-146.227236351831,-5.4541058885763345,-53.04754871873955,-81.13778357242145,-93.71863667970496,-101.07786561999157,-108.0665146773572,-114.94116157823507,-10.850640351022344,-64.06274167764948,-108.54583337666585,-114.48983684692683,-115.07880643552211,-119.8919577673535,-130.8018685102578,-5.393673864981256,-29.602348010334193,-71.70315813872669,-90.56808858168559,-92.88598998514532,-95.73886792495513,-101.64029933918495,0.9795924039232909,0.962459391928905,0.9446998464780451,0.9264469608679716,0.9077164969785416,0.8885003581156721,0.8687822771317693
ResOpsUS_293,1096,0.8640877411492234,0.24976782115181384,0.059355911599796585,0.08157333701639735,0.0850640460859059,0.09861486633633432,0.10214568661209289,0.844900007668901,0.16416311627849034,-0.10162122801879048,-0.13175458912852123,-0.1566012075092964,-0.1562932791749876,-0.1632566708170642,0.8782601023673287,0.2348171920967188,0.0544362085020188,0.09137202630212571,0.09918177616430257,0.09468427041167626,0.06664365169824382,0.6630561747369358,0.6998101631032875,0.681743810888275,0.6867540450394414,0.7081526580874665,0.7070051013827288,0.6934503129960312,0.6515931088521216,0.6858044037220725,0.6183554605562765,0.609156205620823,0.6137382698115565,0.6276197162560675,0.6160759881690441,0.6681219955927753,0.7319466587687526,0.6733110731854459,0.6703045925859417,0.684157523466764,0.6899044585685548,0.6886938358401895,0.9865627636236194,0.9539906592000229,0.9116864861758109,0.8662467819156888,0.8227616661272852,0.7824020376003,0.7450132314910896
ResOpsUS_1777,1385,0.8423849287315919,0.5936065967863395,0.5254686141987237,0.4537293426934468,0.43939749184723653,0.42283395843232396,0.4196777972505955,0.84358233412516,0.5679322028689114,0.3883590575007323,0.28724705236532866,0.2599256998836169,0.2347501658783514,0.2500632601626406,0.8409438100754403,0.39094866361605907,0.3606262371147517,0.3030670423599163,0.3255149221732766,0.3626360881763483,0.3932564324051655,0.5870060480608643,0.6919069779004874,0.418415533304904,0.4294291175283288,0.45617791451746026,0.4989091549362562,0.5493668017361674,0.5981144442004732,0.6080599440972312,0.32159837782564693,0.3123558063029436,0.37106005300015354,0.4599612166049375,0.5316659516379789,0.5474782900590431,0.5809579814768713,0.41114774334547466,0.4367984037147592,0.4947907492316651,0.5379006176663232,0.575726878210751,0.9690329852762374,0.9269468716657615,0.8907478978166763,0.8549685649284886,0.8225670427401588,0.8013899034447259,0.7834876145545135
ResOpsUS_1883,1615,0.9297681999864202,0.6809382378756583,0.6878616009113079,0.6946721306413314,0.6942936798665791,0.704588672557094,0.6933855068724403,0.9125259195916204,0.6476806286510635,0.6288324583698148,0.6121746815555544,0.6105245446849807,0.604411770681192,0.5949056107095081,0.9255623091350906,0.6554334555487036,0.5737479166447206,0.6016417058980676,0.5748418902653132,0.5856793719627313,0.5725839968428075,0.9139661675605141,0.7430710245937331,0.6063758596384996,0.6447316834104786,0.6456021331673047,0.6389025360322338,0.6403953618491509,0.9088986860974724,0.7576886316785241,0.5622872288576335,0.586685019597404,0.5944608108556457,0.5739608949799351,0.5669323786296963,0.9184050451641361,0.7044820334757677,0.5171644502281332,0.5549602409346441,0.5504250764541774,0.5464417718816632,0.5375997612923791,0.9532293393361754,0.8675306240722301,0.7933781427660956,0.7483298295294317,0.7176483319227575,0.6907756758659018,0.6646108569028528
ResOpsUS_798,1096,0.9115042039335256,-0.7636206488839754,-1.9761632744988877,-2.5216044971096463,-2.8215423612569297,-3.0110850888387093,-3.2591179334310505,0.9003745350989429,-0.7220109729065975,-2.4029423000634296,-3.2475574582838362,-3.853937149643901,-4.2016632518794905,-4.339842111644958,0.9042446694522458,-0.6624825394494269,-1.598498414893327,-1.8286075485700577,-1.9915532111336955,-2.2202990268322873,-2.6133308899048413,0.7629577876938449,0.2767087439070526,-0.1340175431615025,-0.4195839205155627,-0.7235772300931078,-0.7202257176386779,-0.772856851931603,0.7336357688319413,0.5682099269555932,-0.018126551925066403,-0.2949287643105811,-0.42546829685722165,-0.45625205912161526,-0.34318757053224447,0.6937706440873307,0.5974662539802141,0.007096520584656818,-0.3170947982245984,-0.4885730523617833,-0.39795888926550416,-0.34046795294544574,0.969172705262289,0.9043328301038267,0.829622883538161,0.7626568129699307,0.7085176230820498,0.662839920201018,0.6195403951117874
ResOpsUS_1756,1385,0.820788797892852,0.21692650174730221,0.06101161069658634,0.04952077735603755,0.06321960362712031,0.06758256563932918,0.04436258157161321,0.8356970011762419,-0.0355094703047385,-0.20687348222549629,-0.2045230296541638,-0.18021318056849212,-0.1822227989560683,-0.20824692035946413,0.8498184241600422,0.060334192226661476,-0.0984048686125929,-0.04884762591216307,0.05621977622964436,0.11488091856651883,0.10571281343858852,0.6859648298456975,0.5371777747207801,0.3223883071061098,0.27591009387751264,0.2881311069982945,0.2788962050181769,0.3235212167067312,0.698211063233209,0.665972806433123,0.6448436131896675,0.5997861224237511,0.5575728879486935,0.5369209175373468,0.5363726709238976,0.68997224903034,0.6990834817144951,0.6529910387954668,0.6133267434227441,0.5937541610733191,0.5619366665551224,0.5516312495012713,0.9679257410714576,0.9276328979776408,0.9005168432225252,0.876126234042608,0.854439556965193,0.8461232645726615,0.8359843056108859
ResOpsUS_1036,1463,0.9164356277966756,0.08150766159349554,0.02829390833194656,0.05934820445084532,0.024328121314311724,-0.014176009687153934,-0.03431227674055459,0.9283969393225457,-0.04690941068231402,-0.16949711208542584,-0.09019693387150007,-0.08363924251047128,-0.09750973933073204,-0.10278735732284305,0.9216780092531586,-0.019507579905210015,-0.06174860350399358,-0.02605470832138268,-0.050412817138060007,-0.06951257889062035,-0.09969479969069317,0.6653394299576179,0.1872309246157413,-0.24157758055697065,0.2976687256771131,0.3770343868195919,0.33956448848320886,0.3527981014328585,0.6711118855873361,0.25068839824911104,-0.0466924065965717,0.41844299242781735,0.4253899561852751,0.3874764561773686,0.36378872166272225,0.5988582849974908,0.270002650665811,0.15309326630811315,0.4598116275527687,0.4302151456613902,0.3943962978874085,0.3804416974734717,0.9748584275750407,0.9441569782422904,0.9145480562113196,0.8851018971537831,0.8562849129290753,0.8279585150466697,0.8012398436171033
ResOpsUS_938,1096,0.9312312381533621,-0.8505809257463668,-1.1121407208543101,-1.0496332685341958,-1.1185438621685928,-1.3303199240299293,-1.7234983932078083,0.931820956609423,-1.130115904592607,-1.5880691076914748,-1.6360789046941595,-1.747778323304165,-1.972552842841821,-2.404248015631214,0.9351845619019843,-0.9569669401524123,-1.3216580612786126,-1.379611836867991,-1.46395606530919,-1.5875498094046416,-1.809783995435493,0.5986279079978043,0.30362033892303775,0.3342656257532034,0.35072804357722664,0.23082159727455243,0.22896427425419374,0.21067294520483204,0.6037369301420454,0.40686089578999607,0.454601361711063,0.4066107568668934,0.24985905466721525,0.25108137644798756,0.23445093251370996,0.5990680266170423,0.3925509328911767,0.4695028323095992,0.43853855578348666,0.30171290400242057,0.2838389673694217,0.26201508905388826,0.9748742912578093,0.929763438674468,0.8806526017687751,0.8363905881626287,0.7989284613368997,0.7662694543946902,0.7344117893416338
ResOpsUS_373,1587,0.9639049161643128,0.6649599811936298,0.6098853097525601,0.5876668955633493,0.555449543636532,0.5288363116574728,0.5081098303873012,0.9677252393914583,0.6424977757003294,0.5545228106342067,0.5367648940848535,0.5191880879341157,0.505393149884952,0.4936422286442126,0.975595306777746,0.6871159595395367,0.5998867054264981,0.5770975338917289,0.5517922863276782,0.5256322160522766,0.5064933772817621,0.7652906301215052,0.7276173312384141,0.8185473984658322,0.830352962367249,0.8412806896983807,0.8401346820203768,0.8397558537390539,0.7729927133766944,0.7191957792099524,0.8147918355549014,0.8229271693644611,0.8295459416734766,0.8282928675663599,0.8248058323968145,0.7475602150143816,0.7038936433101716,0.7933005772587433,0.8128767233107643,0.8247974309046968,0.8274292935841651,0.8267837857374982,0.9958029826785214,0.9878071836825448,0.9786212501972447,0.9687088470307047,0.9578834011374031,0.9464653824958345,0.9347181142179387
ResOpsUS_393,1587,0.8184476559555907,0.613700242159485,0.6445972696894373,0.6379662189641429,0.6001132465972929,0.5709892079914536,0.5509767667023052,0.850592894718875,0.6624434312097937,0.665450198265578,0.6493804675849513,0.619897667197811,0.5960910357817375,0.5757564355709532,0.8617698908851675,0.6938863094891012,0.6937136551933387,0.6603108546050069,0.6157440337239053,0.5746679723234971,0.5369067022349736,0.49271721363076904,0.34875413378489317,0.678706230251136,0.7543125356774103,0.7725509809302056,0.7769736858159725,0.787926740302654,0.477217417188041,0.39602414150072074,0.7181527003801738,0.7377927505799844,0.7198198866343468,0.7182664396085039,0.7146397304497671,0.45786363930859286,0.3760649882296315,0.7406510980978365,0.7587455948312716,0.7406185489122434,0.731702617004721,0.7281080451221047,0.992452435119871,0.9838901153759448,0.9745166605577871,0.9647425964875818,0.9550151991302105,0.945093483167661,0.9348504350013759
ResOpsUS_1761,1612,0.6981030843522895,0.5603315401516871,0.4387627883386094,0.35850837892489784,0.32009559174042257,0.30499127944996685,0.2946876746916425,0.7071192954899777,0.6278672800696048,0.518022898012508,0.4412485349830655,0.39370408705082616,0.3590367999769626,0.3457259560029896,0.7012135413056504,0.5924130397072025,0.48063767068987595,0.4231637642869327,0.3856516548222563,0.36617446753009686,0.3657478288338246,0.5828315497167496,0.5963591706976288,0.48621439051733106,0.5108463044801836,0.4582809426379999,0.45214211057400777,0.4763359318507848,0.5779855225283512,0.6207754899849205,0.565270855497876,0.5453032715233598,0.46934348273717774,0.4646728914758298,0.49060167951259825,0.5628482053003129,0.6406109349352633,0.5984821391271701,0.5332644320699729,0.4592312053052273,0.4634566021010528,0.4880491129333616,0.9126482046589638,0.8529658925854061,0.8068571836204368,0.7674598693289282,0.7247321881018336,0.684135545921942,0.6471988194598133
ResOpsUS_958,1096,0.7844834461321815,-0.6753990648439152,-2.492950093072023,-4.875654763567589,-5.289661487566305,-5.472973119702071,-5.66569875762631,0.882618262294077,-0.8642708237161112,-3.481661304176133,-8.599651117902281,-10.827347828706852,-11.404144246720682,-12.10798131637869,0.862172661731561,-1.234708832503558,-3.6835965615662962,-8.249703032916308,-9.382865729711158,-11.393309625798857,-11.224324543084098,0.7972477215849769,0.8013877243361093,0.7697240452591513,0.7595509698110171,0.7640814927128239,0.776938840865225,0.7695506548850157,0.7789090712934572,0.7625553160851257,0.7450496346015545,0.7329671913817577,0.718125266917435,0.7202202407239966,0.7237126279244382,0.8510556033417722,0.827648085587993,0.7910707233131371,0.7904532368006475,0.7882710564955345,0.7869941748303289,0.7877393333769034,0.9829598349821002,0.9580382234731816,0.9297698806670982,0.8998849848122055,0.8692653996159725,0.8395980662851042,0.8104262974999021
ResOpsUS_872,1096,0.8986363582640594,-5.029955522697276,-7.536360318132415,-8.878985500000399,-9.71118554385193,-10.447184556841382,-11.186286489103884,0.9071077350143195,-7.01903539652627,-10.469380273736217,-12.095649494089391,-13.334279148111058,-14.223435671278096,-15.027843721503057,0.8984153693844428,-6.108622924264843,-9.46552476684649,-11.198375577183343,-11.999329173100998,-12.512012067032218,-12.882193263103844,0.5011161414109826,0.4594536670649403,0.3248730032044511,-0.15517520485666858,-0.62203236752154,-0.8995526306924033,-0.9410412084527557,0.546631384564123,0.5280201434970513,0.4127251080512633,0.10287526705314043,-0.32131650301539394,-0.5415173441843777,-0.7248961059726702,0.5110217582597567,0.5137460285090484,0.45941601883024186,0.1785550635866413,-0.16007360125980097,-0.4101762387063137,-0.5491909980055178,0.9867733364154029,0.961573160756212,0.9361548905053925,0.9099386351726073,0.8828019790080727,0.8552887797110076,0.8297733021915036
ResOpsUS_784,1096,0.8179347542141597,-2.2643855210157846,-6.368088664859671,-7.853392033323866,-8.777349256561562,-10.121332748701189,-10.713399159513022,0.7375944267600023,-2.6516061098519974,-8.785649273159867,-12.318255368129677,-15.252281465626247,-16.602905611232643,-17.60533460500479,0.7049307433473444,-1.3290932892618166,-5.164611330475646,-6.492153486942536,-6.799091730051798,-7.503977661222601,-8.323492184789817,0.45907612048225666,-0.21293679832125156,-0.4810500137674967,-0.3739999961988356,-0.23623627714995044,-0.021914038691929205,0.07198652264671712,0.46555075617553954,-0.025988391850843007,-0.07519242750186805,0.2109202511206434,0.3395558921955163,0.29617919254950875,0.2696336587691853,0.4783466993557889,-0.4427125383872592,-1.3154898522557348,-0.7310976027775662,-0.31008216181280224,-0.18360710633883337,-0.03383228154606388,0.8168285302617593,0.5169935217624166,0.3071777743841173,0.18679291513777507,0.12759093846223712,0.0824425102025762,0.05146144656127993
ResOpsUS_837,719,0.28736855487234436,-10.694874784781085,-10.728883934931048,-10.562890904253264,-10.693467687032332,-10.807022868400475,-10.957990775018096,0.6614780823935765,-11.233453211193728,-15.62498959468991,-16.550115964578165,-16.945187273247186,-16.997495306206005,-17.07381550577615,0.3665753479894094,-12.253332550400122,-11.630288646683997,-12.720676570674643,-12.248986694045444,-12.732514749193033,-12.721654064988362,0.4869909152818688,0.4424106335852188,0.4237305566748073,0.46226885792663874,0.48929139083118933,0.47706405263323315,0.4741362999659411,0.41663550989033127,0.4200539321092954,0.4182821334718042,0.4177152649566436,0.43169544494925305,0.43997272058630776,0.4456164888966182,0.27816434862994366,0.27042804017544897,0.2797650199566767,0.30347025734998734,0.3144938391383817,0.321156647468659,0.320483013978364,0.9961207622484638,0.9920237048493042,0.9878673560857266,0.9836701331073531,0.9794262028179341,0.9751370241826436,0.9708051349294932
ResOpsUS_7313,1096,0.9544905774804364,0.5402740696582159,0.581341561281152,0.6213368323731194,0.638655563878785,0.6605668505244431,0.667311940704654,0.9578121723894549,0.507826039161088,0.4910524821825121,0.5377284749270151,0.5517705935174176,0.5604203609545633,0.5590505180763554,0.9655180227877957,0.40943115653113027,0.25986541324305035,0.28105272566161876,0.3302773737165886,0.37508062702541844,0.41098716118504897,0.8536195729960196,0.6467819571280928,0.7845720286095773,0.784682814699356,0.7067263368839016,0.6862821258174621,0.6791236068864988,0.8519966917820228,0.6985751033802203,0.846959993528411,0.7504739548152,0.6641623714307847,0.6305511085049548,0.6260229539266332,0.8166070130572559,0.6616806206328352,0.8286409409960558,0.7963604697342463,0.7500108600266848,0.7309670018950146,0.7303819631420734,0.9971863931531472,0.9905715542596137,0.9814929153709511,0.9701879872051065,0.9572059504322965,0.9431843270889299,0.9284189492701305
ResOpsUS_885,1096,0.9493273470827216,-1.9889714517893777,-3.914560924666321,-4.12571069309748,-4.150732413518605,-4.169069387015314,-4.277977536887759,0.9622294511508558,-2.5146200656412576,-4.755908030492202,-4.982040825296639,-5.055085818958081,-5.081792707661796,-5.1335455940029115,0.9420398053826802,-2.4547469641023767,-5.680302283315302,-6.3702982414037495,-6.677332665363179,-6.881133552843249,-7.075388303950655,0.6577908772416963,0.2804951751472531,-0.09663426132825226,-0.0038281574703955545,0.0744496667912391,0.1137084975526218,0.23859979246134944,0.6595884995528347,0.4541172497984166,0.32928244028916653,0.3544210343668255,0.37378685455376226,0.4034055196249138,0.42706578467978473,0.5540234312589645,0.3202648592116615,0.12342499179911537,0.17573780955939355,0.19104277280215054,0.19330511494654334,0.2130649537738165,0.9936770527517125,0.9816413896770506,0.9695927337786056,0.9575671207854379,0.94553170617292,0.9335018332799637,0.9213955604179176
ResOpsUS_780,1096,0.8891401929733076,-0.44977637248079927,-2.2638414237688376,-2.9345663794705783,-3.1606857620563504,-3.2142517102032624,-3.2475293158705076,0.8902395362164602,-1.0827157223860562,-4.857819688270375,-6.456987878028036,-7.625545095925471,-8.456219245979446,-9.03848510473654,0.8615760887139098,-0.9180094787162105,-4.4519930230815605,-6.38012124421567,-7.700802772947407,-8.458496162091576,-8.961415150733194,0.5879029949903667,0.6137397899820614,0.6494581724753686,0.6615029003609189,0.6259885539716292,0.5968248020421056,0.5801470476037371,0.5434193319747891,0.5491379979169353,0.5892023620584521,0.6463550640558086,0.6506447106587249,0.6439342150488118,0.6258797593526415,0.5191254568240973,0.5254015022791936,0.6093160997865488,0.6461503870044257,0.6435899927993403,0.6301123940631775,0.5998401855949296,0.994845644869186,0.9840888624326491,0.9721545937327681,0.9590389588283058,0.9447518927865746,0.9292435843482807,0.9124244329957566
ResOpsUS_300,1587,0.96842661734841,-1.1487738492054813,-1.053439543265716,-0.7136842848742384,-0.6547076148435556,-0.6451527919212667,-0.630689124580728,0.9573054928168652,-1.6097457581642134,-1.9713975062458307,-1.9592886847995654,-1.962836416455099,-1.9330401336512364,-1.874266603737571,0.9742899129717797,-1.0232557516433398,-1.3690621990383383,-1.2768329178939228,-1.2218691866271767,-1.124478751074946,-1.0244503742395485,0.35363452812194496,0.3952034206704027,0.2843348008909856,0.2591945296280669,0.023266155091459573,-0.01135539173191047,-0.048255245014291015,0.33915048350287025,0.35492530775821374,0.36654472889540424,0.16531541204447653,0.07456907431133963,0.004176976044148684,-0.05159304747563431,0.31727159094603863,0.452903006687821,0.3677070439262128,0.2114250015942416,-0.03215583424561674,-0.14281618166727994,-0.20714809185001637,0.992759446536163,0.976644371595884,0.9570706367368034,0.9361024263593981,0.9142423328645602,0.89179713714472,0.8686310420192632
ResOpsUS_522,1663,0.9624102371946713,0.06926707794411657,-0.20389504410970494,-0.29882806037200615,-0.3262392885107286,-0.3265587183022063,-0.32346384116084526,0.9580376543391369,-0.10316673029761958,-0.4039324539663358,-0.4814465608109555,-0.5668455111264632,-0.6438375048066873,-0.6671436039058978,0.9628022974547189,-0.1325396180724019,-0.40580868026714145,-0.4956325488871882,-0.5608793396802436,-0.6266412339027965,-0.6659693906099604,0.8582865297661461,0.6140082241349245,-0.027709566367646543,-0.24058841780356222,0.08199070358885274,0.23689889997977465,0.2846311132250213,0.8473818217489549,0.5802235160940783,0.0629593047612732,0.15679771069471127,0.3477431350877367,0.4289145897773182,0.4411175317877475,0.834718321213689,0.7238156296945581,0.26743129187814396,0.23367761227492967,0.4086777087384662,0.49043277524271967,0.4727793334217587,0.9868693360241606,0.9648104599773175,0.9434049944429649,0.9239030872941612,0.9067028814311986,0.8906498124058952,0.8746880799971175
ResOpsUS_1026,1463,0.9526639938274395,0.6040738523515137,0.5180621999830022,0.48052398757566805,0.4428728549162101,0.4202827618333216,0.39718762292371956,0.9154898648781501,0.5765058323475036,0.5244311072140446,0.5084775840783462,0.4824980527070437,0.47022582344517083,0.4544521614254958,0.9114776331109999,0.46811589947694343,0.41630661300598726,0.4039636143180585,0.3727023830962475,0.3599649517372294,0.31966878170935165,0.8675517915532305,0.5040499817990232,0.2362600249413609,0.43499268241200206,0.4685345115029721,0.5044792992596003,0.5284527418314546,0.8664640934836474,0.664919376759137,0.4795340121810393,0.5377379472485018,0.5338755888370152,0.5428549308042496,0.5707298638056968,0.8200016269245821,0.7453545511979991,0.6621245897303308,0.6508276521627405,0.6544170338399993,0.6669041433653975,0.6764072447903754,0.9412411708211612,0.8652528903591342,0.7911544653672294,0.7370933855916237,0.6987597555537473,0.67300600330131,0.6475318235642356
ResOpsUS_882,1096,0.9444285141726999,0.07400594923733894,-0.2713377816122531,-0.3345823260577878,-0.3196333280324859,-0.2967003258381353,-0.2782198095706523,0.9688882698125179,-0.06368006373516111,-0.5423651686866795,-0.6402094375150349,-0.6511168821477997,-0.6472117835752396,-0.6478648628415591,0.9301120422498148,-0.08604631544702612,-0.6361283960940114,-0.772124833713522,-0.8303361675719461,-0.83400807583374,-0.8069753176418184,0.8910573493649674,0.762501480076223,0.7000753224399772,0.6017487642222312,0.44813283212178,0.28366378070949594,0.1214810521468952,0.8898178174339257,0.7905902541807834,0.7703129135842055,0.6457935593486108,0.45006926099385836,0.2675118167373691,0.17116732066026374,0.892688409750649,0.8810032719690368,0.8467741033805816,0.7374277512764194,0.6703677470587941,0.6321102027115671,0.5919238059792187,0.9929431462557204,0.9776535510723363,0.9594261542803563,0.9409360751784865,0.9226103067588193,0.9044534056055917,0.8858281211210075
ResOpsUS_898,1096,0.9836566447811224,0.6861138898501752,0.7543473622421909,0.7958244477017566,0.7912209568878001,0.7839505059139986,0.7696174152931248,0.9847067381144887,0.5456231270206106,0.5172121424141302,0.5594828492505829,0.5868629182689693,0.6157669635238425,0.6307703093436514,0.9848660678533094,0.5632243026249784,0.5717485173617711,0.6139736590447258,0.6410379267250588,0.6630415933308683,0.6729915009609279,0.9322789438029564,0.851951134106756,0.8621318688500876,0.8847667371773639,0.871847403377819,0.8574864494541963,0.8499663897485268,0.933736183913533,0.8975667696191454,0.8873322665255718,0.8809554439289525,0.8746641126096996,0.8607878246139924,0.851948700068355,0.9268187083943598,0.9137057887591268,0.868612943024921,0.8687905809646359,0.8706084325935927,0.8624223130827079,0.8558355392731959,0.9887403361772367,0.9705384837144269,0.9525826133909733,0.9368814244059185,0.9258967053206074,0.9160024098986048,0.9068892601468143
ResOpsUS_497,1556,0.9384100759736583,0.2808781967180002,0.13937046970404698,0.0012169808422899386,-0.09432837803429428,-0.12805100054003526,-0.15034679910761906,0.9582103412713538,0.10748517399923418,-0.12723977438841305,-0.23952054281357804,-0.3218719194407589,-0.35553575207729926,-0.3751687279467115,0.9655931733449102,0.2869319951003191,0.13056202893835134,0.014769120483070441,-0.04145442569057223,-0.06866985620965571,-0.08484987513416131,0.7859044041736948,0.7653560154854727,0.6224410849509817,0.5638366086260462,0.5225728417005222,0.4754658295545313,0.4356990728231501,0.7777868694526223,0.7747107650426402,0.6611852495919456,0.5927569645004154,0.5563763430544472,0.5233352670339793,0.4897998990726049,0.770612768245859,0.8028245920110881,0.6672579567276087,0.6098392551677184,0.5798548071861971,0.545116369542081,0.5147534680542833,0.9810979437109956,0.9507314599004133,0.9204275879547482,0.8912820875646821,0.8670401380241555,0.8469574037622409,0.8258002785357215
ResOpsUS_529,1672,0.9242289890369046,-0.6792764420139863,-3.534552186071366,-5.632124515051526,-7.142264656235012,-7.954823836120637,-7.83091937849257,0.919485240942462,-1.2463005066247779,-5.078146949490765,-7.683148406557393,-8.75295900632604,-8.65148484270603,-8.237317246274767,0.9099460876537817,-1.2975063701458294,-5.8690800496972955,-9.028149563970638,-10.45033493330011,-10.390310422703276,-10.038143136221795,0.6247584676769433,0.45924573416378145,0.2317044170800313,0.014595357516380525,-0.14340490802437378,-0.23954263400473064,-0.33628027517719605,0.6206865944620432,0.5184682450932263,0.3375281781286379,0.161073075490887,0.03974498758621359,-0.04108177967758708,-0.12999377929794975,0.5651984669319073,0.43974365033241714,0.3238651532434045,0.23181020794926266,0.1798232848724276,0.13114338156292493,0.035818805591093184,0.9766971061197324,0.9484426402915358,0.9237946327493942,0.9057545495724989,0.8884548646440471,0.8725242083951995,0.8521260352919883
ResOpsUS_936,1096,0.4650967705471424,-5.349079906793372,-13.182161478499452,-14.019697716814369,-14.711611566319855,-14.901435864010066,-15.062502747017092,0.4599380556440983,-5.251738432368708,-16.443855118179247,-18.29314950550395,-18.636308662688204,-18.97670307576423,-19.309951680280633,0.0442823007211548,-5.952916740131552,-16.679384866477495,-17.79737834691415,-17.99876603267344,-18.214524265141105,-18.29882316483431,-0.18988436093940875,-0.32232669232566025,-0.18129164470911752,-0.09684224668961128,-0.05127003905036309,-0.01530815084922632,0.0033778962965953507,-0.1550806642331901,-0.1957794789679057,-0.0665863567496705,-0.05726679992711037,-0.03501693509861803,-0.035899544608611,-0.037712727050708494,-0.016178135352200806,-0.04204798563733103,0.00986687893564564,0.016431095834367304,0.001998454835065666,0.0035226697136058194,0.014199577597804214,0.9077451080982044,0.7524700224889005,0.5921324597025424,0.43179294037937255,0.27145145910347335,0.11801263029503828,0.01241803009757747
ResOpsUS_1848,1461,0.8572896900820179,0.47490980086267187,0.3475150154366159,0.25709182606035197,0.15449402026797832,0.08327433567816955,0.015322819538875487,0.8656834166325821,0.38777275599976135,0.2693832138895471,0.2332808067951868,0.19522416783658258,0.1485111736977941,0.10429412203972477,0.8611736901628068,0.35115882142188226,0.23282385944167916,0.2043724707770307,0.16914275941153756,0.1360078134236271,0.08960954215051586,0.4570001079628212,0.44025078270791784,0.36386201287080533,0.272826304696964,0.1681435294224115,0.10142088611000011,0.06788118254346875,0.4544695700191864,0.4305646928132062,0.3457463419907857,0.25533502443443723,0.16563954188976948,0.0983356594527276,0.05841053583233091,0.42369179301593385,0.40873107755534466,0.3377395950729307,0.25713518262853896,0.19150113255262247,0.1344895447209702,0.10155333817218815,0.9280021915412487,0.8721947859302117,0.8245823659631462,0.7742337162231402,0.7325874112036636,0.6971684823387542,0.6670080728890293
ResOpsUS_1869,1461,0.8786805636678582,0.12027968337219075,0.06114036239217335,0.056593360303019424,0.027991673400331263,-0.01417279012757855,-0.03408118412931871,0.8863528918061937,0.08209190496129315,-0.016100760379402557,-0.026671169786638194,-0.04367299772527233,-0.07816585740655113,-0.10396831578937737,0.8756482252726937,0.04309728133071977,-0.012995194365061913,-0.030952265564276216,-0.040324759216455064,-0.06699994199982129,-0.09665964566308527,0.5027697983181776,0.4768788605188533,0.40517525336246907,0.25258295045355217,0.17532007778933112,0.14510924478651688,0.11777733013863545,0.5012613916362187,0.4638558624924103,0.3689211502383698,0.2201053210622349,0.12450622408466872,0.08024572042686096,0.04467737108526193,0.45581895679449225,0.450727843245211,0.3617446789536385,0.25325526255992725,0.16911739621942767,0.1353854621005528,0.10787997261787885,0.9417691015876204,0.8814968042081036,0.8287824433226132,0.7821353466766181,0.7487446856265991,0.7254322078668476,0.7067138606326351
ResOpsUS_1112,1320,0.8628707563030693,0.6208002850400803,0.5347869448587119,0.4846805928499236,0.43550618557045595,0.36996231535747703,0.280107005866732,0.8652365743102666,0.4834870102967138,0.4629398001649623,0.41969774220895995,0.3701854222294857,0.3348140881843432,0.26267676234501836,0.8591147921232596,0.6703086579051848,0.5825748287304625,0.5124470118107705,0.4660625370136464,0.4165263452523633,0.37256331724380354,0.6865570943885638,0.7448428278557087,0.7070686099839009,0.4768084635561962,0.34372033096638344,0.29790481455710516,0.26599047404479026,0.6816167370911193,0.7996862586979172,0.6814598962638561,0.43892123176788056,0.34896705200823575,0.31932619843497456,0.31592680217121194,0.6525949497726978,0.787299314022209,0.6209439827964389,0.3914940631690651,0.33431756180609085,0.32647475770419376,0.3462653595657642,0.8767165138044168,0.7965250401843973,0.7387349135370165,0.6982331889548632,0.6844669878715934,0.6569349801833434,0.6412391747255546
ResOpsUS_601,1854,0.8776795507378484,0.17475558288387294,0.017631200818732595,-0.04775937766668448,-0.0874063635011848,-0.1204847180745392,-0.152058416096162,0.8826794864711671,-0.18958677258449907,-0.4871274196603914,-0.5269099450872126,-0.5519236627209088,-0.567532796516456,-0.5934883539719185,0.8733621806969503,-0.14487891331180713,-0.4019631638549084,-0.4669105074875297,-0.49735056743502093,-0.5360448264128588,-0.5673967409653708,0.42216472179479225,0.31661862391240114,0.27253763604798,0.32641262463998355,0.36479319946843447,0.3864846543386504,0.38461993362339086,0.42069280767724826,0.3463041194049231,0.30787016815336055,0.33433707245036526,0.37092735974454816,0.38748788387156996,0.4021929234530275,0.41607455412624184,0.37078924779674427,0.3461010887593986,0.363738285061566,0.3929443327774428,0.40581648727608544,0.4095983881332005,0.9908772236892222,0.9708906537349774,0.9467273102583872,0.9218329110860802,0.8971928623532797,0.8722067828867083,0.8467338020128004
ResOpsUS_451,1854,0.8858407523512271,0.16605887066496805,0.03196822763412843,0.06326016949043523,0.04219509658759424,0.020120934944594326,-0.005433026561128429,0.9219562822669222,0.18302795737757238,0.07963302393830785,0.11516710421709508,0.11201357293529801,0.09424288828004457,0.06959371640097423,0.9321798041212426,0.1381981386961919,0.00030800499917493784,0.032359521222030896,0.032337062779791315,0.03545552408519248,0.036317731177269,0.280978283302436,-0.023812056541046234,0.12180964352524548,0.3657022163343904,0.5473218735984506,0.6113863280015424,0.6454295539990833,0.2778316462319692,0.1520871288553729,0.1963776424496374,0.37189751353341305,0.5748485837116953,0.6526587360511109,0.6611198977440993,0.29391680999105607,0.21865324350046034,0.24931491226059255,0.4020727663126862,0.5508993034578582,0.6160464443536062,0.6489626216312157,0.9907208266021936,0.9717164841447739,0.9498509301547793,0.9272852748987744,0.9047797463809248,0.8811172126429143,0.855308573879618
ResOpsUS_1851,1616,0.4947560170629175,0.49136536634315986,0.40766668472883516,0.43410848148607994,0.43996466393846767,0.422530960003059,0.427359394376988,0.48276400201608083,0.5397532549541233,0.4863883732827212,0.4695796031299956,0.4427509819110227,0.45637614397270376,0.44756832985697115,0.4753157259406895,0.4989656158343695,0.4228729334953454,0.43154812052271496,0.4192295923418663,0.418592689051109,0.42834066249189906,0.383475267083889,0.495962367238319,0.5037403321673828,0.4350275281510232,0.4145266174938438,0.39303337570532526,0.3850095352166446,0.4030459461799072,0.4859077487577612,0.46716686761493154,0.428433888768763,0.40852457790376473,0.4084185562203745,0.40747632139467393,0.3716998721610577,0.4354196640139051,0.4701499881063331,0.43949981939871974,0.43370506647596807,0.43353083358844524,0.42192357739977415,0.7524166343427908,0.5231042725101943,0.4318931616392063,0.38204006500662635,0.3548425380806911,0.43626628401353573,0.5037633809292759
ResOpsUS_1067,1463,0.872850598187599,0.2162181064061771,0.186154341823771,0.11643547309309554,0.022803355774426826,0.024643859270840895,0.039078621117472956,0.8759658867499376,0.10422922092440323,-0.028932626889203172,-0.08646333998864741,-0.1517118915308302,-0.20925036277632758,-0.25274534907876767,0.8780683445483698,0.16017681804887707,0.1298025045903065,0.039433822066446966,-0.02220642227874947,-0.040171247423733236,-0.03993118393161388,0.7319166965970129,0.5588098021262637,0.47158447679627313,0.44541126884202675,0.3540718494100519,0.2626957001809167,0.22199575174640518,0.7282852276640648,0.6190445045851831,0.5725102230470214,0.5078639621991701,0.38406870697240003,0.29070596579831365,0.246896214706937,0.7072902788420858,0.6810372858800762,0.6223479576862696,0.5151968884379166,0.4003643102916731,0.3144977611805432,0.2644109047744787,0.9260172826418134,0.8489972205090814,0.792843960544463,0.7474082895677804,0.7168768957092506,0.6997617676269225,0.6859246865845584
ResOpsUS_1864,1461,0.8790455988228189,-0.49226426179564076,-0.49069743995889015,-0.41471885473414427,-0.38024450078026595,-0.37939870022473254,-0.37405738587618886,0.8805286484515642,-0.640223721882939,-0.7416356013882437,-0.7102382204620465,-0.6741190299978994,-0.6602300676485409,-0.6472921965208742,0.8763522194976984,-0.5488681382833906,-0.6177602478036097,-0.5813097135837415,-0.5555931534470993,-0.5424004498751469,-0.5132812109370124,0.5693691278512883,0.5087833529636583,0.46716022348100594,0.3379893637944361,0.23868588342915353,0.19998750137262278,0.18316367369467645,0.5577142252511562,0.5348453246245928,0.4702481130016991,0.3246592840555228,0.20724035104645588,0.1521952355430206,0.13457980332126251,0.5288029519732202,0.5425257040218409,0.48448658302354264,0.3622726782752439,0.2614073203052546,0.20519286944753334,0.1868809908246133,0.9019874018129602,0.832189081496104,0.7900447520768198,0.7425898175394342,0.7105964831259484,0.6943537283613883,0.6540197046866948
ResOpsUS_1776,1643,0.8795319920593196,0.785357868472631,0.6673065001315095,0.559875389834321,0.5013092997693697,0.5079849779597936,0.5541529180127056,0.8778887569134429,0.8182610649856422,0.6001109978679686,0.30924164799301457,0.14446234103740463,0.18319470972174523,0.23473451357620945,0.8891764233141946,0.7733358070318104,0.6474522513401884,0.5482882041282502,0.4574927296588156,0.43084275121317706,0.5127373818492271,0.876838651541371,0.8900685169235486,0.5737081092293927,0.4202662288351875,0.3666586757135629,0.2722804395534776,0.3528396171339585,0.8729393542683224,0.8611906878452917,0.5079990662091963,0.25276773706748634,0.10585734510659595,0.010349309531242468,0.05337413459769702,0.8753932775388235,0.8768168344654625,0.5397888939684247,0.40530910619545435,0.34355032173047106,0.31646013664143513,0.32437372081781857,0.902871334914878,0.7226351550331895,0.5589101306454554,0.43692708904927846,0.3579965644633072,0.3094128823507355,0.2761518201882397
ResOpsUS_597,1854,0.7546483429422869,-1.9012564579891573,-2.0468659881605165,-2.0475801349568834,-2.0520800871367615,-2.0625349838189595,-2.0624391806685645,0.7392366871192724,-2.476967049666451,-2.637557832686816,-2.6885747913792377,-2.713978734289493,-2.731539151203453,-2.738809851908422,0.7221748480995671,-2.7139681802853928,-3.014321492657773,-3.025449570228907,-3.0249313750054974,-3.0151433508214396,-2.994344629735062,0.3452856989972263,0.3638905768524907,0.344292041752841,0.34467136726015934,0.35609398215256594,0.3730203622295504,0.37729684660668905,0.3280533890511682,0.3331644175100392,0.32538153231512357,0.32178076821777934,0.33310729047968557,0.34227114285330895,0.3534174871731819,0.3319983819187664,0.3321571804603576,0.3238623318386913,0.32536724564548436,0.33102551331706986,0.3445551759850298,0.35199610595292996,0.7736312686020232,0.5030233857075783,0.3516641346331545,0.251197837590436,0.20658999015631185,0.29520752092840963,0.40174847454916185
ResOpsUS_574,1823,0.9432709044618799,0.6068097879426366,-0.08583205703440733,-0.4212999528086765,-0.541250759126765,-0.5916775779366106,-0.6302042890649229,0.9518436952665402,0.6133436597518185,0.08499023338454137,-0.09716352094734693,-0.13652618636895952,-0.15207222912000873,-0.1307485267682864,0.9560572693856841,0.6205720628047917,0.347957877557745,0.230329812104917,0.2041873861946022,0.18220427622302948,0.16186945687260945,0.8321239381748443,0.810743099699111,0.7767915192719806,0.7281991861714037,0.732489082626373,0.7325594251987593,0.7303603927648472,0.8296324191490145,0.8390214014244685,0.8152774596189871,0.7368878796245415,0.7253237453094703,0.7278251600615118,0.7276472658206651,0.820512804863578,0.8403311237119255,0.82649694336697,0.7717557897402758,0.7782570155382952,0.7733894844465943,0.7726881278376277,0.9736527592609082,0.9334529975858338,0.90130463830396,0.8769140766216056,0.8575919116578776,0.8330861883815168,0.8088404008787929
ResOpsUS_1237,1427,0.8575348584973027,0.4841351221571759,0.16961644236952755,0.008296471913916692,-0.015093480948749516,0.005970004132534457,0.04050239644443254,0.8606902504057856,0.4980215707682005,0.2001638296411301,0.027138591209934226,0.01039902213128474,0.07818595665438788,0.08943963349891382,0.837790035643514,0.5040311865319227,0.2486489898502301,0.08200033750503644,0.07397834807475412,0.11612328959896678,0.14755719773468057,0.8013519950720774,0.7538172913005384,0.3837052192120466,0.04303862289283644,-0.06109004222828052,-0.031024753827478158,0.019653637969254567,0.7805718742938027,0.8019987104546373,0.4528407295111525,0.11535473755033343,0.0010450607312664228,0.006370531296959081,0.026343780464526456,0.760971393532573,0.7944285405737546,0.4496472952469778,0.08335069434012565,-0.013122686730186128,0.0201668303500675,0.025525390443381424,0.9662707640721822,0.9004228756038781,0.8312892047612233,0.7627847773450078,0.7012514007315516,0.6448857586677244,0.59473950781899
ResOpsUS_1033,1463,0.8170836705759167,-1.2512410373282892,-1.6698364366438865,-1.7242035388441415,-1.718723347079767,-1.352646346397162,-0.9658491234950375,0.8931833569141757,-1.5007746269464892,-2.6209562991087885,-2.7867129660970096,-2.7674049101269036,-2.72192886061214,-2.6518797493638204,0.9220357249795677,-0.888569722090917,-1.3019532774066045,-1.2782565703180695,-1.349566879340665,-1.3506385155192664,-1.373611713709038,0.7966840474488929,-0.9107472605368263,-1.720486016899565,-1.682913838913752,-1.161650911440209,-0.6612107053829916,-0.5855830870778769,0.8418665881576765,0.13382234722316155,-0.24400399935345085,-0.3374001199648977,-0.17485355627790589,0.04224100374632134,0.15648218694707672,0.8023916700202524,0.24791846299186282,-0.25821375986899775,-0.21066591725738348,0.05974575285753814,0.17490282416274894,0.2207421604361477,0.7325943777676203,0.4868444641742061,0.3702487542120283,0.3029202988760078,0.24939384575545354,0.19933993365368963,0.16785332356934157
ResOpsUS_385,957,0.9108146646604158,0.3448511502317758,0.3745109832415334,0.536010711820217,0.5652715375750235,0.5299679581039092,0.4908235328156848,0.9116474071516747,0.29609963744267376,0.09671857879138779,0.15294170627113923,0.16521631039417106,0.14833280821584827,0.10648535683226112,0.8875348919680522,0.2887608472284565,-0.0364043705469943,0.0024633152607461684,0.022254065025937186,0.010955794106985661,-0.0090992055310124,0.7413150464682362,0.4593702990329336,0.553116496056123,0.7486063545087919,0.7849932067142853,0.8006239143116932,0.8018875401258934,0.7693319543058871,0.5350540126610561,0.6036470701358163,0.7840078081536943,0.7627701497332813,0.765663421333751,0.7396402453486909,0.74229138825885,0.5541077910010908,0.6469583632681658,0.7842952959580247,0.7825182475796708,0.7775709397919837,0.7682279123813782,0.9774305514117639,0.944889727769102,0.9157254700983999,0.8832416672924102,0.8489673175933472,0.8208182422196483,0.8017329176583999
ResOpsUS_362,1587,0.9781517989838086,0.10667379955219447,0.08166667520721926,0.09732323677463872,0.11967178104276555,0.1482432808459474,0.15936795672967485,0.9792000957426028,0.01656400304924288,-0.031023089935987347,-0.019377269881409642,-0.002306397848328867,0.005460417523982963,0.008315300538215276,0.9826158533726659,0.002704246528891452,-0.032480952687222286,-0.022062174938388024,-0.010225489632685436,-0.008467084141655645,0.012346311718650083,0.8799242272962393,0.8092282809278768,0.8169718050103685,0.8558776875212409,0.8680937756367849,0.8569037363910669,0.8492233949377832,0.8777788056566143,0.838412340738808,0.8390589872858982,0.8611678414862597,0.8704631208393523,0.8595773874395504,0.8415389565749385,0.8608079943495911,0.8371142477348303,0.8421417887818781,0.8499235988845802,0.8399431957827422,0.8224559949605148,0.8010106973863347,0.9952404918253249,0.9858022694655793,0.9758675084887918,0.9654551922641067,0.954385776040597,0.9434780694712895,0.9325669342420101
ResOpsUS_372,1827,0.9399910794763741,0.7463460777244885,0.6620847337035893,0.6292181740147328,0.6085964978744111,0.5857548109503302,0.5536087115362305,0.9341041910165453,0.7494349600898531,0.6796660939643044,0.6544270230532314,0.6448451461733486,0.6379528570645375,0.6244950644928672,0.9382759370653989,0.7578503448494683,0.7005473421254419,0.6854338092552552,0.6998137503760016,0.7106505487266459,0.7115483145831755,0.919411966393499,0.8255659164566411,0.8312378555609176,0.7098115083208131,0.7055863839732853,0.7102565219841334,0.716885365207541,0.911559860985531,0.8042308555933029,0.8352073951191071,0.7261903065800981,0.7125475250359468,0.7079904310692875,0.6997271349416263,0.9246648821037364,0.842506458523199,0.8642801303441778,0.7451017600079322,0.7308487254724242,0.7247389938119664,0.7310802977429105,0.9830825589115956,0.9517270393808648,0.9176734875084919,0.8819086090903158,0.8476640138052103,0.8156200210942914,0.7893379914031421
ResOpsUS_384,1827,0.9663805159405413,0.025501204709150627,-0.34483111856957205,-0.42472116756837064,-0.4003850203353463,-0.31911700114715247,-0.2038179604011494,0.9666627376641824,-0.12973209967391375,-0.47208525336246,-0.5227943076709072,-0.5049002496265873,-0.4904061312276409,-0.4768993189902486,0.9690978314959726,-0.18274653643935412,-0.5216052408351672,-0.5988073831729444,-0.6005295355638882,-0.555093344736417,-0.4941634034349125,0.8054516849585935,0.7975802659391057,0.5753742964488484,0.4275187653823861,0.31894329580390846,0.2571607344804854,0.34393505045064643,0.8046062643144835,0.805474131015617,0.5882907385626281,0.4499456310665165,0.3778176713213671,0.3490983601023431,0.3733871765517396,0.7801445885251426,0.8349059869332147,0.6445196748602442,0.5082333621773596,0.43903053384559154,0.4132285186925544,0.3806079198515375,0.992914642336673,0.9778138019208473,0.9603694641038725,0.9421647744054389,0.9244031353030832,0.9081972822839284,0.8935014042847811
ResOpsUS_386,1827,0.8821314011454563,0.15010957825143123,0.2485109899415544,0.25226113270087613,0.26160119829040773,0.2821669817543693,0.2897063230182263,0.9173408523034295,-0.4252828562128004,-0.4258135142318673,-0.4350736319385158,-0.34827088314646426,-0.24056025501226674,-0.18451793320000798,0.8905574169000188,-0.9736002078677695,-1.3786414460423417,-1.4945963110207283,-1.417331442511343,-1.3420944856949424,-1.3703177220810328,0.858269333989612,0.4227460850090857,0.5197768792091095,0.0448786130438843,-0.22109719927690685,-0.36264000499839333,-0.5498070326711559,0.8682307942177119,0.5370090977383045,0.540090089750851,-0.03390404066373098,-0.337322831140644,-0.4935253093652765,-0.678105482020136,0.8681923673390922,0.43351536696006454,0.552434107399088,-0.003850083475888111,-0.28130800769407216,-0.40002870836083226,-0.6183420622619309,0.9738277384902092,0.919016348811131,0.8605477992514974,0.8095061892182394,0.7699800954849545,0.7382203501738147,0.709291854806682
ResOpsUS_55,1827,0.9837205782931041,-0.1871340266803081,-0.4458574222934617,-0.40890296867600395,-0.3687083420963162,-0.34477754527633775,-0.3439855971373187,0.9842896037910559,-0.2571726424040086,-0.6025041100940429,-0.6216432244504801,-0.6052564898232038,-0.5958942138449308,-0.5960922929328487,0.976648821926209,-0.281957100919231,-0.5542350303129018,-0.5348241955224677,-0.5214654691426082,-0.5062242031788216,-0.4978760186327549,0.8965698841046967,0.6404312879001592,0.6567622704730094,0.7022289479340389,0.6941064243181623,0.6378749948684638,0.558553670981625,0.9048771151959784,0.7122851617247206,0.7334188165175399,0.7692602364721066,0.7237434000543838,0.6545700887335812,0.5772429421804717,0.896867794112313,0.8203414278590091,0.8295232761410805,0.7948624717907108,0.7309302200559978,0.646621049261471,0.5750891150813564,0.9916567715986648,0.9742722426363145,0.9552454847903886,0.9372172255215284,0.921037724790551,0.906040114715926,0.8914262094073766
ResOpsUS_57,1827,0.9812601323248702,-0.27214466486655997,-0.40473273751563044,-0.46394639551928374,-0.40988668703945796,-0.33808573792357377,-0.2915447120011645,0.9785482684297739,-0.44134077027279295,-0.588578747623586,-0.6078670715131003,-0.5650797421286948,-0.5207901115597031,-0.5024774737866982,0.9833298214755225,-0.3057715436018753,-0.4723268325647072,-0.49275979807970627,-0.4321614967072043,-0.3809483029660623,-0.3490409012647713,0.881119269715272,0.5823717830716373,0.3096902861045736,0.22515968989967272,0.19988221602442968,0.15775262768146958,0.16811992533495557,0.8866367798008401,0.6563865649350666,0.4766297577681806,0.4111335167961613,0.39771745467674413,0.3465964273831629,0.28978995166723587,0.8599688284437192,0.7311677262081477,0.5442107415919624,0.45347069821655595,0.4113404164991358,0.3819229173390444,0.31879056113977167,0.9942945394570699,0.9821209652695054,0.968331908878846,0.9542445325132062,0.939873792820053,0.9251992195336335,0.9098743353133945
ResOpsUS_60,1827,0.9547325145658021,0.25989300901427626,0.12485951416463958,0.12537300182545785,0.11887264549630805,0.10223560455392178,0.08365008107757343,0.954221783581832,0.20636024448575663,0.04695486733426968,0.0419637264725512,0.02926358124229078,0.008914395789023866,-0.008522267398817007,0.9484257941455501,0.14904261465153756,-0.007571788839101146,0.013438759575144288,0.026221999144510844,0.01861457567525371,0.010104220376852435,0.8347945384142255,0.6757565009252064,0.4897211965774,0.4497029205448372,0.4453456008384452,0.5409928134616446,0.5876242316254072,0.8357000885102303,0.7233033812228304,0.6528620639597171,0.6335310253313007,0.5822485156872367,0.5449686665109197,0.6107066536270995,0.8125176038169151,0.7128549355455415,0.6611493372161228,0.6064595722706427,0.5983237038543265,0.608660209683462,0.6397628283180772,0.9813813982252636,0.9428243434879907,0.9002589240879975,0.8547782947701634,0.809141249490577,0.7690215895618663,0.7353478543988152
ResOpsUS_572,1695,-80.27638040633187,-2808.94316626706,-5290.239308379938,-7401.588661579285,-10843.19741133615,-14031.43338651947,-16817.920720829505,-47.11098735256901,-476.59313405928157,-726.4704966219232,-904.9594764934649,-977.165906853661,-1000.2208872147326,-1063.2249281517234,-12.829170876731476,-158.06599136274008,-322.8609969856016,-554.6756158438096,-1039.0847569421794,-1760.075932752286,-2413.933986976892,-38.434197609935126,-47.5904565038611,-50.46685183901589,-34.82716582753403,-46.73016955833602,-63.90854729052323,-64.55246076017617,-69.72610520760826,-167.43182448441405,-230.286435718405,-166.56518098678546,-168.01457590328496,-143.82422564705547,-176.31689239644143,-7.776289369075723,-65.37492762014962,-82.81158721265386,-76.07383440859053,-64.69478725336677,-97.23870573542402,-76.491054659408,0.9186903010863645,0.9098613507992886,0.8869430984709357,0.8759493723417557,0.8665143026315779,0.8551360558908115,0.84393262913508
ResOpsUS_1101,1429,0.8134483785274282,0.14604630563738008,0.1725089421146685,0.16609675823945347,0.1332826920847927,0.08677444732280493,0.06257051415610226,0.8197905611280315,-0.067605519146261,-0.09578553002186574,-0.10705971875755149,-0.138194572432216,-0.16754121660297594,-0.17433701017911418,0.8105704716565403,0.14057780563602262,0.14842244596404364,0.1302765633325781,0.07362266125648664,0.03721302555066319,0.009530399195655237,0.5222434814936807,0.5218377323181894,0.34730826783070357,0.2845424837573902,0.2902684448012961,0.29206294098384267,0.2961823942752301,0.5231689208114606,0.5300318348791833,0.34075780284604396,0.26226632039984965,0.24866851709270643,0.2479730756075127,0.24457265851708676,0.4807828201305768,0.5238352228077365,0.34824004997341784,0.273012620280461,0.26671443648691984,0.2628438099167909,0.25452288005517076,0.9219518631630159,0.8598978013064361,0.7973064075633013,0.7288300445393913,0.6753490282709855,0.6313988239573984,0.5939658708001975
ResOpsUS_939,1096,-0.09010170974554099,-20.044824149401492,-28.440094378106185,-32.26023750999687,-32.10301531261037,-31.554775440596323,-31.6413651472524,-0.2290196055008622,-22.60809393664369,-32.66731730108871,-36.96225418540421,-38.43913122766021,-39.85113391137318,-40.980546068086845,0.43685617472965155,-18.989410006240004,-28.25912601447407,-31.122439214398902,-30.603448656577875,-30.029056419784244,-29.54859281668265,-5.857207918789704,-8.419124436184799,-8.191642249866524,-5.84335183292464,-4.663507473334119,-3.786785758999633,-3.522673155822309,-5.363453610051468,-6.759118196906216,-6.425745684417442,-3.7812710860311745,-3.324391289321298,-3.177799617265978,-2.731522997224685,-4.030112986890827,-4.632656394369578,-5.101171289252886,-4.322222035672169,-3.4907773990504047,-2.7726624759276497,-2.117213182033843,0.8802941295458423,0.8228333172321637,0.770089357328414,0.7173436796662571,0.664596279438357,0.6118471518194363,0.5584524441940683
ResOpsUS_1752,1408,0.9476868796040487,0.8264065590289185,0.7590636958295996,0.7181710942451174,0.6822932444818176,0.6548199836652373,0.6299228287594815,0.9599127520998759,0.8292564078277802,0.7942171334828534,0.7764799796770513,0.7604301230247481,0.7414397720492942,0.7170298013880995,0.9448541857724988,0.8196857653737342,0.723542378908268,0.6775126175462576,0.6548180393429818,0.6386285564592478,0.6194875792136472,0.9268111655757512,0.8442361022826447,0.7805563469785743,0.8344525937830443,0.8441786973527676,0.8106921547266648,0.779781607935643,0.9332805797975988,0.8183356663463409,0.7445409862199177,0.8103942121086882,0.8243001399025632,0.7857965548434435,0.7284960811643029,0.9193056331924632,0.803672016235245,0.7451840262632022,0.8275146732813766,0.8550853247711012,0.8406085000057433,0.8005805162079386,0.9711694123548779,0.9193431825686202,0.8655462393613351,0.8145818839254686,0.771382805421398,0.7340669853447088,0.7030682172364517
ResOpsUS_423,1854,0.970134356747539,0.6374753759377129,0.6122740707730705,0.626476602462081,0.6479576459072309,0.6698070453786693,0.6709113047114212,0.9755241098939514,0.5546215066560551,0.5086352916069949,0.5440291590435935,0.5637263875736009,0.5402332095040323,0.5312141825580583,0.9653731274860143,0.05519746220403532,-0.04052473274669177,0.019518693711866986,0.09134401091200584,0.12565457184118023,0.11633262335433125,0.8394370952827007,0.6808750168482535,0.7373031556043212,0.761221929898259,0.7638958677117709,0.7530982058811737,0.7355622369380479,0.8446493312263219,0.6350585385687102,0.7005651861865358,0.75892643628523,0.7655487009091871,0.7815587074112909,0.7798933511659516,0.8528569067786105,0.6374085836469131,0.7273407254194977,0.780839569915152,0.7962034005005022,0.8073510571375491,0.8142280795953984,0.9969974972506257,0.9900463383623657,0.9811081174161197,0.970941452461781,0.959525054101728,0.9465612055285977,0.9321423541478483
ResOpsUS_355,1587,0.9231372606136496,0.5258825997673133,0.5065730263466115,0.5894207309152468,0.653127809476215,0.7015128610940251,0.7241417393853911,0.9625540987440183,0.6411392653698171,0.5874492536004281,0.6126863279406196,0.6419740728498468,0.6383054613831813,0.6362982913148779,0.957384602476632,0.6094316496967807,0.5732328580409551,0.5970539867771136,0.6238501481156479,0.6493393460626861,0.651283091493119,0.6673557168947291,0.5279402451720262,0.5673548624870556,0.7270851690415727,0.8261643810655915,0.8431026575967414,0.8550456430031447,0.6752342980774281,0.5670870483405972,0.626049102570759,0.7483225421163932,0.7330202121340623,0.7177395816345826,0.7359299706283866,0.666944653130668,0.5488100282487163,0.6422710718170076,0.7892445488746849,0.8082072903798859,0.7966851029150326,0.7949751004847125,0.9978521992224448,0.9940380587743926,0.9886470608080453,0.9821800440334608,0.9746308969574523,0.9662703975648114,0.9571089070928814
ResOpsUS_953,1096,0.5312611310712146,-17.4130850103381,-24.435745161904332,-26.561159688301355,-26.546303126751603,-24.706502910458244,-22.854257090568122,0.5509127751877025,-19.2130317937262,-28.225007013446497,-33.141834179887155,-36.06689238257289,-38.14404705674873,-39.90721682649714,0.5192042799271015,-18.894222301018992,-27.35286068377953,-31.128805655863125,-32.80310394680254,-32.97884890902852,-32.60434066196146,-2.24764042347846,-2.770216547649569,-3.0626519278487576,-3.190159106814547,-3.305508525452133,-2.950156252908976,-2.4843225755717593,-2.0451693332344014,-2.3837976590134384,-2.8178566609622195,-3.234520759552982,-3.3542783726255774,-2.9253093099751335,-2.5544500427242514,-2.193003236471896,-2.222610687680453,-2.4198753445428114,-2.635361807790856,-2.590307815215851,-2.4088972178978736,-2.1292874000879025,0.8564249331203333,0.6431482245306084,0.430021507534171,0.21699953310099962,0.038777961648125636,0.0033217728576824257,0.0024502533983687957
ResOpsUS_449,1854,0.9688884591762548,0.08479429270344108,0.08733327226617515,0.18018315118058847,0.27709656639230584,0.3600457943885661,0.39931267269068504,0.9770981544711513,-0.06479162986706788,-0.1588138544882045,-0.14481093451274307,-0.12613432601693697,-0.12314648002210227,-0.11753720572071069,0.9848306963494221,-0.0672377296323976,-0.06565037686229291,-0.03746930743576726,0.0059541366756344916,0.03753740517677551,0.04773617551847886,0.8335471161289051,0.7079964586223207,0.6880358819042306,0.7240359845854171,0.7837074100961554,0.8146800535432099,0.83942676709814,0.8408460810578517,0.7821626045801792,0.8045279788349271,0.8355987870064582,0.8551052702944693,0.8648052944400347,0.8719494564644181,0.8391638343993908,0.7688391467152158,0.7982630498666005,0.8268491454198671,0.8502102199817073,0.8579707580243373,0.8594681141995012,0.9914533613453083,0.9736284447365885,0.9537196099855861,0.933381502283499,0.9133706174683144,0.8931967893869802,0.87249392610621
ResOpsUS_477,1851,0.9691446624826986,0.8083040764673277,0.7398410452669981,0.6848008106566104,0.6556678994253862,0.6255584690434698,0.6030490293704387,0.971758292191664,0.7967517114677294,0.7543207980702729,0.7516957479142468,0.7410991707101978,0.7318937559355769,0.7137681941368283,0.9704832652176911,0.7368890416773646,0.6775586778411358,0.6536511368448295,0.6322101726001879,0.6112582258247012,0.5903229371227879,0.8312080704534948,0.8091042502961535,0.8639970499301521,0.8803949941949533,0.8792844651432524,0.8751852393443462,0.8713103990570433,0.8244817396732804,0.7943600412071904,0.8842601036745388,0.8935443783592208,0.8988731249300469,0.8960166069820759,0.8894301929232074,0.7965500683765078,0.7993765161306359,0.8743822053897212,0.8816732572848821,0.8821366746986978,0.8787702752578543,0.8726305795378012,0.9903861793913503,0.9740402257597242,0.9596378589270829,0.9472515070608727,0.9345031266753725,0.9198497238319095,0.9047553218070086
ResOpsUS_131,1827,0.8859443986819371,-0.00023273283232772002,-0.12063461230265804,-0.14833733152650885,-0.16108874723867572,-0.1867860427335728,-0.22301554788628963,0.8937286623270027,-0.0916215283338726,-0.23202911950977634,-0.2656545707148765,-0.29094973677835423,-0.3233895418609909,-0.36296077340320254,0.8828688422515492,0.0182789755508026,-0.09560001519205041,-0.12547548115321794,-0.14648302694442616,-0.16361096293947752,-0.1823224856008292,0.521250775687544,0.47386089563237677,0.4902115906552833,0.5114283618128722,0.4926049968662559,0.44665906860815086,0.3897560648286348,0.5214123952021774,0.48949197364025576,0.4859766502679288,0.49717107073966993,0.4705014042472855,0.4170648227145801,0.35997272024350613,0.5147109410148023,0.5030766669224727,0.5126810877112495,0.5054367016344357,0.47040809932216787,0.4288101151220417,0.37024501824362555,0.9536265393352803,0.8945369121171488,0.8467211726843824,0.8038795159898298,0.7669536896994482,0.7349992819280861,0.7100482081796091
ResOpsUS_367,1827,0.9678965437617248,0.2654255985401732,0.14601386107784764,0.1437677642881824,0.1558476467274812,0.16309185678197535,0.16993543369375141,0.9675180765135549,0.24170221372388423,0.15500902863747168,0.15799282608425846,0.16454497285037795,0.1667094196630673,0.17231686832400672,0.9596836005823622,0.23065363534870087,0.10688833904192296,0.09289278630834019,0.0948692252530502,0.10148374248856251,0.10710043745997899,0.7850332654947055,0.7627370012997664,0.7162844823118402,0.7074514613645565,0.6835080644448153,0.6517648044598585,0.6072152717771953,0.7862764042115105,0.7677517145767994,0.7404494915044096,0.7202791777607997,0.6999095397328761,0.6642449229575648,0.6243169736543408,0.7721656497327216,0.7491112274622934,0.7366817309762492,0.7313406106625873,0.7140825053217474,0.6819646023551057,0.6455884644687129,0.9932157380855816,0.9804665683572635,0.9656973549403772,0.9495519431577899,0.9324882592419291,0.914724391211268,0.8962717610350758
ResOpsUS_895,1498,0.7396597783223937,0.8117311120508441,0.8898164307895372,0.8794262746206379,0.8888059560776633,0.8922755369662698,0.9044039435934957,0.9957037516493046,0.9500060783800143,0.9369949382264606,0.9448119167790902,0.9463818163413642,0.9466251235605764,0.9470375004253342,0.9896654472893246,0.9407481329906406,0.9583767280025929,0.9489155985982216,0.9531800221024529,0.946098718881269,0.9336147600815783,0.735560190893058,0.7033621485717065,0.6365257203165187,0.6753014730935135,0.6996743525835429,0.7058400232979936,0.7113036598926248,0.9896721392061136,0.9312854372650925,0.8497859217647533,0.9153944464218062,0.9449772614788311,0.9509951526164179,0.9578092113694501,0.9736339301915331,0.9018765463603191,0.8433884641823397,0.8921699661130438,0.8999074090323067,0.9054415212994289,0.9063481280148734,0.9954357407867571,0.9864527685306029,0.9778021371897431,0.9702973136350449,0.9637985546692822,0.9582338858885261,0.9530692379140987
ResOpsUS_753,1498,0.7869532638202081,0.6316117069281058,0.6813386089640048,0.668719996152062,0.6602088194435356,0.6412889964634658,0.6239912813010278,0.7913376440033941,0.6367555363621666,0.6826195109817705,0.6829581220319654,0.6799411487836748,0.6729509397834259,0.6559910389585627,0.8440043239100288,0.6610449875988769,0.6967761171595894,0.6517971539355729,0.6311173825048523,0.6045357424311814,0.5774351104170848,0.45637180375654873,0.4933491030143644,0.6098968689162492,0.6010545968342343,0.5871903831051308,0.557835812202376,0.53316246404266,0.44470671185647204,0.4848463132561702,0.5827910036428192,0.5676761630136353,0.5458419832601806,0.5248968989154523,0.5031988312951685,0.40999782080291547,0.4607206811568192,0.5983238932642128,0.58834037937159,0.5574800703962252,0.5409226940042114,0.5259912473149755,0.9978989945897666,0.9948161128109839,0.9905218038996525,0.9855732722829446,0.9798509070075334,0.97338229638302,0.9662682458324462
ResOpsUS_307,1465,0.8704673655352366,0.3627757327191199,0.3294399297478442,0.3262757895958731,0.32977549455021826,0.2806441986978747,0.21624066704160172,0.8788336474814686,0.29646455853373677,0.28764442159061177,0.3053957310546056,0.30675860775731967,0.27781700209350413,0.25341029458689757,0.871219692755913,0.428903549425821,0.4870731753332611,0.5252410500651674,0.5288126676606625,0.5309181732853423,0.556188916262176,0.5119797380067913,0.5627171687385915,0.6338363179391135,0.5791405222146956,0.36398600445975193,0.06638189835358732,-0.24508423753146924,0.4817397389626774,0.48349478692865444,0.5822010971229401,0.5361555262280048,0.27958447462118685,0.02100545553985156,-0.1790113576881145,0.46688478905237163,0.49512644254900484,0.5987674478755582,0.5512248479744586,0.375356860759789,0.1662066153554801,0.057767012799333606,0.9926739692104801,0.9873119388298989,0.982703775427498,0.9775994562206362,0.973077958162717,0.9681225914488583,0.9633535029600359
ResOpsUS_870,1498,0.851842564854751,0.5327321982631887,0.4874982404615543,0.4455857325523045,0.438991230235261,0.42592134918136093,0.41130748935630457,0.8444641883825859,0.5478615862743963,0.5363656439346229,0.5268419970031575,0.5282362616155853,0.5269932297428437,0.5308930095712939,0.84275412224516,0.5469651519232022,0.5033588524750672,0.4651848562586979,0.45901676048339035,0.44154521843158545,0.43521660820488095,0.7157884425705399,0.6885224406219319,0.6890340382234098,0.6981740010626558,0.7007519488735676,0.6990036594960827,0.7049464637649508,0.7313484028878809,0.7187365674357283,0.6952546065161516,0.6810075215375477,0.6857066988712195,0.6903050490930689,0.6943618688797031,0.6999305409409866,0.6943515366296205,0.6959946695593497,0.6970986425256698,0.7125030027632151,0.720545398450527,0.7232149057466245,0.98599781841449,0.9772352248472159,0.9698930105015893,0.9634109924644879,0.9559127896597478,0.9500639005441023,0.946360181487293
ResOpsUS_541,1854,0.711407961551391,0.2913327396683165,0.1541677478257819,0.11056885205999722,0.08356425566334602,0.0525464713995305,0.0558657088148059,0.7138885607083605,0.197622589510822,0.029688695460184378,-0.03429290618206249,-0.07698810646580401,-0.1154974251306311,-0.14519346333255845,0.7542710838178902,0.2593122971778735,0.11555466992076746,0.08629673577128905,0.0679704181028451,0.05442670210155842,0.03663716583778476,0.2550042620046227,0.12275796137585138,0.234129647947242,0.30677186443380744,0.3693525833327388,0.3639935533059675,0.34748322812240173,0.24602265587302918,0.13780450715443449,0.2667502131342222,0.31738937024425895,0.35863311114350793,0.3578815168372521,0.3491874538228936,0.23897707352058328,0.19211886181348903,0.27805891998197774,0.30987119131552265,0.36161502320323013,0.3646433161539635,0.3598603407219422,0.9693185483529242,0.9396801088372777,0.8983654747877661,0.8565565317072132,0.8118748722413175,0.7631215581661643,0.7138678092210055
ResOpsUS_398,1587,0.8671997370810745,0.7384860827039315,0.5964829635540794,0.5380367434170643,0.5597265634881612,0.5566517828865765,0.5638643635627748,0.8884996191535367,0.7106998473197661,0.5424110479894486,0.4944596317239469,0.4872791752188894,0.48148578711421586,0.4721626911703991,0.8665301151255326,0.6934569986231367,0.5687844835177119,0.5598560487410663,0.5427123063678592,0.5515656823898542,0.5455647667881249,0.5909121560857173,0.5656367905611628,0.718620974982789,0.7342982452956424,0.7313226854546708,0.7374444621618044,0.7250422253107128,0.5837136961596496,0.5711489571355585,0.7363853663074453,0.7410906308131686,0.7287797764482356,0.712787591012743,0.7021859318715116,0.5739326076242881,0.5537564716127648,0.7380679658462557,0.7615452540719747,0.7559689500196879,0.7619223965030009,0.7572623785357957,0.9704626863902347,0.9178522024651613,0.872315785344328,0.834879242977139,0.7958461991800808,0.750864406044091,0.7124196508037217
ResOpsUS_456,1854,0.9700473019207109,-0.06319033596931267,-0.22974158498781594,-0.18708330233197423,-0.10642973169878278,-0.05983172012145599,-0.04564857688921675,0.9694197221036205,-0.26798724429599674,-0.4701999709002598,-0.43168026573311935,-0.3804598886409829,-0.36328396415829545,-0.3455933396558144,0.9552522612571849,-0.3799962076106369,-0.566697546459737,-0.45500240817511206,-0.3222353549575332,-0.2786571742911157,-0.23413854267808887,0.7047605155983516,0.5043589518488325,0.3258903903188024,0.2762454589550095,0.288238634108406,0.30879475365782494,0.4051217569497698,0.7104535088279038,0.6593908090783168,0.5646089745729017,0.4685038534576571,0.45932777167539995,0.4467005608617718,0.4545746068618932,0.6802333253801072,0.6018500151131112,0.5211562494663543,0.4534333152214167,0.4653662766587652,0.4779242950526803,0.4807328978428741,0.9787220662292375,0.9356160684218049,0.8915380951378231,0.8515208968228758,0.813211131568182,0.775351132008951,0.7396874870117094
ResOpsUS_929,706,0.8216932540809015,0.8559717397278168,0.839985966338896,0.8175303235274026,0.8197515023112191,0.8212730234626101,0.8145136512107475,0.6836403373942341,0.6157053874703815,0.594503638401724,0.5879655438843421,0.5697676718052547,0.5645954603232941,0.593896592686958,0.8398029542759684,0.8547671895595419,0.8447389707758477,0.8249488908719008,0.8035328733441335,0.7930683625970555,0.7809060368785224,0.7421017833478609,0.7204323940003639,0.7801582804695465,0.7456914377575314,0.7533698426666148,0.7416049926327406,0.7288547179039602,0.2664865819035558,0.30603405001538,0.4717666926226409,0.44018313292538513,0.44099614327596526,0.4369842134811355,0.45344888694842433,0.5347079441260489,0.6779215458940777,0.7447569407462138,0.7430514444211771,0.73628607683797,0.7369891595403877,0.7367075303706646,0.8755533938040786,0.8022235464401585,0.7504310949989106,0.7229268186347333,0.6948754557687805,0.6543589213695291,0.6303230812205307
ResOpsUS_884,1237,0.8526123802799959,0.7797606998727828,0.7961908939563372,0.7944311728835644,0.7931226239176243,0.7888128951716549,0.7909718383879472,0.8652702304153796,0.7809453050699242,0.8082355141003356,0.7719991333180556,0.7672247322482475,0.7834013692596623,0.8065158134077044,0.8438270362809729,0.7754779284255406,0.7673434194196146,0.7170054076264862,0.7014669755134099,0.7305196133143481,0.742074807405276,0.8361943488432348,0.7651701617204513,0.8778975637305547,0.8644920311893919,0.8100238431239415,0.8072781800585048,0.8181224302318145,0.8514894009586745,0.7658074296855111,0.8129115460577642,0.8715369954681229,0.8241235669584245,0.8052806452762444,0.811866389713267,0.8326539159150026,0.8121145274485362,0.8878645920936216,0.8773144897525297,0.8185086337627469,0.813888023210713,0.8535664861976217,0.8725627176626849,0.7488503877932516,0.7323231194272238,0.7295704336140556,0.7359850071935314,0.8358269975987336,0.929986291086051
ResOpsUS_399,1096,0.8256604331932419,0.48374017778045986,0.28489230969859447,0.23808802409663754,0.2231689654749056,0.2372028737146782,0.2660067648331108,0.8293323547181903,0.4488840083662986,0.22118065119510966,0.1463792197851782,0.10211027597557887,0.10703083854516582,0.14089196909933566,0.826228575109911,0.430513654048888,0.1908315244006873,0.14323746207163424,0.13922399064185276,0.16308480525034097,0.18819972805376628,0.785459179809315,0.5820299826559582,0.5001463070030111,0.6577790144000895,0.75732735914223,0.7818756921352537,0.7929402696026316,0.7836347493279188,0.6116540601827072,0.5959098094198858,0.7303983064935979,0.7806658195868348,0.7916316039009206,0.8060224251879881,0.771991517006684,0.6102573186535901,0.5726751562510093,0.6840154715619748,0.7377518396706368,0.757911574123154,0.7703365443282806,0.9951149702276947,0.9882954591075496,0.9805766616128699,0.9721737220457273,0.9631046353811357,0.9534384765945383,0.9435831360956483
ResOpsUS_542,1854,0.8664576422540589,0.857580366749026,0.852991459051782,0.806408630086893,0.7800896636844068,0.7614551518458557,0.7466078457630596,0.9082317173344794,0.8958376199358897,0.8952430088067447,0.8620809644021763,0.8321019886250224,0.8101060467420365,0.7979714911618974,0.8822866571848387,0.8646115604436874,0.860921133203116,0.7958822430199988,0.7626892880250805,0.7359680576245818,0.7065524402586829,0.8512905172791128,0.8388403098913226,0.8735654533542299,0.882122328803973,0.8773020368083739,0.871164632791918,0.8676171752636666,0.9084858740598565,0.879590092217833,0.9219628565999662,0.9354778029912433,0.9260793251836018,0.917080426128299,0.9089445943068168,0.8789763243138617,0.8452209665217056,0.8947691104319491,0.9130792268811152,0.914224699712577,0.9111925498664283,0.901645470450609,0.9830882649849381,0.9597459304378249,0.9256348530527952,0.8839263218279877,0.8372805958729244,0.7877367796761352,0.73708584516047
ResOpsUS_488,1854,0.9611611931317036,0.12543187557176516,0.012983980886093205,-0.02766294294568672,-0.05793213960919785,-0.08676331948158222,-0.10688296711027734,0.9642680736718993,-0.03387678619497758,-0.152183655366396,-0.1919109034680977,-0.21358512638262472,-0.23924764726883563,-0.25427267819843813,0.9575754305615543,-0.17860673351749412,-0.31857241000620484,-0.3537642153109899,-0.36599805460605195,-0.3892516016131018,-0.4080915374812173,0.712698777147458,0.6602250285125624,0.6720632127565184,0.6975150768496867,0.6426187271311568,0.6269630318914554,0.5943510349693915,0.7027459355021374,0.6575885963772496,0.6833342237850678,0.6988463189298229,0.6519217703534312,0.6368323689131807,0.6078627695557097,0.6701497973333347,0.6623849187966602,0.6993656042383132,0.71903142312094,0.7003644333452717,0.6691430726489,0.6606861381465916,0.9912617612941104,0.9744275015352215,0.956028265082538,0.9358083700163127,0.9156842895324528,0.8968930221396176,0.8788418693152897
ResOpsUS_1121,1461,0.8357974005160244,0.5114332745403802,0.34441055910530727,0.2723796426063314,0.2007830571425706,0.1265475500195128,0.03806313829509633,0.8492015036035294,0.5127727084576312,0.36065983849820027,0.36126989059266323,0.33420927772904707,0.3059780162571175,0.2938106677349833,0.8407317868250102,0.6410007473415638,0.5328348322599419,0.4987884007083745,0.4613747048485063,0.43043926446221814,0.4115008382095373,0.7405421868206963,0.5558528566401908,0.4951270092999359,0.3417337033799548,0.16216787958496048,0.12876146393899013,0.2374303559786577,0.7462040599528434,0.5480267887628935,0.5941647646914214,0.33433752277653594,0.13865910614861732,0.10677458271884221,0.17867001624446865,0.7378913154585139,0.6423617418494791,0.6087890164284708,0.38105660841434663,0.23718053744665601,0.20945269445119685,0.25142760079402027,0.8691189708624842,0.751764965316107,0.6713180102317593,0.622189001696246,0.5744614258742698,0.5183145668771876,0.4489431775716124
ResOpsUS_1125,1461,0.8357974005160244,0.5114332745403802,0.34441055910530727,0.2723796426063314,0.2007830571425706,0.1265475500195128,0.03806313829509633,0.8492015036035294,0.5127727084576312,0.36065983849820027,0.36126989059266323,0.33420927772904707,0.3059780162571175,0.2938106677349833,0.8407317868250102,0.6410007473415638,0.5328348322599419,0.4987884007083745,0.4613747048485063,0.43043926446221814,0.4115008382095373,0.7405421868206963,0.5558528566401908,0.4951270092999359,0.3417337033799548,0.16216787958496048,0.12876146393899013,0.2374303559786577,0.7462040599528434,0.5480267887628935,0.5941647646914214,0.33433752277653594,0.13865910614861732,0.10677458271884221,0.17867001624446865,0.7378913154585139,0.6423617418494791,0.6087890164284708,0.38105660841434663,0.23718053744665601,0.20945269445119685,0.25142760079402027,0.8691189708624842,0.751764965316107,0.6713180102317593,0.622189001696246,0.5744614258742698,0.5183145668771876,0.4489431775716124
ResOpsUS_1207,344,0.8779508671700965,0.9422551076525264,0.9274971997646558,0.9219921337791717,0.9239317356211929,0.9362739106387433,0.9246149338101131,0.9224344370720406,0.9149684266115506,0.8969487663937726,0.8762969692743887,0.8962688456334529,0.8890268809297321,0.8713920036421015,0.9158414361403849,0.9482108034057841,0.9415210484910034,0.9262900209097719,0.9345703085008036,0.9190659584798802,0.9273620701588823,0.8961571235069764,0.8893711633784551,0.8906486025558362,0.888936370600508,0.8972319613386258,0.90028559663626,0.9054557260552484,0.9010625435545561,0.8980481590092594,0.8986800327328784,0.8950499080939591,0.8997796522482673,0.9053182294100106,0.9111389449384784,0.928332799553544,0.9290460313336687,0.9206184885211346,0.9080153146722665,0.9137066674323356,0.9170892647555096,0.9161503694265402,0.9294799788314267,0.8392802535143271,0.73412608060928,0.6218866644374409,0.5194111400923824,0.4201469126343784,0.3429585362896729
ResOpsUS_1754,1377,0.5384304496550806,0.34080640124640205,0.07208170426134664,-0.025600253485836166,-0.08951582078430631,-0.08386192711348128,-0.05341283690416532,0.546162534004137,0.32903810630154573,-0.03069622575888431,-0.20052070752073203,-0.27609748126221456,-0.3150324985939472,-0.31848934422908926,0.5457767546471941,0.4141644641582781,0.21543909120341265,0.14732290110707413,0.12332577679979495,0.11024215196812004,0.1154752634856353,0.4870496080998362,0.5644068647986272,0.5246451088286618,0.44980184654770694,0.4473501315394929,0.4314684424512215,0.4224464973612949,0.43501463605616064,0.529784012252239,0.5242688486275868,0.4859130789137903,0.47725321034646406,0.4725459616585157,0.45906732044409815,0.4550140764823606,0.5315316682478645,0.5450011678431446,0.4945331879197239,0.4727459157816294,0.456242728748006,0.4348056124638814,0.6607868407143658,0.5043568623778434,0.3903093064024409,0.36939749152415624,0.34094745692992456,0.31657018791464975,0.303193168548327
ResOpsUS_473,1852,0.9643843105182573,0.4472604374921464,0.31741725940726384,0.3149343842138115,0.3524029991204659,0.392037902386449,0.41379471706259696,0.9670589920654455,0.325455110456656,0.11644763055539087,0.11559175528754595,0.12008389307532985,0.13327928875488015,0.1460161804793053,0.9476465570923794,0.3832314142757759,0.255046005332468,0.16068461968712655,0.14897203744917387,0.1442933487503436,0.1315720405071611,0.7915636563717687,0.8147302649729586,0.8048742157094851,0.7411324944897044,0.7022310868615267,0.6677113830992724,0.5868951183250041,0.7876282905333565,0.7982091378121002,0.787008220881506,0.7375722897791666,0.7184707439090723,0.6825842110554747,0.627451078418916,0.7719430665403844,0.7688349842911837,0.7532672748685607,0.7040039846945245,0.6747744708384043,0.6335708432302856,0.5677101581037316,0.9824768675931854,0.9706325411300719,0.958254147937347,0.9452793454504393,0.9323851339759419,0.9196890005908767,0.9071049813030433
ResOpsUS_390,1827,0.9333051404861286,-0.046494705820482984,-0.5920768557394271,-0.974290869787307,-1.0138656592037751,-1.037865428550604,-0.9868507307765482,0.9361446247440441,-0.1736514879896065,-0.4913030227633375,-0.889256782274757,-1.0126007116065936,-1.0867194096454709,-1.1472135876367857,0.9464215412553099,-0.011994722026296145,-0.45527785494835005,-0.9423736634413351,-1.0644242996904851,-1.1042320800657164,-1.1081190725908012,0.6807326019029019,0.6240767742681194,0.5159372953598078,0.5670434249239127,0.5911646077380389,0.5664419489808266,0.5653190384923255,0.6635255947111045,0.6347713161730109,0.57219385522245,0.5711272517748884,0.5843370165729288,0.5524742243490166,0.5389261965097916,0.645318912146717,0.6603658823756726,0.6360794814774187,0.6806025878819193,0.6756976891219129,0.6396199768786694,0.6169121362797532,0.9783016471642468,0.9380027117780136,0.9007614269146763,0.8687982687188907,0.8408851007072473,0.8129042234546143,0.7822074091851542
ResOpsUS_511,1370,0.9852867978880927,0.8175284069240054,0.6945953766128465,0.5879916835619022,0.4273226153935047,0.3213773095916179,0.24433073565360375,0.9856335013308937,0.7330289470527067,0.5706085580646076,0.49641214715763327,0.23099508372674693,-0.060396714976209465,-0.20358712126350942,0.9900904385263409,0.8078229176959656,0.6437435200235457,0.5424863939933393,0.4183003402804092,0.27627087259038796,0.14406617993178816,0.9711914769755432,0.874320914908493,0.6487792943013857,0.6939938740551742,0.7736474982831696,0.8108431155775853,0.7918041070804812,0.976578330389839,0.8631975522035841,0.7323595672027606,0.5578867541457155,0.5055494269730245,0.672189979654978,0.7757185546488116,0.9730911649126557,0.8517178839283102,0.7270449038125564,0.7411328626339382,0.7193685094541983,0.7223325680899584,0.6701227428066965,0.9854058129654314,0.959862781645148,0.9374119827671737,0.9180825407039388,0.8999086363836204,0.8834961564967954,0.8701772085727573
ResOpsUS_502,1854,0.9747685916583111,0.3589876173548051,0.1253182227189954,0.11894486863780962,0.11283964096736054,0.11038417581309767,0.12010409088039564,0.980360656837182,0.30251604351080263,0.021485805012466552,0.0009495427919418153,-0.017123052020839413,-0.02038720035924424,-0.03595433406217019,0.9780388429428779,0.2735368068798475,0.006575632203970727,0.015045268670051182,0.001984298222211023,-0.003401244181858054,0.002034519457820183,0.8582271141517741,0.8268524098448713,0.6806510364082816,0.5770811031454204,0.566670279597687,0.5415037890130301,0.5256285558369465,0.8599686495436004,0.8614069525906459,0.695996535680597,0.5441956802969696,0.5209095213307556,0.49081326095866795,0.47689734449956955,0.8506583181337951,0.8519921827204425,0.7276183545119006,0.6086588855344924,0.5954955830312616,0.5707144593661586,0.5579828350342662,0.9877542869974639,0.9621602697794244,0.9338171787031637,0.9060817570700467,0.879757886732949,0.8551335558886821,0.8332788851988527
ResOpsUS_505,1556,0.8670069042087476,0.4462884919324779,0.3259286501756623,0.2935696703801697,0.09733984098391801,0.02365931037582003,0.07579611190120561,0.8607623882521955,0.5838774559712516,0.5810390041760601,0.5991825193002015,0.6282350242005841,0.6180091666614941,0.5722573743106678,0.8752694787534464,0.5833482094525235,0.5464208837944704,0.5782678325667239,0.6182744421331365,0.6321954334116358,0.6259646813134618,0.7813352049394575,0.657900583514224,0.5471305662275172,0.5464052759399727,0.5197216104642721,0.49568454530871364,0.49430658187759224,0.7887588742918447,0.721628765113416,0.6600139740707898,0.7065029472152751,0.6916483278045273,0.6786411926693254,0.688621819366245,0.8007405717564559,0.7701807403619017,0.7444858985780899,0.7568487684379416,0.7362618022872751,0.7251607270406656,0.7249377354759627,0.9591001964640525,0.9382147061811732,0.9237256953634976,0.9097054037750939,0.8986072465650145,0.8890950553595734,0.8742677867948292
ResOpsUS_509,1640,0.9255007890360897,0.7460676414737797,0.6471071809468312,0.5893784466774259,0.5859547541255761,0.567410118316253,0.5337380556514641,0.9273509209183813,0.6523954659118987,0.6072834731367521,0.5932929254196744,0.5994873661841673,0.6099265511140649,0.6096717487127856,0.9267498938312589,0.65216066510276,0.6114717019923925,0.6377927352530093,0.651037017272936,0.6595311400522351,0.6458212062643092,0.8712768246522062,0.8395767487847587,0.6296122287216164,0.5057323783787222,0.46697578737815704,0.45576177828590037,0.4505796702791569,0.8683859584645577,0.8380833627346695,0.6291740634936605,0.5189487690719238,0.482320250652961,0.4704870204847932,0.45730621203045396,0.8712133959280173,0.8266835970170048,0.645954623890903,0.5179268407904889,0.4726856605285773,0.4478190897153147,0.435016830337004,0.9920032391591254,0.975721744500448,0.9565771468043035,0.9361846057866857,0.9144850267282707,0.8918228270909258,0.8692811353137764
ResOpsUS_297,1767,0.9039874568358919,-0.15689464733302771,0.2334367845956412,0.10485550380929065,0.22054983025634212,0.144129582322032,0.1743371590370869,0.9109023224300474,-0.2194974265029006,0.13325888759089566,0.0517044767684105,0.11267447025758714,0.08596130579253469,0.09680543063649427,0.9112108317275599,-0.13817205634590413,0.11386162556123358,0.08092131429486127,0.13619392091109905,0.10576337111525402,0.11938492710199455,0.2926934003816556,0.18678739229875718,0.19314856546944448,0.15700287767782495,0.10555891439232634,0.06107109456069948,0.02539817130778832,0.3001497390945046,0.2058361211759302,0.3075588487678049,0.38070082281830075,0.38025199521099906,0.3678939544245602,0.3497481914235584,0.32391409564513374,0.31206549924911864,0.31795473041082156,0.29910865837185796,0.26983191884722946,0.23622927467716526,0.20066823399921419,0.967274203616176,0.9178649610528087,0.8768874363885801,0.8451064516272498,0.823984503540708,0.8133014830318672,0.7960227026203949
ResOpsUS_1122,1463,0.9467314053393373,0.6455750193641242,0.1066677668857986,-0.10728807405454277,-0.2528860733817153,-0.3456717514174503,-0.39789271497593437,0.9501868836575118,0.650758510976474,0.1719756493519764,-0.03907352584868007,-0.12934854074191748,-0.1943277186436465,-0.23522460717873694,0.9428997311214221,0.6427889143769459,-0.04233209819512984,-0.1821181490587711,-0.2017270786157208,-0.20566455705628428,-0.20702426382059413,0.8997501138629977,0.6091299248235186,0.7306660018208198,0.5737579962766799,0.512106914244733,0.4458764361342976,0.5097614137961627,0.9047779467153441,0.7369701976883916,0.728336483570132,0.5642865333254015,0.47656431034053637,0.5053407981108327,0.5626012484781843,0.8989217894712954,0.5887602209415511,0.7495905514606702,0.5925553074247375,0.4810270294701777,0.48856855687809586,0.5639217234353404,0.9406216969331578,0.8355995230751252,0.7499863428093234,0.6848204734279906,0.6307488262964097,0.5886325879519971,0.5530020274135418
ResOpsUS_957,1336,0.6365987659639425,0.3423412552738274,0.15336827557003174,0.09227145830150052,0.10520144550845212,0.12260860935502804,-0.009886873294646659,0.6222959432381887,0.06629876724882566,-0.26998756958846015,-0.5269581725471513,-0.7193468618268877,-0.6722437172089464,-0.4923512760561588,0.599435258354345,0.19579801090168902,0.025209460417891405,-0.06431999236599317,-0.10322860288572677,-0.0782854869885119,-0.03188166161128314,0.4873496801330033,0.2506038229630956,0.088470704542152,-0.21311269339387584,-1.1863428498514295,-1.7388875422160242,-2.1107094624025953,0.43650666454371734,0.21982824578973703,0.07993206011662057,-0.14248227372859845,-1.1329295690709915,-1.9704254857279881,-2.3351305563761855,0.4659866699675055,0.42040288867810804,0.37621394064061453,0.24764030279165206,-0.7764439234532623,-1.2385614409165826,-1.4863328114260606,0.9076511365358637,0.8200261849537256,0.7321908479884809,0.6441827473368297,0.5576959115609935,0.4873317901669556,0.44556458814181066
ResOpsUS_517,1788,0.9329382573219888,-0.19073737918250022,-0.2684307428472461,-0.1581813439994224,-0.08368529198594277,-0.04949007404223971,-0.03596967123422434,0.9393975916110253,-0.3665092128498446,-0.40295417189333804,-0.26602294085122646,-0.16639001744784787,-0.10289849902067161,-0.058356515426658095,0.914618595651871,-0.37797229089243123,-0.3961805890220129,-0.2849149689719366,-0.2355797460230984,-0.21995779420047978,-0.2122955137465996,0.6187713707665545,0.5898224911463865,0.4656428104165028,0.27793737257064544,0.267478522598103,0.2929196736604598,0.3016807077688446,0.6299874114840589,0.6208492827183261,0.6171210200737434,0.3976174451735486,0.3412686975083419,0.3288957220681106,0.3300660126472309,0.6309401145113123,0.654371615732388,0.6427324878860703,0.4149861833283346,0.3618706078494731,0.35687494051350843,0.36846417323831304,0.985025976054304,0.9508459521506275,0.9088957978151598,0.867762755033009,0.8316322802141551,0.8021812535271781,0.7802169997902859
ResOpsUS_378,1827,0.9573789672693181,-0.412482326875242,-1.1337250943429136,-1.3657260124589934,-1.557616606582176,-1.7358083874801125,-1.8993383040523972,0.9505617520625197,-0.4437000482762632,-1.304508062311954,-1.6499778750898653,-1.8598863532818513,-2.0776272794522286,-2.4517939553968167,0.9616636396121346,-0.3194393257338597,-0.7676409229933305,-0.8821018192490115,-0.8858251261318186,-0.9077348914011845,-1.009877894635264,0.6491594279179336,0.7049185270784115,0.4278028502729053,0.3137913504526443,0.3698529191200328,0.43388994180290974,0.4898705198135306,0.6525792579106223,0.7435395161856104,0.5203453270546399,0.4510523971157976,0.46054067527175324,0.4690868067112375,0.4916745511441425,0.6227106679226324,0.7517593521274213,0.5491909322464928,0.4662912267854088,0.474984525914686,0.4941126415424252,0.5300797192059072,0.976707674823362,0.9329050108492106,0.8874655674448618,0.8436272312138499,0.7998480736666679,0.7555390981678234,0.7108340913287792
ResOpsUS_1086,1063,0.7495713789689401,-1.3527085826348366,-3.996367387144846,-4.767249603936271,-4.565737288195108,-4.227650632337707,-4.513617365476997,0.7688380327745347,-1.2466383089984099,-4.086314929110446,-4.2368502887786805,-4.002015328601804,-3.955409051920049,-4.465587533624137,0.8073393735653718,0.08881685877514955,-1.4081416246438812,-1.9680732640918,-1.7098114547154433,-1.3546192251447122,-1.129756503895746,-0.7002016062726375,-2.9741310708587023,-4.843174252411468,-6.030343687973098,-5.8253491353480795,-5.57183313939888,-4.067296284024083,-0.545814142024954,-2.3282803632145446,-3.756737616211333,-4.074529325679504,-3.5680661114354733,-2.665590765825352,-2.234724303513419,-0.13383749064156159,-1.5717436920982486,-3.265463858764771,-4.399178868752299,-4.506007128652389,-3.444383128420445,-2.332408698928023,0.9363365822358268,0.8169138320937501,0.7036139508238588,0.6044608109934704,0.5154685631094786,0.4302780132469476,0.34602596255037366
ResOpsUS_1796,1643,0.8143462114752165,0.4900214603370303,0.45051682026234563,0.20478151394558708,0.17967529517143277,0.14316252043273248,0.06507986412268107,0.7800670730781292,0.39444158716606315,0.3512537386562169,-0.06472112816809639,-0.14922019925280772,-0.11167754120843498,-0.06806045671070748,0.8565141364548972,0.5647789788558597,0.39583827192958976,0.2131287709212235,0.19603251221873275,0.20910581537248596,0.22692206154771954,0.6301898076442356,0.44212048686454,0.3323873273386454,0.22764480923259645,0.12330833613732317,0.1270348170749388,0.12184221403000128,0.5691617091921869,0.3543608480517768,0.3030702987072237,0.199377906710425,0.09249797505238178,0.11345529256488329,0.08874213035107903,0.6196211535274767,0.29837967051254466,0.28285976824321635,0.18645147814533602,-0.03434343194198086,-0.04692648090322615,-0.006400504674352492,0.9500377362024,0.8601661345453119,0.7676160274736363,0.6832633704884157,0.6101757037507876,0.5484121873910011,0.49383486580309033
ResOpsUS_204,1096,0.8099696509770993,0.6810802052373861,0.5368469452782982,0.513129348944277,0.5025667980784481,0.4994165616699283,0.5021269682697347,0.8189106457853806,0.6897476201642532,0.562747741951983,0.5217593165412109,0.510258344297887,0.49544556645721294,0.48093140161976755,0.8090290832388567,0.7787909249074583,0.6857995650486243,0.6359346988353074,0.5992618109520867,0.5821206882181716,0.5742153647887527,0.7816484814169191,0.7131849405626192,0.7875334693915982,0.8085884673960776,0.8142629507538857,0.8168700007181227,0.8151509250484367,0.7700611023970594,0.7113758690789269,0.7671113464861966,0.7831512231782888,0.7861748026421463,0.7929103255479321,0.7954508575031287,0.7899529444186264,0.7329086782032042,0.802972043773249,0.8176340725292455,0.8275695986625851,0.8288542786967437,0.8278790775222872,0.9776639408618418,0.9517805931345522,0.9239065009834957,0.9047243315585942,0.8886629888315465,0.8763932116456452,0.8602467908472424
ResOpsUS_506,1854,0.91265041567063,-0.2122707177348795,-0.6188957441543574,-0.8568913168709851,-0.9473240554915221,-0.9330441390041064,-0.9515715692528506,0.9228770006681855,-0.41694484784627406,-0.9845490318759582,-1.266267883371679,-1.3316897559575622,-1.3412954687808085,-1.360280388746685,0.9148314548230917,-0.5367137860483935,-0.9874140138181895,-1.2496866006127032,-1.2865380915114493,-1.2632195765402008,-1.2406267965445732,0.6215480383058923,0.5246832719866574,0.22915360943726093,-0.07476687690524941,-0.1669777986712655,-0.1822201364630025,-0.19855475389461263,0.6333725979778422,0.5527619348934344,0.2251306264978311,-0.14687109981577007,-0.22304497724443295,-0.21691166320802546,-0.27356222632228033,0.6666357614922267,0.6090043705297986,0.2513706334014215,-0.15441122964710075,-0.19324203230020953,-0.17476436139651264,-0.20818241842648733,0.9891533644989079,0.9715346470844378,0.9531034622780725,0.9346069155147188,0.9172393523588308,0.9006080250762737,0.8846832302859411
ResOpsUS_1755,1482,0.8928091528797898,0.581420681315614,0.3801811696189058,0.2205566372737956,0.06273977867012381,-0.03022779521440544,-0.1059954137866348,0.8976612002558769,0.5191910906226851,0.2975327668378551,0.15720207781738882,0.034197041726243826,-0.05483804297899164,-0.15410177474127185,0.8907093627796446,0.5271283365449888,0.34486400094842895,0.25121927301251956,0.17813237498481393,0.12822442216848473,0.09286565177225214,0.7824662977235457,0.6895705606511437,0.6448967638915399,0.5636992083840506,0.4719325056314687,0.38955433018195174,0.3731751197314084,0.7789218400363531,0.7338196545276456,0.6879680023007729,0.5941878187417671,0.5128582884836614,0.43684512648910656,0.41592951025008384,0.7763266099440268,0.739773884115809,0.6864579129872665,0.6089177902024638,0.5192216501213704,0.43874337713338374,0.4368184170095354,0.9294777653542019,0.8192255818142937,0.7200218884468552,0.6429374839910788,0.5836271087114633,0.5347221766903825,0.4905299841469578
ResOpsUS_567,1718,0.8452855156746741,0.4861255891745666,0.6173373031510838,0.6250798648665765,0.5906372859519669,0.548915210800107,0.5196836990804781,0.8577902850582957,0.37149305347945405,0.3947922173723568,0.39552973547910575,0.37681283741318583,0.3856499601779345,0.3853153331833512,0.8570393461560405,0.19976478096693184,0.269181748070511,0.32954294836360054,0.3768612087823653,0.36205057684124,0.3726255247807523,0.6683654342745233,0.4803701496771303,0.7264211894603166,0.5865944290569772,0.5222117122263493,0.3787462968975247,0.30304126803878395,0.6487148645495073,0.45323147144505505,0.7251494121900198,0.5243711990088263,0.43390109141998356,0.32355600924742745,0.20463325509303387,0.6494044758358306,0.48779191438829683,0.7226417907848621,0.4957165996366574,0.44115729912585955,0.3159863261462652,0.20143272455071415,0.978566333596986,0.9309903935343719,0.8758078658266892,0.8214615894117092,0.7734628249849664,0.7325269888510573,0.697951800660122
ResOpsUS_1782,1643,0.9431109597665038,0.10235458297990507,-0.42077211485096155,-0.6466355186423671,-0.908268514486922,-1.1508176548927014,-1.329941746460889,0.9579749834725981,-0.13133514728195284,-0.7493481192517271,-1.0045756430384083,-1.2645612985939172,-1.5411169061800098,-1.8220234982455277,0.9492372458005383,0.223892128547735,0.11214060216604638,0.13461460867959918,0.1312620702698447,0.09065388123666329,-0.0009812359233074552,0.8473767910120161,-0.05276242917409735,0.40649005935510285,0.2755763731009844,0.1241063542754095,0.21730756409441188,0.2884135477291906,0.8462468767960325,0.0567112362177804,0.40961531309795696,0.2818089882607846,0.1658585295810754,0.26303821311507203,0.3041374435831883,0.8398355203879213,-0.12463213463152956,0.4330005609572818,0.30879129411615114,0.05970041666280801,0.1594815373307782,0.2015730652671519,0.9511041373687593,0.8541405480358857,0.7614502045349993,0.6851371750920017,0.6225249206411267,0.5670788642844755,0.5147607933906475
ResOpsUS_391,1827,0.9589034084793924,0.8519483947483455,0.7993058200790002,0.7901222535921664,0.7813257217357472,0.7697492259305673,0.7623204618101463,0.960071863767689,0.808917659485056,0.7511336774122449,0.7394822054986019,0.7260038520372312,0.715060215853919,0.7030765543130968,0.9512608709645171,0.8176905880537224,0.7717985775178963,0.7620649956373131,0.755838327595031,0.7482879828471818,0.741859851182768,0.8763737135602533,0.8142270209816829,0.8611239000791922,0.9029499455384529,0.9094122045198754,0.904079696298091,0.9020500362356436,0.8819283728227898,0.8197060672292625,0.8722915935993909,0.925549249844443,0.9355156546985394,0.9319725861936805,0.9283619516931491,0.8753919983826015,0.8129080755179489,0.859100075666025,0.9015019165772924,0.9171469406586275,0.9166497436547147,0.915490428788434,0.998242329026407,0.9941017592349732,0.98872015759206,0.9824174229516255,0.9753192180774518,0.9674495040984745,0.9589094169546625
ResOpsUS_361,1827,0.9861240062535824,0.9558536876617385,0.9380451911146104,0.9270548533893175,0.899278407420077,0.8631809263958363,0.8468423363446547,0.9816264025254215,0.9438369343072196,0.9070472292514985,0.8962794724668336,0.8902983348369876,0.8774136977873946,0.8681367234264968,0.98245251761954,0.8697627496370633,0.8353673715907417,0.8749412997202252,0.8790553227673432,0.8690156036505775,0.8782859574511264,0.9620484826277153,0.912772026951626,0.8685925898204584,0.8987826327782602,0.9225029430823765,0.9215746233219023,0.9196934716610218,0.9604935912066203,0.8996027251646813,0.8585131402376727,0.8862470688321303,0.9212694075628789,0.9243132715404025,0.9247499134812167,0.9710399186237463,0.8836173188733013,0.8477031885742198,0.8759059530720882,0.9083118856849974,0.9248912098719619,0.9251931268244548,0.9772816828711439,0.9310286153411024,0.884112776012556,0.8427925816162453,0.8079480304144762,0.7793777104029431,0.7549873908681631
ResOpsUS_413,1827,0.9965465881795748,0.9660020261325336,0.9429839826528029,0.9329505185187218,0.9248816696751417,0.9130887058478638,0.9000124886505252,0.9954111003294702,0.9785564513935646,0.9602010988387738,0.9482860497419685,0.941997654686439,0.9347620483086172,0.9300886027009196,0.9942456234760265,0.9685787010914203,0.9402204975929055,0.9430422772603831,0.9264559025143121,0.9032346269732399,0.8868385047255147,0.984299377928267,0.9739919946483823,0.9667628118135497,0.9650321505925616,0.9700839509666188,0.9771698291225867,0.9806476542464635,0.98567884894983,0.9730933845132035,0.9673802640287812,0.9597963722480827,0.9634796911021064,0.9671131926973545,0.9687568835320043,0.9851457208301414,0.9775402626496001,0.9625911028951375,0.9594573633882052,0.9643656693706932,0.9693084428931431,0.974350251774394,0.9958054772317019,0.987581534910465,0.9777920013927996,0.9668786644210161,0.9552785596776592,0.9434544251425349,0.9317573207938297
ResOpsUS_310,966,0.9525809761380443,0.8339186733782156,0.8334095422085221,0.8212764515120692,0.7980236963638107,0.7816630697343419,0.7663514691719839,0.9569447628327277,0.8299554996900813,0.8417999108431139,0.8390790620944343,0.8150369196865012,0.8008772997651934,0.7870702629134163,0.9467499182602981,0.78647528218532,0.7980232312826057,0.8058701947805368,0.8067707058261732,0.8123482286162858,0.8066264788807731,0.922925906658395,0.8452231315491804,0.7921489441429419,0.8245382327473143,0.8451249570763082,0.835419555068228,0.8238279933524764,0.9226229666817167,0.8562545277895542,0.8023382800179939,0.8259233536422274,0.8337378890575143,0.8263189311174143,0.8058390472411043,0.9243705472813017,0.8605064685309394,0.7969128659013083,0.8219564592949986,0.8495819552692876,0.8449635082046902,0.8368751886796256,0.9583790279883831,0.9334904115292496,0.9160295876639422,0.8978103953552219,0.880064630845535,0.8698324598361392,0.8603559594381748
ResOpsUS_7308,1616,0.6210476157305144,0.589901886834735,0.6066011796686344,0.6146759340480612,0.6110153768408968,0.5999892450278408,0.5918226504904855,0.6312805591656876,0.5789514733661374,0.6101331540579569,0.6206586172816869,0.6128179795994328,0.6121559431995611,0.6083242323288476,0.6253035743926485,0.5856311301480831,0.6150704943472101,0.6254753675287914,0.6151496526640285,0.6042476383764263,0.6088473270640511,0.5905625456211989,0.5625075223050695,0.6113668175904701,0.6197230887491839,0.6160473737209164,0.6097785254815512,0.6099388225528686,0.6063430487230526,0.5944494593319944,0.633726053821245,0.642771376104301,0.6399772342928602,0.6349874444629581,0.6270751753123296,0.5919106319887004,0.5966755649372169,0.6429080444407664,0.6492480046163158,0.6438040540798079,0.6395495281110319,0.6399246844815846,0.5888075390539822,0.18952722869952165,0.08513842130405991,0.051124340702887294,0.05379132678779175,0.2979935635683798,0.5018645091724732
ResOpsUS_1709,628,0.8924874096541662,0.6752870879834778,0.6546211383184541,0.5466203612077358,0.5170611573190906,0.48663984822062945,0.47636694397198764,0.8879776307423488,0.653531470320772,0.6461568318599502,0.532475673891694,0.49655495008453054,0.4546883317264865,0.48332521579481846,0.8843998421128921,0.7080476357009633,0.6350706413213826,0.5459872312731956,0.4977309840637876,0.48783720947303155,0.4783743556999305,0.8311175438184479,0.8016080303453161,0.7110880334236356,0.6678122972334863,0.6677917852040702,0.7006169785564624,0.6951645592855372,0.8098423155431885,0.7998497891881529,0.6992059459962348,0.6660306993864922,0.6888799327903021,0.7059202652084164,0.7105863519130152,0.8060574563715317,0.7912406183259368,0.7098375484059265,0.6749038180378055,0.6805037742163722,0.6967980302498249,0.720691463089756,0.8642641418409538,0.6729146590731299,0.5357799818569051,0.42376329269339497,0.34504562861887267,0.2909045608951788,0.23575889431201225
ResOpsUS_1699,624,0.9295547308021066,0.7379670951985101,0.7331425962404412,0.671119948864998,0.6473404677640817,0.637012197180871,0.632837851658812,0.9465891665196807,0.8021260253390373,0.6823913626842625,0.5195744716873693,0.5485395525306729,0.5557283547411438,0.5761054304349877,0.9262878006471047,0.8016095612837043,0.6932052505284433,0.5675443393742987,0.5981398355035472,0.6355368394276877,0.6676332637205158,0.9298826262183157,0.8349824162378531,0.7500103573130869,0.6233126224536103,0.6369015542484282,0.5951160038034109,0.646329021392824,0.9465308996747681,0.8898394152314515,0.7516943065392686,0.6530326462592938,0.6235198370287558,0.5790107804948941,0.5629028900199168,0.9238340780919095,0.8709284028208747,0.7593001268042294,0.6922523889030197,0.722510622841431,0.7112550469550474,0.6824901867376375,0.8770899796222474,0.6828958665237077,0.5433063735726364,0.44542296226543576,0.3773568962265271,0.33176016764325733,0.3023047481211467
ResOpsUS_438,1852,0.8839886572728038,0.40039988279336114,0.2900506442664361,0.20236579719954595,0.1441336706254024,0.08482954049538627,0.04951225695545447,0.9061263482928684,0.48423788196356143,0.42564511882885714,0.40994851107072217,0.37624336567753036,0.3283053838457619,0.29999498656789003,0.8929082862737002,0.4756717300244282,0.3927438045523197,0.37793940602153786,0.36770716725814856,0.3777505927400141,0.37129152251931374,0.6344980343987764,0.5292414888837036,0.5697162369003526,0.643987206909675,0.6917023051720284,0.7268348196426654,0.7440038253103533,0.6332417969518351,0.5764105963297905,0.6363373153723016,0.6896955407460441,0.7245653702292432,0.7445162165093299,0.7599415932254099,0.6181590660237697,0.584207545160148,0.622174035317147,0.6501383862484422,0.6655627455411859,0.6811695313773624,0.6941445307657983,0.9890071654180083,0.971338803533182,0.9504740250627927,0.9274872357129066,0.9045995399557817,0.881742287033718,0.8602326056025743
ResOpsUS_320,1586,0.7771551254888882,0.33700543656425486,-0.05400205275828296,-0.1996654817150687,-0.3307739170290247,-0.45326993742120636,-0.5700715542242196,0.8035387439820051,0.43418520137862693,0.07895901791519566,-0.09834715566054597,-0.26258815773552113,-0.3991457087478203,-0.4990267024166375,0.8086564617269034,0.3141242268555877,-0.18006184477511344,-0.33171056187595505,-0.4341925765004746,-0.526538138635595,-0.6054709471589232,0.4225542324669087,0.4936321878109532,0.5200045956132681,0.46732602355988806,0.3769176713580149,0.3368273068664599,0.33788423559103875,0.42543066508399063,0.4697345147821367,0.46817227370170056,0.39720488667143694,0.33238718425776814,0.3076554052766922,0.3018461785146773,0.418121831691733,0.460376557017122,0.4760329248748648,0.433424191536534,0.37857904368332496,0.38001084235266336,0.3968993506104219,0.987312325435771,0.9650100806841616,0.9412504686928282,0.9174265438519092,0.8938278417463499,0.8697789374072792,0.8462183162087351
ResOpsUS_531,1790,0.9593226142801804,0.7645382242291259,0.7201784477226961,0.6729003673703589,0.715649097961883,0.7414241422678828,0.7617035676422594,0.95149229581288,0.754824809943066,0.6417908671176518,0.5269036927777034,0.6301443661856022,0.6864658249253828,0.7513916555200011,0.9765579481150104,0.7346639278981526,0.70027658767493,0.7162114440588907,0.7175523516869682,0.7423756320134629,0.7704540248280529,0.7137745733558709,0.7478060592526234,0.6863982096097933,0.6261177525710997,0.7706562728460027,0.7955063307649608,0.7506765931818928,0.7500739308348442,0.784555257062978,0.6987077287321619,0.6181208180941414,0.7450790409327329,0.7653253923927403,0.790069217310161,0.7733102859426619,0.6859055465685691,0.8188112605632961,0.7452606621222033,0.8119211620501493,0.8457962146824528,0.8548211661779871,0.9841849636274423,0.9546295354912188,0.9244414295291118,0.8975551183327051,0.8752048712022352,0.854672281816887,0.8354718798505469
ResOpsUS_374,1591,0.3707457017430692,0.01248247135907199,-0.19822516548822366,-0.4333088338919995,-0.6359086966766427,-0.7680083943949441,-0.772996492999479,0.3803144771972139,-0.03738007342376015,-0.15576073067214824,-0.5530432226903785,-0.828685091637209,-0.8485227213988482,-0.7908432656282365,0.40435527569062957,0.04674321645273172,-0.04479853492408181,-0.21718098311363754,-0.39033757472464536,-0.5802146538248889,-0.6780603562864886,0.27541993533270814,0.23601968973466614,0.08367786651576692,-0.014644849367237311,-0.04427723422231167,-0.0668727117453316,-0.08850202662456041,0.29857645112860143,0.24987698842916328,0.16480651949533132,0.05328607901349458,0.01549699795279691,-0.018487312329656946,-0.0455266271547945,0.3415661783399372,0.2835185005457658,0.09863213358316125,-0.0052926092913609946,-0.04899641613229466,-0.06380403913296395,-0.0755246963398497,0.9427887376287252,0.8888341993317618,0.8569660372502795,0.8291180463762665,0.801543562240892,0.7776201699322836,0.7567551270824318
ResOpsUS_1151,1525,0.9000526570692936,0.2930204182741235,0.0327604351059082,-0.1669934648300122,-0.38902348512033047,-0.6004215400794464,-0.7177814060974061,0.900618546408853,0.45847917115037795,0.21538360519749555,-0.021551743405926693,-0.26566879835860924,-0.4807173299257157,-0.6589897393088582,0.8852767515161134,0.36726816437788157,0.1285935654700393,-0.09953627835202528,-0.30150802288563594,-0.4847961509034233,-0.6363725602434884,0.6840131455667195,0.6862596330843231,0.3957779638678972,0.18982091164484205,0.09351876349806432,0.02757680829142206,-0.019719756233351537,0.6797342405568967,0.7212351199309008,0.42917898907565655,0.20948601438579073,0.09439892187909038,0.022334352299701488,-0.027617392707224075,0.6056016264398549,0.6566880532520557,0.44690765862237536,0.2964225322816926,0.21431671278735231,0.14843072051014128,0.08648105033995102,0.9705084884254997,0.9151138529601083,0.8626527604625018,0.8124782359019519,0.7632556837141377,0.7130207463082927,0.6638455079979111
ResOpsUS_469,1852,0.8630056640107664,0.5922655114987178,0.4937607353889879,0.4602353975216036,0.46081954596402075,0.474664248205649,0.5007387502510638,0.8723524020032876,0.58438679177088,0.4968457443566324,0.4623247166063561,0.4659540319146406,0.48735398090999416,0.5142880943789834,0.8634774163645669,0.46218032647807017,0.3462133282897558,0.3478502381383527,0.36882567054471715,0.40746409275443374,0.4529092755132561,0.8290886966905593,0.7865600726284422,0.6780060910813406,0.5657955669537551,0.5401681814627504,0.5352277523662983,0.5377465482498456,0.832292159805234,0.8167517992017311,0.6964961138185444,0.5548618888010117,0.5176155588991203,0.5070445309683549,0.5045399865373027,0.8358881115829728,0.798821894152216,0.6690361392060353,0.5805766262014871,0.5589399408039439,0.5480058083703513,0.5472633758794374,0.9924815570498599,0.9823419957892074,0.9705225623711652,0.9565855046269441,0.9422118027926527,0.9267624129430463,0.90909213975708
ResOpsUS_1691,652,0.8228115976001982,0.7102970430774564,0.6223671117893412,0.5687004475929981,0.5235739082845067,0.5692659802827162,0.588526533360509,0.823048404280783,0.70176062618357,0.5843291796495386,0.4669038500097866,0.4199860194484446,0.43948572850435474,0.43999433528908194,0.8347458508399034,0.7406671270097,0.6654598582928617,0.5629894661848598,0.5223140782716345,0.5473301080754113,0.545909828496336,0.8347557163259461,0.7732786247424526,0.6611250329515281,0.5746606847830907,0.6410387025591231,0.6167002306339731,0.6081818776764608,0.8224426054249333,0.790236302975918,0.6096659727183689,0.5311653724999243,0.6146102213428837,0.6210559500479649,0.6173974135802718,0.84216270805113,0.7678532320019275,0.6145298958097732,0.5730161812345171,0.6035974961640815,0.6117673719343972,0.6227773871770494,0.8099211467591171,0.5286823897063997,0.34980137084285823,0.2596435453571394,0.21857467401998898,0.2080053858710813,0.23217011772657337
ResOpsUS_987,567,0.8734467519969441,0.10053673658472939,-0.16404622504575705,-0.17640970998696015,-0.11368889202558496,-0.07715873437008391,-0.05353235119177513,0.8972721890625572,0.2634809124344929,0.19290968155400534,0.21961332112198795,0.21475543899896143,0.19415336436622788,0.1754828540845823,0.8904078395791007,0.21252230954384344,0.18326501200734935,0.27688914511761253,0.3051864780917105,0.3100566612247987,0.3171292971793206,0.7537004133953114,0.6628757247689985,0.7358990063680173,0.8108113469830748,0.813131718176473,0.8152227052266415,0.8281865131696413,0.7781952676415361,0.7463264477042534,0.8025106037000744,0.8413626481499898,0.8501033702832714,0.863137354430502,0.8609860084883902,0.7849071090077265,0.7621873165732042,0.7993593087286416,0.8250169139016018,0.8349039502548459,0.8462561591064354,0.837268535463977,0.9724398132255271,0.9358607834251815,0.909421505368087,0.8814929143975314,0.8520832986539443,0.8254206170870608,0.8040536202437363
ResOpsUS_364,1096,0.9628073914126509,-1.04900915965269,-1.1564022102442633,-1.0344393011568447,-0.8941398138026062,-0.8239149731740247,-0.8076507790227869,0.9690666885563536,-1.4473853090649942,-1.6806950337644118,-1.508203329739001,-1.3965451851177195,-1.3839221090446996,-1.389620010560881,0.9729067745482839,-1.4361184420264212,-1.6947692820558058,-1.487102866671377,-1.2675934464627256,-1.1802528742317455,-1.1380634683689257,0.5890883182466429,0.2767834479274419,0.2513718079639622,0.16466896518194085,0.046205521326554755,-0.00864414219398002,-0.008372126464951002,0.5846737105072086,0.3555674745090537,0.3572472492337925,0.33552250981488674,0.2629760468363428,0.2321868811690806,0.26538391813642337,0.6200913054872523,0.3958219017237665,0.4091173364813505,0.36821009124977344,0.3116239550771519,0.28783944244038084,0.26896957695438584,0.9887665712822833,0.9623843837698499,0.9296781551953345,0.893707632228898,0.856705395492971,0.8207211106598887,0.7871272483331375
ResOpsUS_1712,521,0.8151127990816043,0.8067329930680964,0.6935123095393789,0.4788732715020798,0.40958790102754483,0.38145541645679326,0.38171941598489145,0.8247744401732342,0.7554741237144498,0.6735617198051188,0.5541691834126166,0.5036344240446049,0.52290710035431,0.5233641019394254,0.7903717384640945,0.8012806575930831,0.701450652427219,0.66316138315761,0.6301265728853664,0.644035802394265,0.628498405173213,0.7979106848626001,0.7677434475574878,0.754503589701812,0.637311108701146,0.5610432540603238,0.553594966017127,0.5986632180396172,0.8009330047199359,0.8186785263287134,0.7661983961527875,0.6643203185080329,0.6208938183595007,0.6380269059029919,0.6537601627101475,0.7982962367775761,0.821944343105484,0.7825329784191244,0.6592094282945324,0.6187708118116242,0.6605928356014499,0.6817268449864702,0.7885020648687145,0.4769790014922136,0.27431115676921736,0.18848175669589462,0.15087621366838588,0.13049669989842183,0.1320225909689412
ResOpsUS_1733,631,0.8817518906007409,0.7922790992290855,0.8817764277405421,0.8107800618314558,0.7418189224915346,0.7485579914996673,0.80947692293869,0.8874793132402797,0.7818568327332523,0.849528708280316,0.6541224060818818,0.61283776977673,0.7055926820642886,0.7735266176971718,0.8785568254310424,0.8783746996737869,0.9037703270178115,0.8203733234279247,0.8004789307942611,0.8372059722050295,0.8780571001773813,0.8984214501535228,0.8126356144020683,0.9262291785790474,0.8477368787732641,0.8101992117078624,0.8228042410716183,0.8302834393832055,0.9086157035344671,0.8853464635596279,0.9206153161695045,0.7655343211927323,0.7449070203698802,0.7591007616928176,0.798918800464785,0.879859579982929,0.8891315145604568,0.8931628043614108,0.8197483132786509,0.8192372386370036,0.8246713610635756,0.8680064192729285,0.8745217178816241,0.6721753608566282,0.5415515644603247,0.47752617951328946,0.4406389676509044,0.4017668141875592,0.36413825374105846
ResOpsUS_868,1096,0.9753526411899871,-0.08209782621073924,-0.2075623612526074,-0.24716171861415148,-0.26422875355447917,-0.2820636336235278,-0.303854801541829,0.9682041056313384,-0.14961378490305166,-0.3145314856616104,-0.37738032308777325,-0.41939094558649637,-0.4544433505824439,-0.4894507288983554,0.9736865112698636,-0.1134673849547525,-0.18820911710524135,-0.22469341797274045,-0.22911266930757668,-0.22128556604964356,-0.21201686930459096,0.765249131253866,0.6937956212128762,0.7692576177512722,0.8566215056980959,0.8857071659261001,0.8367668073656138,0.7720054523866595,0.766716510964633,0.7319610943499322,0.7859352530083545,0.8462157075534956,0.8905370046228959,0.8575789036893627,0.800168451569359,0.8105450175117745,0.8064062097113275,0.8523438998636099,0.8815813895086514,0.887145122691308,0.8716517185434721,0.8302549702504637,0.9952946649957218,0.9870342902214201,0.9774560756377363,0.967075795142286,0.9571293242321774,0.9477035764411248,0.9385828576579036
ResOpsUS_450,1854,0.9816652188358598,0.5655951686736138,0.4231428412465874,0.39927099983554937,0.32423430890195903,0.3264107948361631,0.2805278930909064,0.9844184114182101,0.7768231967379458,0.7017893025420423,0.6673744178220427,0.6219871372297434,0.6162815721656585,0.5997752179367771,0.979469419166326,0.6596455458993767,0.5368881986052219,0.46142536925967836,0.41782708286308845,0.3684351480922381,0.33964443058982086,0.8435319705030688,0.8187941310163912,0.7685830658307875,0.7750228812508049,0.7611948528596143,0.7536636051449698,0.7357497805155548,0.8520214825114807,0.8373141658840393,0.7840707334377401,0.7640344364108195,0.7504847162724371,0.7431625877190868,0.7257242762706673,0.8629190423402049,0.8556157667171291,0.8065601966209145,0.7828768391322254,0.7808691778475637,0.77507768856374,0.7630549104741393,0.99449872284814,0.9843153043570476,0.9731264383463475,0.9611188809973499,0.9478022216652009,0.9333684325085045,0.9182383178236848
ResOpsUS_1742,695,0.8023678146185483,0.7284350451120285,0.6580769783755294,0.5430596942775332,0.48204397444681024,0.4393458658573417,0.4210120784563608,0.7912135050408388,0.7200981711186611,0.7152950958652436,0.6500874816461166,0.5857492574096798,0.5718600358684306,0.5081123094312762,0.7898924726675425,0.7716361723958253,0.6970249447945602,0.5916833079407657,0.5358072709654649,0.48309887598827705,0.4268718307775845,0.7861511201603975,0.8216096839425779,0.6878759786943169,0.6648154019964436,0.6519017548847756,0.6187856534273892,0.6681690486989613,0.7801508831949692,0.7790880240704992,0.7396691764886383,0.7109800017121151,0.7113522170360318,0.6854653474110703,0.6937029617235002,0.7767656468992437,0.7911293264744341,0.7460165274821591,0.7286921486225256,0.7107444869205803,0.7422228918733609,0.7400019838192172,0.8179949227530271,0.5480325949882261,0.3607341467434022,0.2643578809993108,0.23683221770505913,0.22686368514432786,0.2118780325606886
ResOpsUS_1726,697,0.767135976922978,0.6620429871078213,0.7117480865169413,0.6240589416693698,0.5375105334568391,0.49626783714026335,0.48187915907016676,0.769045725137971,0.6789870722939629,0.677542732354067,0.5636554726451524,0.5815434949300715,0.5672405511512164,0.5124939484272659,0.7661591169857214,0.7256373746228166,0.7604115470810684,0.7056755220235802,0.703461951426124,0.681642993531084,0.6793860564162666,0.7964702681476657,0.7641067630137036,0.7585196871369071,0.675692451828301,0.6072478467223563,0.5598514902479002,0.6014958832385979,0.8030424028020193,0.7905432349145467,0.7551611975829828,0.6517150397120373,0.6210085075229541,0.6124696813256894,0.6290884281044241,0.7850676602815394,0.7718565467652024,0.7612464750989992,0.6684389445616877,0.6634630280502148,0.6583185360547978,0.6422882647199717,0.8006801651208176,0.497641323219434,0.33037529214882455,0.27256968413050564,0.2743154877469105,0.2820056683870592,0.2655486729035932
ResOpsUS_1619,696,0.07373204009991585,0.009184022157372462,-0.7795117720648663,-1.2840317462644637,-1.4510311555217759,-1.6753663850381666,-1.7056903760931648,-0.04530217356430244,0.05756037200974573,-0.6448270983499242,-1.1829662468276845,-1.2883712814504338,-1.4603637066121977,-1.5119044465368923,0.04918727891054009,0.08901079000881973,-0.3893788068332804,-0.8025460224782348,-0.9587163418473488,-1.0735169600384569,-1.1176973935533425,-0.08517380235753436,-0.16032843528960394,-0.8319999188984128,-1.2145647138012254,-1.2818260972099909,-1.3694609930501396,-1.5205027130259539,-0.05458481515096647,-0.11226075610409758,-0.9724348410087182,-1.4090797612946866,-1.2460112980047091,-1.3320107456944896,-1.4372563429175358,0.018504052278615624,0.004205329975672356,-0.7314574681708101,-1.0334234945042513,-1.0745777076202758,-1.237887082189785,-1.2834335284685112,0.9658885022113357,0.9038926406624821,0.8416281155978345,0.7850137821783123,0.7325589724192909,0.6853046430754828,0.6455414564422344
ResOpsUS_1650,676,0.5732227954519726,0.1408654101730612,-0.21676747002520713,-0.1070452441418639,-0.3161163510243885,-0.541243267284107,-0.4240605572171643,0.5354972446414432,0.09273375156194075,-0.4416550147219753,-0.5003775516990188,-0.6383703059138652,-0.7688447157958742,-0.8171653974730757,0.5648449371914492,0.30207053558466346,-0.20958838678473812,-0.12982820990233468,-0.2265101284146649,-0.3605244093938311,-0.4101588106063738,0.5680135373146024,0.17465132654914461,-0.27284575053688775,-0.03407581384879421,-0.18367805629934408,-0.3707624203044835,-0.3995724307704087,0.5563401736981892,0.07364968004915884,-0.36111693368001085,-0.2276574043622206,-0.3556434760654057,-0.6047136957873724,-0.6223788547090372,0.5585623620104367,0.08128783229905812,0.0027173092448073977,0.028998095353362174,-0.09540133152422947,-0.18502143258941817,-0.18702980282291048,0.7638000979596561,0.4603385147069896,0.31044521202024045,0.23365577656481462,0.1870866434781333,0.15156494266626985,0.12868419937604858
ResOpsUS_1631,696,0.789318021862685,0.7496793386703142,0.7588014871647932,0.6899511576956865,0.6470222542711344,0.6073721582053215,0.6035387100208118,0.7956502373577037,0.7870056352659943,0.7817659582044738,0.7365806272990132,0.6916955336286874,0.6968428977832457,0.688572154030224,0.7824234995398998,0.7824334190325755,0.7683759908862235,0.7561496952930612,0.7223714234388012,0.7140649853773201,0.720414455957011,0.7767601078050781,0.7821005287307179,0.7706406759126543,0.7370904935405342,0.7336005011241864,0.7225713922814501,0.7228613001550339,0.7976370932543779,0.7765260739163525,0.7754730346172349,0.7455827796158286,0.7187378069552668,0.710874047952017,0.7098858296631689,0.7788877993195921,0.8068044823218269,0.797961491802799,0.7717647530032871,0.7531067829434486,0.748160389592637,0.7440409857355399,0.8019325532861712,0.5085342585838515,0.3559815980898434,0.292787527628792,0.25581394329442253,0.22729135936109546,0.19046591221317577
ResOpsUS_1595,696,0.9584638058122863,0.8715662988355114,0.8793374703389838,0.8739610805309327,0.8349697020698672,0.8045691129613023,0.7892518767136331,0.9518856052909563,0.9303066880357438,0.9045931577884765,0.8456908792312565,0.7866157595408401,0.7374417733206844,0.7169015622468811,0.9623672036270235,0.8970182729413614,0.8914071395978626,0.8888979002813172,0.8589802088064079,0.8301272166650702,0.8131190827119501,0.9633369416160503,0.9308553171905339,0.9315790764834778,0.8771265015580592,0.8620713344690437,0.8606303214927542,0.8646795608793836,0.9582841626284592,0.9461114861108996,0.8855111178768587,0.8385060690362918,0.8090023133708959,0.8051178427580014,0.8160435381967339,0.9657426873613423,0.9530398258231497,0.9536073480395628,0.9008046150274583,0.8815321837288008,0.8860162572783008,0.8851766714835859,0.9109280773623962,0.7913775849161494,0.7008351747390578,0.6304145487943047,0.5637434988472023,0.5025590789623925,0.4507685742533841
ResOpsUS_1617,696,0.6418788236980413,0.6853457639359292,0.525823356672104,0.3969010982252953,0.2798914632693752,0.18105367248616144,0.09257704033312175,0.6637929808277697,0.7154504442292597,0.4712121642413606,0.18618705811647074,-0.05022115923068471,-0.26860145701181604,-0.40979472128566163,0.6519683364268021,0.6730246252292882,0.5662428732787246,0.318259193723327,0.02677850896729206,-0.15669726877821932,-0.2791734454075794,0.5701506500427826,0.6889614108408286,0.512858095539632,0.4054114876160968,0.350758406766434,0.37890033527199407,0.4055964504370819,0.5579677968711927,0.655758144264923,0.5865873929688914,0.41253748685295066,0.35824303593985474,0.39747069991102,0.4389343910946889,0.5549252603374005,0.6640085595795852,0.5733005996734684,0.4755922991252468,0.42685731849224273,0.4254931959095192,0.44820980779885167,0.895668929295181,0.7089083397026414,0.5537063526994762,0.45548871430222626,0.38848393563903816,0.3351551139884683,0.3118682366807253
ResOpsUS_1636,696,0.7655367677231948,0.7046503560488054,0.5699345510668394,0.3874637647676591,0.2635184723723041,0.17048667696299424,0.14725117669724685,0.7619807140985491,0.7245805307923917,0.6120921742559788,0.4204415096196161,0.3037366973326461,0.23330973502997876,0.16879595824213156,0.7592753924346781,0.7089889359829182,0.4832933006018387,0.2574706374413761,0.14107250786888803,0.04036110681236338,-0.020932299439828217,0.7431507378205389,0.7470101381218601,0.5020250817740883,0.34955569549113563,0.3432196153473108,0.35359868481302703,0.3358712075681495,0.7255575461391692,0.7343740636251614,0.5506772840701448,0.4965839761034182,0.4602688001736951,0.45610236208372457,0.4365468308551844,0.7169276941204776,0.7394695845962351,0.5764430080489653,0.48570093001619064,0.46651603301394584,0.4819293945516754,0.47314273076538904,0.8703479473561506,0.6693273324808482,0.5258842422809342,0.4186738869772402,0.3574725005942919,0.32858773770588057,0.30876241098712054
ResOpsUS_1620,696,-0.3562368492069259,-0.8444755447875689,-1.5958033510105896,-2.233207406076898,-2.319470365895426,-2.2949353225078615,-2.2337384414853134,-0.33931475407368517,-1.0223483837367335,-1.8242577640577502,-2.4727738938415182,-2.55800664954738,-2.5922104729750233,-2.6931387498014274,-0.3447971046744778,-0.9679494629304257,-1.6358023466299914,-2.2224922403352227,-2.313326312709995,-2.406881174434469,-2.482661906329837,-0.4392683392015291,-0.5326085058433361,-1.1601495092744547,-1.9309789072301822,-2.0877765286698087,-1.8789790101818964,-1.926355370951276,-0.45356702232468193,-0.39996943982838085,-1.0358717745830441,-1.7639786187160276,-1.7119048469882503,-1.569635110294728,-1.6577310954636877,-0.3038924737421369,-0.1482013075979869,-0.8810396811212888,-1.4584557249903418,-1.4998076535539386,-1.4712645388690695,-1.5521352270262354,0.99144856738474,0.9718504194493511,0.9482363466648233,0.9244449445445315,0.9023702056954279,0.8825584995987498,0.8657675936851171
ResOpsUS_1706,665,0.911401453121832,0.8498196575029616,0.8269481498301693,0.8047155311369085,0.8143444173992092,0.8067271628070406,0.8115125290213682,0.9046960460786677,0.8594949032148042,0.7884966400965825,0.725259797659142,0.7289623780327044,0.7132425594772707,0.701569743697955,0.9216754039479915,0.8419769022250556,0.812295137454913,0.8084259196040281,0.8323295614632473,0.8480470222072575,0.84967354283724,0.9103989407827157,0.9056479531743877,0.766878767752178,0.7588184559260451,0.7747188868705379,0.7894191461398681,0.7941747748138982,0.909946114339308,0.9066041969016257,0.7262437940796183,0.7215104323213473,0.7543792978708415,0.7713324379326544,0.7703723552644175,0.9310670732834736,0.8997384259783905,0.8153919631810442,0.828715655128917,0.8354036908164293,0.8430165491815749,0.8578937939679792,0.8438370351919431,0.5948353601249774,0.4420814268031662,0.3663213096194965,0.3131565027421691,0.2538942974124915,0.20188872750447096
ResOpsUS_1600,655,0.895174222924926,0.7520092802615782,0.5994622160190455,0.53917016160937,0.5570784471905341,0.6054320136361058,0.6244159253029773,0.9064002483328595,0.7608314230841547,0.5447281342188739,0.41915137391065704,0.41435539886918116,0.41090931298279354,0.4080210659204556,0.896223904989456,0.815283337298941,0.6488107126712002,0.6005452886573114,0.6179905337684016,0.6390882050085798,0.6646044428536515,0.8953354290027603,0.5741175850381726,0.4843064242145301,0.4328513089741237,0.4915203003913411,0.5132726879334654,0.5844162643705245,0.9037055971252206,0.667580285003343,0.5367852362347959,0.4698856217223192,0.540374385281991,0.555756600941773,0.5736474363737107,0.9060823476702408,0.7203639611771997,0.5820415400818444,0.5714048327018448,0.6206996087300374,0.6325359303089246,0.6229898545374006,0.8948517029403364,0.7103854026036076,0.5600450429809045,0.4515784296657891,0.36805162217738097,0.30384522750957477,0.2684862584205854
ResOpsUS_1723,656,0.8356527261563872,0.7810105955032812,0.761310313692863,0.7709832371812775,0.7540813976334713,0.7438046348396995,0.734991362244412,0.8271383106582573,0.7623427893757438,0.7158855418074161,0.7023375655679587,0.7161877269710447,0.7053321921813109,0.6990287318178858,0.8391879812105544,0.8217153678413254,0.8154965359694358,0.7947577058884749,0.7764737218256909,0.7781423674986554,0.7725613942821585,0.8432781035818155,0.7733040213573242,0.776122276087901,0.774696805681903,0.7657122272017398,0.7855909976499708,0.7502746143886578,0.8264673643676361,0.7853061951307256,0.7321923815934966,0.7318152084088161,0.7339903386277771,0.6846259555724716,0.7199415673772775,0.8229087195049378,0.7972892763336414,0.8234780927729128,0.8310939978775685,0.8245451545461642,0.8097207771491814,0.8090727406765921,0.8289639947233468,0.5759718058132646,0.43221581254869335,0.3791370780995692,0.3753187218198327,0.3644916610850415,0.33871595559805456
ResOpsUS_42,1705,0.3849859975074419,0.28192352219881955,0.2877869659273685,0.28765501235197455,0.29722440526519767,0.3011568234416483,0.3048939500805108,0.39731138350049633,0.33974584905594196,0.26550640545297943,0.2701952850790954,0.2776592711208191,0.2818890063001238,0.2851705168686728,0.4087912192193326,0.36194479630225995,0.34855541937764345,0.35807969832146647,0.363711736627636,0.3694386069269885,0.36935936370941147,0.36235191838307934,0.32988888466048316,0.2544994781269718,0.25938184071919546,0.26638760842400167,0.2661668916664728,0.2720518433786815,0.35120679951830613,0.27346531854170364,0.2229600550726979,0.2317790331443318,0.23019634510526266,0.23170322359623086,0.23762268697597977,0.35997183169968006,0.3041782127690873,0.26428039166953354,0.2701695225404489,0.27312562149011677,0.27778412624127613,0.2773057635052879,0.9299431956593991,0.8612681416239085,0.8107419831375785,0.7664014126510788,0.7257059744451765,0.6930914336441099,0.6626820531170312
ResOpsUS_41,1705,0.7311269425631406,0.39496399245857183,0.29254447452031707,0.24510880919332356,0.22215091793073538,0.183132676184542,0.1480003881203531,0.7450566502305163,0.3139023259368712,0.20495775960818652,0.16598341963689156,0.1578153587199399,0.14573100517816417,0.11786514892683708,0.7457040090290026,0.27037394934626646,0.17581016958397866,0.13861359180360977,0.1286388206050697,0.12551029301159022,0.11979388759660325,0.5261273574763854,0.5639001248311792,0.5093787630202944,0.36647533566911483,0.28581875254463207,0.24365691396639955,0.2173704082725686,0.5161300217306776,0.5423673748390996,0.49686787647205377,0.35556644183272457,0.2771284594744702,0.2318112645331477,0.2018798680696261,0.5042799023068649,0.5214625889640065,0.4777388638528537,0.3611649475168144,0.29213542123362535,0.25106479802303006,0.23273061050781207,0.9076762428266065,0.8436113950381807,0.7849650333697316,0.7407883192156492,0.6967489646780005,0.6540376347356407,0.6155906159007185
ResOpsUS_182,1096,0.8748509648233543,0.49331637445388665,0.3477102437187366,0.3430463729074852,0.31179064349998775,0.3094187514143454,0.32403175403289464,0.9381974097087888,0.479272864576167,0.24861640709349808,0.21686122089333515,0.1944507333264338,0.16784735381350757,0.13699563868358478,0.9412696929210774,0.43005263618491085,0.36213385647008134,0.3617082259390789,0.34781100170579193,0.3551913943672884,0.35831210596529006,0.7164864598505619,0.791434598647085,0.7394293921606371,0.7397937831809371,0.7350820740611126,0.7337096858629253,0.7433508745314508,0.7926297301110047,0.7861943493376506,0.7811714787969123,0.7962027333115924,0.8051622357531512,0.810464740807359,0.8224993387396955,0.7145578211635395,0.7647460304587769,0.7199150276555345,0.7248471609835156,0.7271599304587464,0.7371365993292212,0.7373040989497397,0.9706479155098876,0.909162294963219,0.8330854097467474,0.7545548282197632,0.6852292903707811,0.6257544855394147,0.5753412977866722
ResOpsUS_530,1671,0.8432472197643572,0.781719109133427,0.5933688117889704,0.555827510587754,0.5498508752513088,0.5484746655451965,0.5503639058737885,0.8686094555289672,0.7353272895917402,0.4925833033209305,0.42797771580710786,0.4133202383805197,0.4056544502531333,0.4055252869171566,0.8675055630709733,0.6634284167814364,0.48506478861367464,0.43307296222337277,0.39523719100387134,0.36390677745368105,0.35519603054808946,0.8383484742706508,0.8128028394384043,0.42666461332476024,0.32141228921037646,0.30680472878476894,0.2939619112836426,0.29436035398505156,0.8538266212078354,0.8408099531202722,0.39981354125439983,0.2576359395363388,0.2353607318672698,0.2103069518268258,0.20370822925258159,0.8564583310633628,0.8024819827312449,0.35875211195469336,0.2156863148497321,0.19482396808971436,0.17242817142594646,0.16241315550833924,0.9904297899600418,0.9690756971683324,0.9427991104893471,0.914697297110929,0.8875171435337101,0.8631261964364761,0.8421364322783552
ResOpsUS_132,1065,0.8691190589569455,0.522920375560561,0.40028180639932043,0.32805231423810577,0.2414360327857672,0.1642010125943344,0.1103316368742212,0.8820644912297143,0.5909559756208178,0.48471084438328005,0.4028688187969235,0.3575635460784574,0.3399376740068023,0.3235060743234587,0.8692194000172563,0.5206838065474488,0.4331938158890847,0.40871557040342954,0.40035562155840565,0.3995653353090315,0.3894290030314591,0.732220597132808,0.7523098666256206,0.6099294425854823,0.5384009776841959,0.48277735935777477,0.4532103988603017,0.43599122225022635,0.7297824176175366,0.7428011622402774,0.624807930182744,0.5295315333896395,0.47104488668594946,0.4564536375122763,0.44629707631208637,0.7483490217626789,0.7678822408056806,0.612990905846202,0.516176575087133,0.4613914031470372,0.4336976945960346,0.42690419687336223,0.9730682065988833,0.9310056539026134,0.8880753093588777,0.8473458149814646,0.8033424138313738,0.75830049997548,0.7247589371628452
ResOpsUS_419,1851,0.8518044841481163,0.8445018396392647,0.7986803498473753,0.7255999261117214,0.6713265102394695,0.6278117283503506,0.5901408926562999,0.8654122349923381,0.8454461125837545,0.8024771559118379,0.7560999264050501,0.7090089614383686,0.6558136766703775,0.6057304531181825,0.8482632048686662,0.7596226739376116,0.5904304494682042,0.5101218989245275,0.47136543447634005,0.4339969463563944,0.41222128252869494,0.7194572509199095,0.7338623757413383,0.7771408214124109,0.7840952612880798,0.7788686680119967,0.7640253317649773,0.7482553960140866,0.7700772288626004,0.7504776275770122,0.786637163001953,0.8018880760118441,0.7971667269118998,0.7925389214068311,0.7771936951068343,0.7124010305681427,0.7261034583723918,0.7576812580725252,0.7663675481816,0.7697507342812159,0.7633897503644129,0.7540438488843358,0.9924462535203561,0.978613464633005,0.9616305755135277,0.9432468684398743,0.923592116125969,0.9034677458745795,0.8841858089165037
ResOpsUS_493,1854,0.16373696022518192,0.004457191683150841,0.036420402895978476,0.03719995788875541,0.04362095542810129,0.03358643418802176,0.0014132526212506935,0.1718322912351664,-0.04203666104818016,-0.06987169563039575,-0.14418403692396664,-0.10942025597142901,-0.12693650505740073,-0.18015908271622671,0.14304240005936408,-0.03449737957879684,0.026352539161280997,0.051222486334247086,0.037302675847869615,0.010679948401998263,-0.05188370507173268,0.07565072637517556,0.07838808887383686,0.08833184134441496,0.10374312997142376,0.10022647335138424,0.1004161684552275,0.05888344977145099,0.07508131901693049,0.07393444500533397,0.0823221149375285,0.10252487303659297,0.07192445651214396,0.05261201398053561,-0.01773194374540532,0.10047281468501279,0.09939227261585137,0.10287046576066816,0.10385572416275879,0.09989704929956855,0.0669323256226575,0.0013451533300499197,0.9278578436711353,0.8762313429100852,0.8364974930696152,0.7982064260760785,0.7523884195911195,0.7081489403536796,0.6726771647381574
ResOpsUS_470,1854,0.7775282323172137,0.6914846048111687,0.6735043516284915,0.6515204814978481,0.6163733535525802,0.5731633837904078,0.5421693655841289,0.7572058683456284,0.6869391058106809,0.7023852755935762,0.6366707383735151,0.5503949147604763,0.49195922435382433,0.42918292127857627,0.7938663777071913,0.5877246831403937,0.6267933964993381,0.6097376071426566,0.5510950241310091,0.47334770442915697,0.4076181506053075,0.7807627601653275,0.7603397701727506,0.5207002388718045,0.3880475818066621,0.34383965484874845,0.3130904647573587,0.2938057056508194,0.7531641986801647,0.7285016522653953,0.5385620913401008,0.4233075720343583,0.3756350341243173,0.3531473680085885,0.33658253601889854,0.7712658784692835,0.7425268058726977,0.5260843046760955,0.40540681523551714,0.3559583793836959,0.32593366057371087,0.2969729658319893,0.9667711045127371,0.8985852202712079,0.8314270907899921,0.7825544508505525,0.7512996205646459,0.7251398122159132,0.6941293608038703
ResOpsUS_442,1854,0.9263920110144562,0.5549678507212535,0.44561872673010683,0.38075709405391456,0.3533369601552977,0.32788295287120495,0.3008704836765348,0.9241193931005814,0.561572838922808,0.42580325904161676,0.37047937948469967,0.33814211455456433,0.32086342539306556,0.29745684945951034,0.9363551531994964,0.30741105386926815,0.11664458018516466,0.01640630611329652,-0.04856282738276296,-0.10169557396480555,-0.12207303632152877,0.7648445380302303,0.786547762299511,0.7853771550738295,0.7696271747576301,0.7624524106466533,0.7529052590684073,0.7432923724051045,0.846444989202817,0.8571708343448694,0.817985018905135,0.7693148782596124,0.7456724336166783,0.7359308881901849,0.7308947574829823,0.8127833965934419,0.8218074656200629,0.8423225547148785,0.8261938514068706,0.8101661579043109,0.8022309057299545,0.7941297956956522,0.9900498374936159,0.9714325306747702,0.9537606227048616,0.9375339034378126,0.9215078108662658,0.9048563219244914,0.8874800120631885
ResOpsUS_1872,1616,0.8230416189537486,0.7513404382880731,0.7326538537429321,0.7023744224365926,0.6925259566950289,0.70096023853495,0.7183777460694853,0.8231170557562579,0.7935961622069313,0.7710259193549509,0.7262728744664866,0.6969730579836804,0.6865910066405831,0.6985367069511408,0.8152708755595703,0.7679496372972001,0.7268555406256321,0.6792944184119254,0.659888758146407,0.6694612770345247,0.6967622267450269,0.7231745438216859,0.7140385050644377,0.6931726568889899,0.516806390051,0.3564032480087068,0.35129859922055395,0.36665389913795066,0.7321994726927702,0.7236319407490195,0.7162554909348164,0.49907924399501,0.32215529149016453,0.3383962411734338,0.3792071084651968,0.7265913373116248,0.7376398333334963,0.702501959769513,0.5489074777852136,0.29805907299978385,0.22900425201152863,0.2655645612361046,0.9620195079752389,0.9235961706130451,0.8913932995375404,0.8664414629904448,0.8456100883465539,0.8276925065780397,0.8102362793146557
ResOpsUS_448,1854,0.973744862385389,0.8276975921847043,0.7847393417281244,0.7916350218421151,0.8156054429140828,0.82842459774951,0.8348214714589479,0.9700735385241043,0.6867508638390765,0.533891810495222,0.46470354911545764,0.45082487272335947,0.45857457780508615,0.47145485608870175,0.9527969696028677,0.8228275323848355,0.7557797535961626,0.6682433729826545,0.6739421967690837,0.700887194812656,0.745104641638827,0.92828187515999,0.9535059899858781,0.9131225239705659,0.8973484004359228,0.8986092910383093,0.8938372814891763,0.8860976170080044,0.947241527394405,0.8547102619213182,0.7969180139733847,0.8220005066529557,0.8832452047090377,0.8691771784635486,0.8342459243560244,0.9302849402065085,0.9588013270835541,0.8924526289229745,0.8821949900822053,0.8880362398024743,0.8846604385928656,0.8797861178330414,0.9862843433747097,0.960988967507418,0.932545986116044,0.9008342681224086,0.8688988068965414,0.8399390697814382,0.8113598104834885
ResOpsUS_777,1096,0.8388940637250923,-0.5293783823905789,-1.9133444194207434,-2.8677136423354495,-3.4798557811332937,-3.86861777295874,-4.148823855428382,0.8439326414335467,-0.9223164505896364,-2.6556941569314714,-3.6972703678278345,-4.32333280912896,-4.773903519651422,-5.199719254367276,0.8518816137657046,-0.4092441557310855,-1.3920868545465708,-1.8036940577018044,-2.060489516878315,-2.2834427600063503,-2.477123298628066,0.734904764006492,0.6817363976381656,0.6395184172166748,0.5695255517639567,0.5200734237103771,0.44788303061027945,0.36054392426486914,0.7203293540465954,0.7166723645774162,0.6678208481571242,0.6198294211520731,0.564852531529388,0.508446223034777,0.42721171024318705,0.7008854384585252,0.7035958543502439,0.6448481658500576,0.5701220501211344,0.5389333773223304,0.5118823526041065,0.4743930651688978,0.9818726456502613,0.9564623107923895,0.9314723404403431,0.9058496285132879,0.8793148922717032,0.8531362542159722,0.8282323545795067
ResOpsUS_508,1268,0.8119142522986931,0.2531200302167098,0.09468665217199057,0.011908406960859153,-0.013426379571193081,-0.028769395664939745,-0.04104497866402124,0.8281523608649226,0.21578255877345964,0.07559044636604051,0.044674509599660794,0.06480381658694723,0.0850590299562286,0.09195468485984293,0.8464776054151267,0.22591685956455698,0.08677886927548695,0.03705690720302757,0.06011811316038962,0.0910714366158043,0.10576891333163363,0.5780972200748838,0.2940361569234965,0.19459926045767495,0.1800317209838529,0.21738119627648345,0.25036119752464736,0.3464145536545322,0.5778334074852982,0.3862045415407176,0.3017817966953986,0.3238968904095517,0.3416878164566618,0.36854097104917916,0.38521513330618573,0.6181290674570178,0.4961685780410213,0.43096623134019507,0.4285805822924773,0.40205988184826935,0.40230163384166484,0.41594056867287876,0.9395604737731305,0.8667600121757982,0.8107437279170252,0.770410964144967,0.7290882323656533,0.6985340119427605,0.6779676045379623
ResOpsUS_368,719,0.9241616267511373,-0.08959820532441931,-0.9407869770544275,-1.0400726782217364,-0.9481075840011279,-0.791777374243976,-0.6920276706989803,0.9279521153416415,0.4494082034225735,0.3859389797135746,0.3247062434829213,0.3411804170492301,0.3071613413044949,0.324433853226912,0.9260450493976348,0.2667801734156706,-0.20537666807892063,-0.5701921187533994,-0.632310033615187,-0.6211137108861404,-0.512697821406519,0.8157604785582563,0.8228148691475929,0.7964995026851437,0.7571832000390983,0.7157572048618999,0.6892140994246765,0.6318736701463085,0.8095100464382801,0.8192192031028662,0.8111626036746811,0.7735711726706487,0.7374879273471393,0.7169331552304337,0.6725954699156694,0.7881642640251175,0.7916667097469229,0.768180898969188,0.7277451951114426,0.6953750690523569,0.6792106504520681,0.6530692920490113,0.995554122874294,0.9866460543588581,0.9750877574980895,0.9611207172627969,0.9459532442691654,0.9299016457293869,0.9131240494627129
ResOpsUS_549,1096,0.8260389970988707,0.6285226525835148,0.5691753829687158,0.621587473379974,0.5509950702470354,0.6180464859754133,0.6197870125213054,0.8430403254334368,0.6576028553508767,0.5709231271717965,0.5821407525089901,0.5710799540249342,0.6251303762758427,0.5993262626703784,0.8358844331320127,0.6216383936462391,0.5621349584579105,0.6022259959890885,0.5242581301271407,0.616703320642656,0.5813961937768115,0.8784792390221688,0.682036402429242,0.4426397127629125,0.5497322914840543,0.5712426333872211,0.5797750331631322,0.565245167908891,0.8981791981624535,0.7486100701396695,0.41355588002787347,0.5177668327055656,0.5540239608806647,0.565795274978439,0.5513111162675748,0.8654855034526144,0.7193814747975307,0.4596222645087782,0.5037241138001256,0.5049265609784247,0.5355401183871182,0.5452350661827168,0.9910243981251238,0.9737781306130991,0.9528996123214405,0.9307842743464143,0.908127527932447,0.885003325365409,0.8624050116281422
ResOpsUS_338,1134,0.9542883562397451,-0.3546178687662711,-0.6008929512654666,-0.4952248546608995,-0.33325829885277614,-0.2934918122980028,-0.21420835177705078,0.9469686172936785,-0.4741944237889417,-0.7603303013799656,-0.7377003278329681,-0.7065974530533412,-0.7232609011955191,-0.7394309558356873,0.948134928724167,-0.33087158324565213,-0.6108479092671846,-0.5936673770951204,-0.5135736508027104,-0.44775312112961796,-0.37727945112897854,0.7116048823216402,0.3160300412080822,0.020813014805224128,-0.0711644034091845,-0.0787096633957387,-0.0293658140358104,0.03747705327690476,0.6833742261899807,0.5368870734391842,0.2824685028406344,0.09179976713427462,-0.12475073071096343,-0.17114138080211272,-0.13640941074926038,0.7432974869030542,0.624245543449484,0.3940138510050819,0.18020542158402408,0.03083696375494538,-0.0028668985557835924,0.03008781354932233,0.9680199422990334,0.934495074951493,0.9031620404154018,0.8689156052901106,0.8373063239849411,0.8048312751079942,0.7746912650329236
ResOpsUS_1735,697,0.14757841202167454,0.14654479936159137,-0.18753682642915637,-0.5532969240427212,-0.6777716527256563,-0.7769741011228495,-0.8326028134784194,0.16284788169092712,0.23565692436562546,0.22885569332019517,0.20320558656045873,0.21808371836305795,0.1985178096562138,0.1950616912302907,0.1548356826605677,0.19210760216477007,0.2592013766175857,0.2243533817543698,0.2023051213557836,0.19388486940688332,0.17169044995542027,0.10342845942073586,0.1347701338872921,-0.135120266587609,-0.49430408392016734,-0.6554754414742026,-0.7035977583865163,-0.6999203406320984,0.12713006518531356,0.11326617255004467,0.17732806985434446,0.14599166190299917,0.1671548780515777,0.183488600393366,0.17689601264196608,0.135399516328367,0.1568416607398203,0.1819491471351532,0.14787109272967236,0.12411414642632823,0.12005097112927465,0.11637997480021056,0.8694280565097781,0.7145177760555164,0.5958461602598315,0.511697787238792,0.43807840963326095,0.3752183289197544,0.3265903230885353
ResOpsUS_518,1741,0.9749885905319237,0.4618003856090306,0.24373403133308202,0.18032261296050267,0.16614229841343697,0.17515153157333607,0.17976087593804202,0.9815011455995435,0.38329924016229255,0.1010397670629759,0.009802187878617419,-0.014430510054146195,-0.01597614809753667,-0.02556511067563494,0.9809060083797634,0.4894904392764775,0.20505515553917353,0.0979056325109745,0.0689598076151694,0.060120697723106686,0.05343496605635256,0.8994337559318257,0.7473752878640461,0.47968729120115583,0.3658164513956369,0.32392496781015145,0.298076809814958,0.2939589689797165,0.8969513485287651,0.7407841641425374,0.4273443597696265,0.28098115902670895,0.22868817701357036,0.19587903214788072,0.19286039148367262,0.9072177510279704,0.8504189469731096,0.48954448743861767,0.3112474620136705,0.26897114468307404,0.2420086036509308,0.23397968388124235,0.991125897585477,0.9733586693699234,0.9510071917460028,0.9260216096939735,0.9002213012868575,0.8748155074565618,0.8498846223689817
ResOpsUS_467,1851,0.9639717952233083,0.3208257684380196,0.04393570684024639,0.016037471516671675,0.027270770957361412,0.023928758694637398,0.019542109871541702,0.9705325314165365,0.2094050488940653,-0.14574820565626734,-0.18529713405873993,-0.19422557268663865,-0.20466715079726772,-0.2166199145930432,0.9573961680582385,0.2706343597674177,-0.02834430030178159,-0.07259252466476784,-0.08616181247174248,-0.10076379796234813,-0.10974108320397757,0.793493068610237,0.7719801217570594,0.8454539246068931,0.7975495642744483,0.7768514578085386,0.749360886471117,0.7427389321910225,0.7962559272118112,0.7725727654936497,0.8409591142105575,0.7717316001051986,0.7440384945669507,0.7159773122525299,0.6978568201381383,0.805480187864712,0.8183757886478904,0.8454543416624308,0.7781826067379969,0.7562851148307675,0.7315023725584432,0.7173463956086209,0.9872735707772153,0.9608013238852346,0.9333835466471625,0.9103125603474476,0.8933856288056814,0.879754217509261,0.867779021783888
ResOpsUS_114,1792,0.8808273647949262,0.7590810232035974,0.41456697666958675,0.19263085499881705,0.06740462662715996,-0.026247127408836946,-0.11842884873367288,0.8871853141444026,0.02724940744025728,-0.09704303491389554,-0.38630000207506354,-0.7380257241060955,-0.6906579462676452,-0.7417063672392454,0.8799448367796507,0.5751803275622627,0.5361012038722314,0.4110151065441241,0.3768615103615913,0.3212547766843372,0.27506171562034987,0.7941135086231084,0.7821074944535582,0.6932779813334122,0.47794233195019986,0.34594548805300995,0.31609644696520667,0.25831391647848856,0.8339158893663187,0.8421610038103671,0.6355875594039653,0.437602395113436,0.33010833274728235,0.25736935614445944,0.1983632787779891,0.816847566026755,0.8255511341383606,0.6511397990545925,0.45870475959644863,0.32792782427723344,0.27559982051136467,0.2201835773165931,0.9450170825456405,0.8285361562476458,0.7088853902341177,0.6095053283223386,0.5468753680209466,0.5240962169676631,0.5328205216561683
ResOpsUS_524,779,0.340692805841174,-2.823837129044397,-3.8123594581186584,-4.1562206567087125,-4.472982327986104,-4.489817895433408,-4.507671695072912,0.3258904629690774,-2.8472650387249416,-3.7584439156158833,-4.099327951431266,-4.423727625479544,-4.425467232776875,-4.462196256197977,0.33129746164411655,-1.631592634643047,-3.3072544040589724,-3.73115244068981,-4.005508961719008,-4.069026669647314,-4.060243001965689,0.31512431418549214,-3.039978630447166,-3.5482230262419563,-3.854939405350999,-4.174788531580208,-4.197437992900157,-4.204629426376169,0.31002852399757086,-3.1187702442189646,-3.4568557077965583,-3.6471086412222835,-3.9264135468710135,-3.936380820863776,-3.949380435215672,0.30266337226250795,-2.062514168833844,-2.73230464997753,-2.9332372016329806,-3.1808428476331176,-3.1938678062313937,-3.189550115028191,0.9608422852748871,0.9120083618159655,0.8622652188356794,0.8125968366402785,0.7627269749670507,0.7122634505690906,0.6605832825663422
ResOpsUS_198,1761,0.6801654824720181,0.5948629391196507,0.6069614370448773,0.600190781427295,0.5723216990452784,0.5320230384890698,0.5040808732574036,0.7050944077184942,0.5727646130823522,0.5673564940075678,0.5446830611918864,0.4933417774717155,0.44806864507762356,0.42972246068467645,0.7107981846873979,0.6250834588335947,0.6015020161550348,0.5772871161034832,0.5340192392083462,0.4850526100621504,0.4456297295438826,0.6101037335230233,0.6137418068377165,0.6532914042332896,0.6720645526031539,0.6592796653527941,0.6346530640474874,0.6042712774768648,0.6117140669627373,0.6114518224960541,0.6485650304337482,0.6755840712170318,0.6541931046979956,0.6157288023373637,0.5760553618968275,0.6312175348523019,0.6442573205847688,0.6813450995483467,0.6994868836986924,0.6763075152553787,0.6313272423910046,0.588496063513248,0.9440361692537645,0.9185907264213062,0.9015926296891953,0.891503056251959,0.8805917316312748,0.8737648224670591,0.8649958656032273
ResOpsUS_1713,604,0.8660541084800271,0.4358230993119959,0.16315247622743034,0.13888787500603328,0.145609326104589,0.17234398375954596,0.16089717490657152,0.8679723073810329,0.5050422897946933,0.14892396148750497,0.03185606268013852,0.034253575769975786,0.03512785018154885,0.031215932821430314,0.8507910890045256,0.546479261356916,0.33788985681804373,0.30094035956140675,0.33594151719932197,0.332555213796199,0.33112301727181215,0.8256119458048877,0.718448919242227,0.582450239081444,0.49927956292489417,0.590429843735007,0.5921507596497719,0.5857851482353983,0.8230807117254756,0.7159210838108621,0.661806504982024,0.5612531892257251,0.6259901394265985,0.5961372272512091,0.6140059178449669,0.8126867445526149,0.7180489086959254,0.662833809078086,0.6181210329591841,0.5880647714851468,0.5831319003158335,0.6052347910775124,0.881439352066051,0.6682193793848343,0.5072187487384938,0.4106143424976394,0.3394840147807824,0.27882666408296886,0.22809975547839756
ResOpsUS_317,1027,0.9883193502030233,0.9477758462605415,0.9410808565569382,0.939711325024835,0.9338687317596845,0.9307500493831932,0.9252994942764201,0.9878321995439214,0.9314510682700847,0.9155925412545981,0.9176623803631088,0.916023241570768,0.9128630034198231,0.9063046161139124,0.9934928299153606,0.941459386431952,0.9151314305019901,0.9000195695000416,0.8839437430789436,0.8728126156464561,0.8615972091783859,0.9749959512989891,0.9394991596656221,0.9275178411584222,0.9353662492023614,0.926774165459112,0.9244620205302306,0.9176548773203125,0.9721249515244046,0.9409062617619959,0.9322923396099452,0.9304397763066246,0.9294945098288929,0.9296785676680321,0.9287557376828202,0.9712256384799708,0.9437871936519479,0.9106101406330703,0.9182836571869835,0.9266089248398316,0.9260346192668042,0.9254849929611216,0.992885533728847,0.9821999457737537,0.9700489957338172,0.9557255723747116,0.940995059857225,0.9269838452116439,0.9130722199061259
ResOpsUS_952,1096,0.9248226322465315,-1.064716267526879,-1.7203636904981394,-1.9167651110566335,-2.2038776412396435,-2.5300590291506793,-2.858587621337909,0.9104099873454927,-1.0868905208204547,-1.8826181986544834,-2.193003418233671,-2.3801473412425116,-2.6731357065599144,-3.007609742235079,0.9223708382950411,-1.057868653219737,-1.907874338751638,-2.178316738286537,-2.3096201749758505,-2.4746823144740806,-2.6952173413889335,0.598679439206569,0.20430403995772128,-0.021034088439177978,-0.10372795614605934,-0.2165247399254222,-0.23499470707860914,-0.1585352982078001,0.5662883513697533,0.4650975002550096,0.4619086795686017,0.19559771234171164,-0.06531454974564,-0.08711788455883407,0.07962458090694713,0.620021680973511,0.5041560344015223,0.40912630621425883,0.23901552691098615,0.12607259795315107,0.1288477153341835,0.11720075563258292,0.9443417732137893,0.8648554884877977,0.7835403605678048,0.7011931639396544,0.6264534353011976,0.559995670409269,0.5002380717980579
ResOpsUS_595,1827,0.9337987664099137,0.8129250773712902,0.7583357942839366,0.7362400631122008,0.7274932803062877,0.7188361382815185,0.71203529441623,0.9397639758206239,0.8135371980692208,0.7367613801505077,0.6753471609060795,0.6242808940227641,0.585203482211792,0.5615436080241638,0.9327099445415156,0.7877136784272751,0.7229833003241963,0.7066314271427427,0.7126701793842055,0.7233072477685899,0.7201136908456509,0.8401105001595313,0.8280275079478807,0.8721264803618238,0.8691831348121742,0.8659884280272327,0.8595072595751103,0.85019158897483,0.8169558433181198,0.8275675687070887,0.8643593794125628,0.8582498556950139,0.8467342213588372,0.8431832287166032,0.84142678175543,0.8287869768339953,0.8196502729074358,0.8762332315573037,0.8709249788318543,0.8667932553055866,0.8610456219776144,0.8595455851619566,0.9944028335557803,0.9832392306608909,0.9713459703299601,0.9598693535847687,0.9496673702050585,0.9402489356217248,0.9294946376522861
ResOpsUS_148,1579,0.7431945103278941,0.6222210790449643,0.5567989936459516,0.553108769597342,0.558933236571403,0.5798776361443334,0.5845338524556303,0.7389013625902128,0.5480203765688538,0.4887195296698501,0.43781794666621054,0.4324953143198299,0.42506747869275774,0.41800728992634306,0.6815409848316252,0.6211857712097122,0.5631831358320534,0.5459068121430786,0.5535678769309178,0.5595698502326256,0.5626158060260309,0.5835072828638997,0.5665121097567027,0.5618168759304782,0.5405512659124285,0.5460150647375512,0.5664925338445754,0.5696564941314964,0.588189149769474,0.6009796281337088,0.5811797880909058,0.5553348634193972,0.561987849180067,0.5866652543232491,0.5996944720662293,0.5573649678876793,0.5683143180490724,0.5739627040379618,0.5531070340295696,0.5530039992005743,0.5663952550357145,0.5726908641493424,0.9695138841996515,0.918243420657458,0.8693279494338236,0.813796500218686,0.7560754320257097,0.7065970736814923,0.6610091067099306
ResOpsUS_948,1096,0.7237169299872147,-0.9711628256350455,-1.1969547100697904,-1.0851193259449512,-0.9058510788127234,-0.7341589606347279,-0.5605839847416609,0.7134160894790943,-0.9367354363113891,-1.1149698986597416,-1.0225769326075036,-0.9612033881272832,-0.9298265271018353,-0.870201683306361,0.8491476377629887,-0.886846290646039,-1.1379593271171888,-1.1712787145356551,-1.1313463646617792,-1.0517479951072617,-0.9908090643012917,-0.2525237529396709,-0.1517289807070028,0.11931199123828917,0.4232915639016799,0.5782738442893735,0.6554044587691987,0.6961538221186004,-0.2917706839774805,-0.2225248081354123,0.05374118315101417,0.3976146817659154,0.564128486252091,0.6489324634708357,0.677805040961365,-0.03793955723213149,0.05364187363292572,0.28134343885764435,0.5414290479249707,0.7086638763043309,0.7717393493174818,0.7931199702392411,0.9678358004814953,0.9231593330266517,0.8801320642053699,0.8438642433038129,0.818583787468197,0.797268708512266,0.7759890539391353
ResOpsUS_471,1854,0.9528112147468435,0.6141901939277756,0.45755441887139414,0.4316518388384315,0.4328039962986401,0.4294919368973993,0.40437218285552745,0.9569300379299353,0.5344656503425296,0.39909959212449475,0.39647610475812256,0.40630037096495786,0.4154522130906658,0.42683389814609696,0.9587119537891888,0.5445324984613309,0.36688824146268095,0.3351834113874359,0.3472500605596961,0.3701319874406239,0.40048532509086887,0.8451235228289538,0.7615063323803313,0.6085229226303472,0.6278295945382719,0.6509662802001142,0.6746213779356824,0.6894127597764986,0.8524168830831481,0.7902996820426682,0.5961637095529964,0.6155477384587897,0.6347040535581969,0.6422444117099997,0.6495833002965117,0.850600282783264,0.8322581113190682,0.6796445983685937,0.6871937962126999,0.6944959827879098,0.6933663112513258,0.6973023408023924,0.9784774452922924,0.9492018693042773,0.9256124363602407,0.9028905231508347,0.8807322033922936,0.8614442838615747,0.8431331181052591
ResOpsUS_976,1096,,,,,,,,,,,,,,,,,,,,,,,,,,,,,,,,,,,,,,,,,,,,,,,,,
ResOpsUS_431,1851,0.94393657530731,0.8625546903424484,0.8556283707608392,0.8798547642550176,0.9014332103535052,0.866329946254238,0.8288210402956775,0.9692284471120894,0.8847482394748979,0.8488924082086093,0.8572541926180854,0.8742535824718681,0.8737155985745387,0.8515921879538073,0.9526660362686967,0.8467702266155084,0.7988028978043008,0.8136638684961792,0.8639196561372563,0.9012826989488869,0.8920890295910575,0.8976178349608449,0.8526864861347915,0.8776104620316671,0.910068118391073,0.913286952040626,0.9085255539028179,0.8974642291291758,0.9301627414811439,0.9002637681013278,0.9279439173938374,0.9448835301662063,0.9353140796771529,0.9212777500643536,0.9119137974275723,0.9084480450433204,0.8653469771498081,0.8832057311552298,0.9143346952728919,0.9282223255103625,0.9340753494927365,0.9347118416086041,0.9713468759350694,0.928660084375215,0.8870729534858933,0.8469729651751798,0.8139674961230632,0.7916007762692964,0.7755991457874956
ResOpsUS_295,1096,0.8361141191481829,0.07511273772590499,-0.3999220050800256,-0.45299264132093064,-0.491191999733654,-0.5328430742996917,-0.5480655685618636,0.8626005115780266,0.011891783674073397,-0.506824539711481,-0.6533785143492954,-0.7004851056173442,-0.7557839718619686,-0.7785365356357539,0.8747293079175538,0.07606538007275765,-0.0606732100641576,-0.04165953782716181,-0.026473302062996584,-0.009326610723163764,-0.019558393111278383,0.5156092264742972,0.5709968702950519,0.5478494938543124,0.5134937776602231,0.4799511111266399,0.46235332816075336,0.44411773503106444,0.5083217992676081,0.5328323549901473,0.5089038958670374,0.48177593256420737,0.4617875093905427,0.4398005965156142,0.42977641530207755,0.5038794909821355,0.5311537858995474,0.5172901985736245,0.491098299588814,0.4692951329038799,0.45952399663313803,0.44713470889644347,0.9885520714707955,0.9690036579490732,0.9475239769958413,0.9245116663214162,0.9010494985019732,0.8796432121452155,0.859381870951601
ResOpsUS_133,1096,0.8958075816720221,0.6681966202143506,0.5014934678289935,0.3940493925556806,0.3508856829991017,0.3666736735000178,0.39571147342410873,0.9063525534079728,0.6629520366093815,0.49198190857201984,0.40095826411946744,0.3544282632121296,0.3521191547198561,0.34170874934624684,0.9039229772736881,0.6850016586174897,0.5734917488033349,0.5210291658402098,0.4989928796003267,0.4978066284034982,0.48092192516542287,0.8603346765033746,0.6421058892292117,0.6183112348331337,0.6051188223998043,0.6118875173402334,0.6414141732426766,0.6656567203424518,0.8670286346255107,0.7523869575154003,0.7130957581863464,0.7210379589239336,0.7093087518815646,0.7198754411671789,0.732991214709822,0.8617162114974402,0.6735386317964223,0.6560877473520849,0.6498592143987012,0.6285876538554656,0.630208182117239,0.6525842840518783,0.8865948358179463,0.8239996841507524,0.7592850700761927,0.7006439346932516,0.6653759071630005,0.651941749445002,0.6299200035525991
ResOpsUS_600,1559,0.9238255195300363,0.8198540761165615,0.8144284661174158,0.8161063974841407,0.8202942122924786,0.8136002420564707,0.8101792770390258,0.9351727761293547,0.8043280383374678,0.7968228917924131,0.7975124029966615,0.7979098096747704,0.7916757164532854,0.7845870179234986,0.9235422024280802,0.8712572182913905,0.856865372313194,0.8517493638624218,0.8329707252678055,0.8125109372762387,0.7879945122554193,0.7375506559617194,0.7490870470668928,0.7986085348399738,0.8300875600516595,0.8360545562849013,0.8305470510469042,0.8191825765554518,0.7380253071369511,0.7410064370718581,0.8147528375093703,0.8353018274058475,0.8281174340542327,0.8158562759254894,0.7998766258549899,0.7565342489232577,0.7791092172476892,0.8195824707227974,0.8187920457621046,0.8073887431241458,0.7914357664435457,0.7794625838770394,0.9967308224313849,0.9915769692893625,0.98614278960128,0.9802918976935855,0.973771809299534,0.9668173890998694,0.9595426439293626
ResOpsUS_169,1551,0.6664456430419737,-0.3674093329219641,0.653373089039052,-0.3425902226099231,0.6473680225051511,-0.3609331051170761,0.642951590056646,0.6734963688928056,-0.5293814796529557,0.5790030113950924,0.27608690521705515,0.015006350454209505,0.0917521911232203,0.5748529101962992,0.6503375990071226,-0.24934726474733515,0.6539725654243131,-0.22592195333785248,0.6605605488205428,-0.2659697427230192,0.6668987948266887,0.6330680177092838,0.63966360842974,0.6544089061940928,0.6544213983862204,0.6694120902017324,0.6860379284115412,0.6678016527353796,0.6505768622746,0.6630967080743164,0.6663058405652087,0.6727197676104113,0.68041866459484,0.6990678368432244,0.687854139469593,0.6299880436054708,0.6410866282077018,0.6425795239426322,0.6493526577675828,0.6554026013537895,0.6790443965879056,0.6678955467403379,0.7254884853702313,0.5270296011877916,0.41011926054505665,0.3614115066803285,0.3634150161478319,0.29639558283858014,0.2950167487606331
ResOpsUS_144,1379,0.7885500368133107,0.6997044846424219,0.3957595504383189,0.25452319701502657,0.20265124481722152,0.15507711607902752,0.14608572946471654,0.7523043416398989,0.5824145072376288,0.09705525241098045,-0.05437196048807724,-0.09583768772712475,-0.11650268813372278,-0.15657630998347982,0.7246075523344597,0.7540400619996619,0.7166250242716091,0.6887284023067048,0.6968681281254945,0.7060398022788451,0.7010236336811958,0.6991360867324192,0.7705631963092884,0.8590334942433325,0.8423649679456413,0.8420535463115335,0.8439625363000861,0.8502271779946655,0.6502353927640852,0.6737724933199039,0.8023359459364383,0.8501001195467358,0.8739118724418143,0.8737486159279596,0.8947010282827275,0.6821078658421085,0.6799839828981891,0.7671475989601195,0.8173848238167294,0.8467472116699881,0.8637599820868114,0.8768040123937749,0.9787701221520981,0.9292983434578969,0.8705457141504291,0.8121185885396718,0.75692490556908,0.7066591233971415,0.6628052815723365
ResOpsUS_592,1471,0.8612723073678711,-0.142090629201423,-0.3110604187006032,-0.3390930961804659,-0.34257641113673376,-0.3282230768471903,-0.35395215709596006,0.7863366280914128,-1.0514587541585145,-1.3046902140774237,-1.3864992795879414,-1.4624842343894313,-1.489413306429661,-1.5575147205180233,0.8271431250633733,0.24569473559370325,0.22691335426135384,0.400934759511262,0.530020637323224,0.5631829621376734,0.54278730215673,0.4695393741620951,0.6913938757242744,0.776196414776714,0.6999226818631299,0.7641473923215911,0.7534180344179134,0.7283256957765453,0.6200066152733628,0.7102835405208731,0.8241718203047766,0.8327178920025621,0.8291448510313899,0.8266785257701686,0.8220212222708898,0.37169942062639094,0.449880759292441,0.6949616445053743,0.7572043324963768,0.7403025458736183,0.712687809196402,0.7407690044120312,0.9808307900047154,0.9550544734831578,0.9296976156329341,0.9036594516828058,0.8776603347837724,0.8543890610704369,0.8279453737315167
ResOpsUS_191,1473,0.8506128549587534,0.6725941930561605,0.6415891025348499,0.6422210689839365,0.646411143265492,0.6453468106843991,0.6435380210780319,0.877593725649751,0.695523714171369,0.6594501318073325,0.6466094316827637,0.6401415253833316,0.6248597029317613,0.6036349595731676,0.7890014027781642,0.6629862890538131,0.6708207112685484,0.7022923306335547,0.7182289437377447,0.728050987048259,0.7307805021634157,0.6933257155193643,0.7380930860790382,0.8292299344047969,0.8660646867827173,0.8716934234087663,0.8729465653990532,0.8703285096970963,0.683584153078042,0.710689632613726,0.8266411913448642,0.8817525081586778,0.8933557286797681,0.8857562302488986,0.872517166914983,0.6634011668853994,0.7229062343964733,0.8242732624086815,0.8476516208539547,0.8533684833623179,0.8538370567814215,0.8540369558056119,0.9925578146426153,0.9796976680148867,0.9667032353249662,0.9569161935077,0.9507004091922152,0.9457204080247247,0.9394248604101978
ResOpsUS_605,1472,0.9411494522389001,0.7572507691610892,0.5795727665456896,0.5090479428180414,0.4475021774832768,0.38645188158845756,0.3219432146590915,0.9447656717496697,0.757078238456696,0.4987695106561425,0.39239883430464584,0.3602700063858909,0.32417877533702477,0.263934676696042,0.9221221772888967,0.8041431495921458,0.6230432336341306,0.568623079450557,0.5392415603106708,0.513044786975889,0.48335042917131277,0.731407357369765,0.7264953940925298,0.7314575061059099,0.6826185264861786,0.6472419383625876,0.6060465089863658,0.5760103480518504,0.7281054499481305,0.7177335667346351,0.690898376501605,0.6251607820830181,0.5886392441520634,0.5529607509100571,0.5298457298487538,0.746608239120272,0.7340869686103921,0.7115790389454872,0.6773025112736186,0.6497914166244988,0.6247252384608595,0.6071137346637228,0.9910944717651842,0.9775560649845935,0.9627144954937424,0.9473150330009927,0.9319013826945849,0.9161668583722976,0.900389279771564
ResOpsUS_609,1557,0.8417686492977212,0.3963428919130082,0.39268229146085976,0.4448693491333704,0.45748526202630624,0.4692698873966513,0.4684710632807436,0.8828070967067011,0.4016059867355495,0.1606970915597663,0.17812517448147935,0.1768489033002062,0.17115328318849177,0.16392188166063915,0.857989985311407,0.5132653915790989,0.4568438339857187,0.4682684648038805,0.4505390328498742,0.4397273010206799,0.4325990711598058,0.6697082547855178,0.6873830968270382,0.7506292728236587,0.7443643150977588,0.7503577421877133,0.759407642541276,0.7543158930864834,0.6866271322839606,0.7081701586835908,0.748055413184896,0.7538833854765497,0.7441986493992392,0.7403560347808026,0.737772494337708,0.700659147450732,0.7221230582894786,0.7546020695292083,0.7342686839610386,0.6997500922109334,0.6867991680214518,0.6679120846367912,0.9853411431228284,0.9621205211121536,0.9382520112468103,0.9150892649703886,0.8916423137393183,0.869184371946066,0.8488282501109687
ResOpsUS_193,1527,0.8511279072747838,-0.17865861845782116,-0.867997304249692,-0.9522901986397105,-1.00423362788674,-1.0482682793975173,-1.1080492182564718,0.8629132721658838,-1.2063524050387242,-1.8477496755679046,-2.03506366184554,-2.148939435974139,-2.274687183197922,-2.406942122891071,0.8996207583569199,0.2754286795421237,-0.08459058019902899,-0.185560709593946,-0.24045115945173134,-0.27305459734850657,-0.2955872428878912,0.8293924771336747,0.8183467727112911,0.6805118174823775,0.584807023438598,0.5744322656559964,0.5488650760860722,0.5676441451686007,0.8105472848064373,0.8103939432999829,0.7230351394948775,0.6251602091767097,0.603055072977932,0.6029857062039294,0.5983320596033268,0.8015319132124746,0.7792536248468827,0.7878654576186966,0.738330833694424,0.746404458271716,0.7771226575591956,0.7985689392652382,0.96836189625772,0.9062550086007974,0.8468457429519839,0.7897044566452711,0.7319620968482252,0.6736156720568027,0.6178827674171674
ResOpsUS_585,1558,0.6900199377031485,0.11867424400180882,-0.15862232985806002,-0.2643223332412752,-0.33323353192284744,-0.372316661928884,-0.3988538330361462,0.7276524133387074,-0.15886565728697066,-0.5502302781372155,-0.7437727751633669,-0.8776836011772464,-0.9987467650438389,-1.1236845178269146,0.5700235986306139,0.3744072597118,0.160606484320989,0.05604055762873206,0.04967111362301069,0.031006558110289073,0.03260089357067775,0.3100490701462424,0.45542521682794546,0.7965537589585603,0.7955441194424228,0.7554063894305125,0.7319526080787453,0.746776196042875,0.3846683856292342,0.424727754849069,0.6813925705194028,0.7191297999335922,0.7106414126780116,0.7134756195335082,0.7072384149313005,0.36373321892313004,0.4428748358705481,0.7556106534807161,0.783945841198254,0.7476310962426813,0.6976514012327237,0.6913297053058871,0.9792664388821534,0.9364194182780793,0.8868245120485542,0.8360567359400547,0.7845426295698121,0.7328896372027451,0.6829947632156176
ResOpsUS_533,1663,0.9805780464316223,0.4041100903292495,0.006935067702744657,-0.2179616218249969,-0.38394112753134624,-0.5133191173651923,-0.5829317126851481,0.984651065083468,0.20030812177318758,-0.3151477516986829,-0.5522347223275861,-0.7268728739009582,-0.8790095350305929,-0.9693945157177761,0.9699911932277718,0.34802776311137695,-0.24706777703346128,-0.5389499655058125,-0.7101114861281657,-0.8547449175801016,-0.9660255511709037,0.9429369699577885,0.7024774939565421,0.466701161773323,0.3776557235250211,0.30524112567709494,0.4703243960321578,0.5357346231649347,0.9649240653776743,0.8368478590370781,0.6416507224586706,0.5269561575914445,0.5240048228213423,0.5756947547333798,0.6073687434325045,0.9427802222664633,0.884435571757798,0.7191172333105103,0.695248841497424,0.6972665736328483,0.6985149519319647,0.6878879790088135,0.9934448235101576,0.9800677915428373,0.9627858103624309,0.9434670263089566,0.9230084846796826,0.9023820834435854,0.8819571076642397
ResOpsUS_612,1509,0.7310889243418861,0.5636809028123205,0.4950316254708015,0.4484231431553616,0.4234851719440973,0.3977856009486349,0.36086771905100956,0.8209062646460069,0.6231774927434985,0.5497034974774087,0.4864131740793297,0.45115604737938886,0.4230685735202657,0.3959810490441913,0.7831739410700844,0.6253138481596958,0.5348657878465782,0.4840796078526628,0.4499798392249399,0.42416899993547974,0.39945293868550724,0.5308861502237938,0.49594408759014796,0.474831465221653,0.46354872086789367,0.45064934232071996,0.4384873625350536,0.4349569356934626,0.5787074318931518,0.565049088148789,0.5468034424564524,0.5409113409308235,0.5206589380718382,0.5070381327164035,0.4984601147129969,0.5602389935718981,0.5407001259325305,0.5280497928413559,0.4988730601681761,0.4885883391197765,0.4733113262676789,0.4575311702471492,0.9982877034861104,0.9953085494770396,0.9919431026609331,0.9883780993003038,0.9847074454920829,0.9805632236108931,0.9760551662226986
ResOpsUS_223,1120,0.6366929633930425,-0.021055843495744186,-0.12003705239570572,-0.14234947223365757,-0.12324921119563514,-0.12789565139084624,-0.10654297106703159,0.6829255311332878,0.015144321703403962,-0.08330114564732205,-0.09673967869601086,-0.09008252767889924,-0.0943768846204247,-0.07324545078091815,0.6974330966437119,-0.06580545509200775,-0.15119296316490027,-0.15407263364002177,-0.12328795270667459,-0.10687825513811666,-0.08388458727640025,0.27400085080536485,0.26307048877159733,0.22116852760338224,0.21553149764230017,0.22551677241014545,0.2071188788152919,0.19320897862253938,0.3208013148393821,0.32248194061545676,0.2495085173195446,0.22205743036142422,0.22031492191463586,0.18827525374014575,0.18939371074812172,0.23652100962271938,0.209830352700609,0.18220658337041118,0.1859406405042776,0.1732848164519738,0.16875585722352493,0.18606752435845864,0.9309708856884181,0.8838615862276094,0.8571891101731978,0.8540440478230268,0.8254317509063632,0.7974634625662184,0.7678039594667615
ResOpsUS_956,225,-0.13919859484821528,-0.8181276094518117,-1.058266755141962,-1.3004972369788153,-1.5900186408267873,-1.815343522614492,-2.023511096010425,-1.3414553364248762,-2.00547349197007,-1.946128667757633,-2.5312656738385217,-2.889224187607239,-3.1504007695204104,-3.3317227783969905,-0.11939452708034293,-0.8683995737296657,-0.9821882707416263,-1.347085618527379,-1.6615359716961033,-1.9279058061996195,-2.2136817588433946,0.7301644894189772,0.7143077228052681,0.41102512421837767,0.2599585240885587,0.19020634096342803,0.08465113711486327,-0.03748083514390799,0.6790474005502547,0.7800218560602608,0.11876705127625575,-0.16913858371575552,-0.29162479390524765,-0.4732222873831391,-0.6358732189623886,0.8093188919539241,0.8055443895907014,0.3517885050530939,0.1757186160561729,0.1292876050040378,0.08571978326640572,-0.009694985784449273,0.950606636423812,0.8885887364029657,0.8347326552643155,0.7829308259930474,0.7331612285942297,0.6821165619691297,0.628644644235703
ResOpsUS_507,1724,-4.432269868204236,-4.3238482785177865,-4.3881609144944775,-4.565468309260262,-4.434521784071104,-4.390449895496271,-4.552450781292715,-19.967204294539968,-17.802070840317555,-21.18141849381078,-17.702275899258286,-20.34611424719358,-17.422952520248113,-15.765314929329772,-1.1521493412746966,-1.4048234071196406,-1.4948746790409229,-1.8184763788507272,-1.902587687977575,-2.0165668196741446,-2.0081181241968884,-6.030993399787185,-5.970770931969398,-5.978003820178498,-5.949451631233969,-5.960671562908437,-5.953963389705833,-5.945727711837224,-17.169155290432755,-17.070152941932506,-17.064470105465595,-17.059906442794865,-17.04256195911067,-17.03894003320755,-17.029479754387772,-1.8318412017705121,-1.8053189491121522,-1.807245887745148,-1.7803062818318494,-1.7557141246892067,-1.7511830552955021,-1.7503159891928854,0.9926759019787402,0.980191657645015,0.9676084149104349,0.9541884411930667,0.9406967870100404,0.9277177973257428,0.9146816203098849
ResOpsUS_931,1664,-2.6840323300440274,-20.0701445206321,-33.193637132097365,-40.871188622895104,-44.57091548811345,-45.09539166324732,-44.22413577201644,-1.1689457905098197,-13.800778762377933,-28.595947339715824,-35.69347301311153,-40.115276379214386,-40.01660560344195,-41.12420366700386,-2.5708704299781138,-18.500488506865313,-33.12857302070684,-43.422166422460386,-48.552704385876936,-47.54596131736416,-46.744478475006765,-6.931955253328284,-17.455034549284314,-26.313168435171903,-31.300204606798943,-22.553352669974295,-13.347937946526736,-9.67693313438277,-7.176426699305951,-10.929513636696784,-12.379873235628738,-15.134150248510206,-16.757362336939845,-15.202070635265315,-9.63611013621144,-6.623292272616492,-10.009733744948724,-13.017130028979782,-16.22833998455084,-18.105360527905393,-16.53964623807614,-10.080696826251387,0.7811662608739273,0.4919953430176429,0.2213532564110814,0.0682063369389706,0.041646727944696815,0.04104898218849018,0.028610995514814164
ResOpsUS_210,1516,0.7994796176556209,0.7187471999739106,0.7017671066591362,0.6893887701543125,0.6801323617102387,0.6727249330570286,0.663367770036752,0.8359100911684583,0.7275051473518974,0.7124974510077531,0.6993718543923138,0.6924306594549361,0.6867571271849213,0.6813661301258995,0.7677414757871135,0.6209370038055679,0.5629653746891383,0.5149982289785351,0.49336098506615755,0.4735241038070711,0.4575058140086683,0.6993329602870803,0.7001356910875378,0.7436249001412765,0.7596345827397408,0.7635120487788433,0.7594134431203827,0.7540205613436948,0.7304762783166492,0.7273233703124551,0.8020803381748367,0.8206362492643646,0.820774315021885,0.8149283890511739,0.8032382342571647,0.6764700053628387,0.680094099373697,0.7440880424524849,0.765938491799527,0.7744490632516938,0.7740479082714038,0.7668507514694887,0.9930665513474568,0.9834517474555522,0.974014706620845,0.9648912891073946,0.9559539625989627,0.9475131255862032,0.9395302066405777
ResOpsUS_168,1103,0.7215299821397572,0.8131940064420491,0.6523765800966252,0.7755674101801937,0.788893486645084,0.7735402291495055,0.7926348399713992,0.7285407130261145,0.7134969183810467,0.5322103005504539,0.7641101613073968,0.6749245957779777,0.684401345271187,0.7418603748737669,0.7568055661255131,0.7864450093909549,0.782406658355324,0.8263259355470396,0.8246308009568097,0.8428609450042127,0.8217835343099091,0.7157492380173364,0.5644083167066665,0.46705114547101667,0.7324746131044417,0.7269148236327581,0.6805989972943136,0.7012477377132915,0.6966750948452296,0.3409632340062415,0.425478549109337,0.6189808854786966,0.6664957168825772,0.6626445143716091,0.71840191388362,0.7381461980113742,0.8249139307349986,0.7301984184091198,0.7328041761006339,0.7631356549477519,0.8085522618356223,0.7418880731068933,0.9154802663263061,0.8229695171736215,0.7542600870309557,0.7039845140360377,0.679297342291385,0.6522128053192415,0.6241046278677884
ResOpsUS_185,1096,-0.5871247989047812,0.38857213223043896,-0.3282116591036077,-0.47366469254769106,-0.6118364403034033,-0.6993017669595636,-0.8491924134216362,-0.2509507922187144,0.19318779971365507,-0.43086353972383007,-0.4609283406066238,-0.6001785780843578,-0.605222189973335,-0.714917357160403,-0.08055055235482378,0.5470820459934052,0.04452469176023677,-0.2481163712284835,-0.32157754644738445,-0.4422665234275034,-0.5355476815113314,0.24402104215604126,0.6587508167690335,0.15048134086161968,-0.2173866431237823,-0.3231766228556818,-0.40834287785606094,-0.5188335186679938,0.22193888162505304,0.651544911991796,0.09712849452498573,-0.24155986878512126,-0.3791223642501591,-0.3902008665134562,-0.5114071456102118,0.201767249250715,0.5753764136328812,0.2683757973070845,-0.09401227743733775,-0.20085867644147215,-0.247340027980955,-0.32954142932106834,0.9806486564571602,0.9393391238689299,0.8850077246034995,0.8199089239528796,0.7559187048538996,0.6973155820384958,0.6445554808609131
ResOpsUS_437,1827,0.6784547200681577,-0.37676475726214775,-1.213014396592281,-1.5754307878889335,-1.7643864374833558,-1.8201140049493278,-1.8679226495846337,0.8752012478679948,-1.079556738336208,-2.118246454976253,-2.410809740584004,-2.5119437978651726,-2.5768735281930977,-2.6523269393077302,0.8082063360615386,-0.6111103332040706,-1.4407374332589904,-1.7429124053647143,-1.8279645529790765,-1.8426257875948964,-1.8624495510401244,0.10274101042354167,-0.005508453429886151,-0.022520292140023823,0.007776514667034218,-0.010288358650045737,-0.005126754764956498,0.018135101589754177,0.15088301885241295,0.07649499626848288,0.038011806793559755,0.031004298958334675,0.019786403332680336,0.027669898885043342,0.03132481871874193,0.12514080596114363,0.09670255501002334,0.11932963994261614,0.08632862083786508,0.051909631264258294,0.056162365444250684,0.08733427630546753,0.960932455277938,0.921930371314634,0.884887811837967,0.8341903147904455,0.7898355113304004,0.7416718495911463,0.6917150072260548
ResOpsUS_173,1384,0.8049661252235022,0.2722530008350552,0.08381691146001269,0.006949484806585526,-0.024148800049041075,-0.04569073674316981,-0.0743758165373416,0.7805868024046073,0.04959779455968383,-0.1493800646871961,-0.2603299304682456,-0.29016801005982584,-0.3154173562070448,-0.34357951207211457,0.7879231409372631,0.26500414493713276,0.13305676959269852,0.07121563668572861,0.030698591722768565,0.008794735443312884,-0.01573388913807161,0.25283480282938764,0.26332812551358153,0.2748648503145801,0.2801095553120142,0.28534370808711007,0.2791450130346388,0.28291598679210384,0.2912823025395719,0.27946388918361564,0.28324893223274605,0.2685194340992778,0.2762765152018911,0.27184077121650596,0.2704018633178834,0.3146581539285157,0.30137679434234277,0.28301050240219716,0.2644692985497188,0.27591334199235173,0.2696753742967394,0.2533248433940338,0.9940581384594058,0.98564937496077,0.9765340858131116,0.9673448156143662,0.9578362862328962,0.9482605267648038,0.9383366110630094
ResOpsUS_214,1667,0.6941435627231816,0.6239561527262143,0.649834929127703,0.6429669806824837,0.6317280397547095,0.6182845244534397,0.6121022855927544,0.7225705467898957,0.6541609916123009,0.6601202728646678,0.6444573810492022,0.6279065467073379,0.6141596341978832,0.6145175605367164,0.715933671687634,0.6356467499059528,0.6359699752569667,0.6164851225191862,0.6046404105878744,0.5956273337657025,0.5878766231792005,0.5354180669926059,0.5632241380326204,0.660199080714385,0.6650962193813942,0.6607966845456055,0.6571891617150695,0.6565714780053408,0.5880069637309322,0.6127781785628148,0.6878326701068235,0.6924849571679418,0.6932164304524848,0.6937920014499543,0.6943480715213975,0.611655944484522,0.6516195444171983,0.7056074626577942,0.7050421801128053,0.6945733750303877,0.6817475748447419,0.6695306318214407,0.9737550822491887,0.953184899649727,0.9350593348535049,0.9170119176393071,0.9014646567510755,0.8862061427315487,0.8700615552002233
ResOpsUS_113,1559,0.6062109356064351,0.22857729227140866,0.13417617516882563,0.08472852710811563,0.05528016049121898,0.015991133586379158,-0.026098373976563005,0.6767210688357823,0.21279825698234134,0.09641300222516647,0.03762510263514862,0.02014008999973116,-0.00774996057863242,-0.04061168515482483,0.6169674073213511,0.13654130761917738,0.03541671646318756,0.009897287568420565,-0.007110252501549397,-0.042924385535951126,-0.07122605843809704,0.14884487291488946,0.14625787263278323,0.17650819383461236,0.275157254075033,0.362172332627997,0.4635139547495001,0.5112182081975657,0.1773705871603849,0.18695771387764848,0.19170121353745673,0.2533830652210013,0.36319401414824803,0.46514283091329245,0.5236578026096314,0.14122496286830977,0.16025090678422316,0.20243965640820383,0.2859540132881908,0.3881369245687877,0.4973604712415698,0.5378427540738123,0.9848134416653958,0.9580819513617894,0.9277731199076805,0.8927471163918166,0.854369787980523,0.816065829458469,0.7790910031871224
ResOpsUS_500,1573,0.9468917479587129,0.521820103017003,0.5602926399788813,0.5709090542409135,0.582622392833942,0.5721709080078692,0.5553056274144044,0.9486070706560866,0.33263824227762084,0.3048584766705844,0.32289278789016174,0.3425818005509621,0.3434316183008209,0.3278565034364328,0.9425589469643332,0.44587933222214227,0.4437398413618817,0.48789389995442634,0.5158295294664976,0.5251678987503776,0.5319682415441627,0.7767818375208264,0.6212321150720115,0.5542275748747842,0.556166467431354,0.566262331770957,0.5861322829918261,0.6070786735481748,0.7745489110858437,0.7057963378251366,0.654470805176002,0.6158402952424409,0.6137717076864061,0.6155541349324138,0.6217149602560992,0.7714951050136183,0.7256917772347298,0.6796085016958591,0.6568587017286414,0.6623119052395733,0.656388573680738,0.6591802760933458,0.9778006451373189,0.9446727620151255,0.9092898503199479,0.8724252789801031,0.8338332136221942,0.7944279457019509,0.7564783070861153
ResOpsUS_1109,1854,0.8892542849154037,0.07996463798731634,-0.5088140524050511,-0.4377022491356888,-0.19977810173701105,-0.10772307723386021,-0.07606200648062367,0.8866709720979427,-0.18846251686490145,-0.7876142246462112,-0.659309828457527,-0.5630744861871413,-0.5649618779748311,-0.5828304607988815,0.8771261845153202,0.074254878880741,-0.4647543144780313,-0.1868806360054609,0.15439293320476744,0.24518645985618215,0.25483954155680755,0.7919046992252516,0.7679486323494171,0.7802590654846562,0.7858505555472839,0.7804716461393831,0.7797753084482442,0.7797403952134522,0.7809685331908583,0.7594408178457297,0.7833172885704129,0.8060604576053616,0.8067253331365039,0.809595363700385,0.8030206809937963,0.752574544690072,0.7375382811895436,0.7487234062300892,0.7783128584795787,0.7876549424068107,0.7953236880029685,0.7978570396033933,0.933671280909349,0.818087806191271,0.7064722674012787,0.5990504188951593,0.5058739991754019,0.4223086123306148,0.3399902035618293
ResOpsUS_458,1854,0.9655309293440112,0.7904926465887239,0.6828380510870942,0.6806989735519307,0.703244117770057,0.7179469375272846,0.7225734987168246,0.9734339707381393,0.7951983594498055,0.697691627934196,0.6795797622072339,0.6823255929377087,0.6911461250850981,0.6994613443705817,0.9693067620011937,0.849308813974945,0.7630183269732964,0.7240931568908664,0.7226613768846669,0.7127467682728217,0.6889275051126313,0.9494122638597585,0.9148334397486735,0.8606452960758625,0.8447124847292282,0.8384113301228924,0.8502434726276196,0.8634068661698525,0.9571260487652783,0.9402674261807463,0.8933680271111918,0.8692505155294031,0.8704914120808576,0.8730190471506433,0.8794835043800238,0.955492834889052,0.9338595304856521,0.8772060067669033,0.8621580345538409,0.8548047021427789,0.8671200223752116,0.8641020336954389,0.9695820121664033,0.9357764116083931,0.9087818580367127,0.8807029909855776,0.8529179929864301,0.8235218325563687,0.7895675695361279
ResOpsUS_1095,1096,0.3181498841566748,-155.38215137712697,-119.69180156694459,-118.84144982010629,-125.22966857549105,-137.88976772948595,-128.37492254566916,0.5544480297256003,-172.15994610217183,-112.8495546341729,-122.94780871253815,-121.19043659965767,-132.66797550735546,-124.23374801918894,0.25518178653648926,-72.18522480564869,-60.96651838477646,-64.92118854185703,-68.87024059523162,-71.10232861570928,-66.02021932427978,-0.5446564312865043,-79.13227456477567,-83.0763678331038,-78.76053877813924,-84.95687979003998,-90.1765628077721,-83.66158631816558,-1.6674733942032733,-84.08759748010914,-89.34176512722075,-90.21264822834435,-94.4512236542745,-93.78350615101294,-91.76838434572971,-0.1830082651310856,-35.31687080007,-38.737156532605155,-36.87266564312728,-44.151992827334965,-43.92420681293126,-40.244951950949336,0.8508966346030595,0.5697288378920884,0.3521064738953197,0.2797422263868504,0.2777622309651149,0.2693532421718624,0.24272069106055594
ResOpsUS_1916,809,0.23648300253592447,-0.3748796660440803,-0.26295610963042915,-0.2772440433247685,-0.2859415166464072,-0.29388462597483045,-0.2988103005451155,0.45141909014346093,-0.0641927095175272,0.046236037533095575,0.0726489093196463,0.07823825482168745,0.08407471455611726,0.08823708048961532,0.4374511143636951,-0.11633018443032284,0.008885155376551657,0.012114205119495791,0.014619887486658323,0.015347624477693667,0.015677151037919446,0.09403729825282214,0.1359924117746758,0.0076921057264901505,0.007614608799798028,0.012105867582725804,0.015057668447000294,0.018253379134920755,0.385286432548521,0.4452617130263361,-0.018826810700338203,-0.0019956374418559353,0.012688450535925377,0.019715764341272868,0.023782117591063523,0.3614621079557163,0.43664568045060126,-0.020620101453132422,-0.02185260285109991,-0.018468779352248443,-0.014055967268322478,-0.010060781405702768,0.9608583135383084,0.8985012979961909,0.8222060874742099,0.7437695192131004,0.6730670315910925,0.6118737224353648,0.5593567855994569
ResOpsUS_657,1796,0.9199401399114153,0.5173825788493873,0.5226860020746635,0.5400049349798535,0.5538956969726498,0.5654304490738387,0.5738479925879129,0.9270147244682436,0.5083459612366701,0.49247237429958524,0.4917742354062916,0.48926946090344636,0.48640383821168576,0.4844076595504986,0.9424911667262061,0.5573401488411318,0.5550664649372506,0.558208267412992,0.5560490217272888,0.5506446279144056,0.5483441975411248,0.7937457616011931,0.7894133758213222,0.7574566302812009,0.724066876125042,0.6936238516450417,0.6570021319797361,0.6056474851824503,0.8029126397649723,0.7947738929208347,0.7635348094741536,0.7274295662693429,0.6999186937672706,0.6575576235135276,0.617122382131687,0.7492573158130391,0.7406800222684506,0.7271919931101651,0.7095663304896482,0.6817639660265516,0.6456954464461451,0.6021959521411513,0.9926590562260648,0.9799891704179264,0.96722013614107,0.9542946148655125,0.9412876843487892,0.9282675341990064,0.9150537984752778
ResOpsUS_664,1716,0.96386351117584,0.8485192425907837,0.8064642061209244,0.804281574021867,0.8038265036064824,0.8000395477275986,0.7795819932930625,0.9631929746097115,0.8210404792947729,0.7712579490741691,0.7668261996813269,0.7654163908427083,0.765356351331172,0.7576797910881977,0.9657984251094084,0.8073119297916584,0.7712229765222084,0.7719674568394626,0.7833136448302278,0.7865981996717835,0.7771361409243956,0.8617444877797964,0.8323032968020142,0.8226211065567126,0.8100890852834982,0.8106779302723688,0.8074974252281235,0.8022581449824889,0.8648201850977802,0.8363820766814284,0.8392675097454744,0.8305724970358181,0.8257936894299289,0.8174515209711171,0.8095943388567731,0.8747306426418187,0.8608576623803613,0.8653522646465556,0.8640007690063056,0.8558955961564538,0.8479334363542093,0.8408294920267675,0.9916378230461265,0.9762811596429651,0.9617162345002954,0.9477779034491216,0.9347972872068044,0.9224639787158151,0.9100140471776074
ResOpsUS_620,1209,0.022522863599414356,-3.1722687083345713,-3.2770484035521523,-3.3024213152190267,-3.3268528181252366,-3.1968310270722595,-3.1462947515289255,-3.3855228028435436,-4.428977021938826,-4.530600685847608,-4.621535646308458,-4.603066758448313,-4.555577978345919,-4.5509899553462825,0.6197526065740695,-1.69349084201091,-1.9641187264703643,-2.0268822183573105,-2.036742696791079,-2.027044317434049,-2.030062245313168,-0.6973128502395396,-0.693342623140319,-1.2630558245942942,-1.4538631711872259,-1.486023344374074,-1.4736949018639947,-1.4562538544660768,-3.3420684436210246,-3.285505062773937,-3.238606644922676,-3.169989886163343,-3.0856435986118225,-3.0517313507739594,-3.0882706658686123,0.13441393498062792,0.12971247469140978,0.10120303137929076,0.047068580616521416,0.03045164357942398,0.02655861566232287,0.01827846151654333,0.9532949028934328,0.9083993913892913,0.8583993766588319,0.8078750201804734,0.7582553188883383,0.7091453118699625,0.6585496965552
ResOpsUS_111,1652,0.7722056808651682,-32.209961605797815,-80.99956564665932,-101.49626361659234,-104.55833821913339,-122.53796240177576,-162.85289986076535,-0.6309986195688293,-32.94062742032713,-68.9838232947059,-80.92752962396389,-84.67422272837409,-98.55752343416573,-126.40556877723148,0.9366932727502093,-16.06743044569247,-57.649914992233406,-90.59869933986039,-95.19920656535353,-103.07333859749657,-132.5796547064881,0.5390874371893495,-28.62985276765497,-79.65015886066504,-97.36243806990096,-99.2935093017141,-117.47734135306423,-157.77017654248286,0.2857881703253168,-22.111433253532592,-60.83236484293971,-84.46183455988123,-88.66746920673677,-101.22669173757915,-133.7711411047413,0.939780484079021,-13.230681856742558,-54.23034195367771,-93.51899209292036,-98.92255461318231,-105.44872991834882,-130.88499473779888,0.9677961539107779,0.9206146279213955,0.8633806368943391,0.7918983359961029,0.7129757820889305,0.6260028783445938,0.5375939469136506
