reservoir,n_train,n_test,passthrough_KGE,passthrough_r,passthrough_alpha,passthrough_beta,passthrough_NSE,passthrough_logNSE,passthrough_RMSE,persist_KGE,persist_r,persist_alpha,persist_beta,persist_NSE,persist_logNSE,persist_RMSE,ridge_KGE,ridge_r,ridge_alpha,ridge_beta,ridge_NSE,ridge_logNSE,ridge_RMSE,rf_KGE,rf_r,rf_alpha,rf_beta,rf_NSE,rf_logNSE,rf_RMSE,xgb_KGE,xgb_r,xgb_alpha,xgb_beta,xgb_NSE,xgb_logNSE,xgb_RMSE,phys_KGE,phys_r,phys_alpha,phys_beta,phys_NSE,phys_logNSE,phys_RMSE,phys_KGE_r,phys_KGE_alpha,phys_KGE_beta,lgbm_KGE,lgbm_r,lgbm_alpha,lgbm_beta,lgbm_NSE,lgbm_logNSE,lgbm_RMSE,lgbmphys_KGE,lgbmphys_r,lgbmphys_alpha,lgbmphys_beta,lgbmphys_NSE,lgbmphys_logNSE,lgbmphys_RMSE,cb_KGE,cb_r,cb_alpha,cb_beta,cb_NSE,cb_logNSE,cb_RMSE,cbphys_KGE,cbphys_r,cbphys_alpha,cbphys_beta,cbphys_NSE,cbphys_logNSE,cbphys_RMSE,lstm_KGE,lstmphys_KGE,lstm_r,lstmphys_r,lstm_alpha,lstmphys_alpha,lstm_beta,lstmphys_beta,lstm_NSE,lstmphys_NSE,lstm_logNSE,lstmphys_logNSE,lstm_RMSE,lstmphys_RMSE,passthrough_KGE_hi,passthrough_NSE_hi,persist_KGE_hi,persist_NSE_hi,ridge_KGE_hi,ridge_NSE_hi,rf_KGE_hi,rf_NSE_hi,xgb_KGE_hi,xgb_NSE_hi,phys_KGE_hi,phys_NSE_hi,lgbm_KGE_hi,lgbm_NSE_hi,lgbmphys_KGE_hi,lgbmphys_NSE_hi,cb_KGE_hi,cb_NSE_hi,cbphys_KGE_hi,cbphys_NSE_hi,persist_KGE_for_tier,tier
ResOpsUS_292,33126,1587,0.4179536711024607,0.4181641848484772,0.9844240284188276,1.0015499352786472,-0.1457903633246748,0.2232438724228508,7.072088466090602,0.9935215017435955,0.9935311872930924,1.0001439457017922,0.9996764548623104,0.987060428872342,0.9895626335258628,0.751545092349693,0.939927310358873,0.9884105182601568,0.9479564390907508,1.027674532003383,0.9748602503666453,,1.047551965819857,0.794052778032762,0.8404906698565364,0.8932569866125839,1.0746790527938073,0.7003010821412479,0.6648266284371004,3.6169098932028096,0.8160335880742714,0.8742523106437621,0.8825059888453803,1.0650101275278865,0.7617184765656622,,3.2250784706990667,0.974290177243765,0.9879012974165968,1.0020503746144511,1.0225923072282532,0.9754431681689594,,1.0353358923873814,0.9879012974165968,1.0020503746144511,1.0225923072282532,0.8093234260056752,0.8639598980789626,0.8829778858480607,1.0644707013994532,0.7435763385623798,0.6767913664131444,3.345601041154521,0.9766635792824736,0.9886082070694532,1.0015119980285323,1.0203108209507803,0.9769326776687246,0.9690010247522606,1.0034452793872544,0.7969792212669784,0.859182436124405,0.8754654319613052,1.0766745829132505,0.7344092821971027,0.6568577844890667,3.40487794563364,0.9737267804135866,0.9890771421195238,1.0035400773939418,1.0236313583021317,0.977730050517956,0.9672105064938394,0.9859496064801272,0.7963465565807125,0.9230035549359632,0.8310101955834371,0.9511431022092866,0.8992574248083103,0.9768010889758824,1.0526127794697402,1.0548020676440413,0.6842129834312882,0.902162550804636,,,3.726175512461744,2.074047665029412,-0.2604224004984778,-2.5386639378912497,0.9812203584055368,0.97657550218283,0.8336752214210992,0.9166114518098296,0.3928090039632306,0.2122063657438251,0.5254411955181252,0.4368483372610265,0.9065356780111103,0.8927638025439733,0.4830817531768195,0.3536247786430158,0.9064582481089845,0.9001821927130917,0.4181636558336448,0.3149920673201926,0.9135529857323628,0.9082522721092464,0.9935215017435955,easy
ResOpsUS_319,31380,1587,0.8478222260486133,0.8941186523524868,1.1069825327956753,1.0224043027512135,0.7539124959791067,0.6944994832982792,14.937898597835597,0.9742096852968594,0.9742797076713264,0.9995687207126248,0.9981504343237148,0.9485798836609608,0.992052800367397,6.82827893574381,0.9709438523597383,0.983624787476706,0.9975577899312496,0.9761222333437624,0.9670684380575996,,5.464505799284749,0.9789546042901172,0.9819283127238014,1.0023212261412606,0.9894674452872078,0.9637176942472244,0.8707780351253044,5.735775779390187,0.9748855872134408,0.9839297534253332,0.9952249502656376,0.9813002726041936,0.9678336874083632,0.8810041737173947,5.400641699322971,0.9937441733458804,0.9941762342962648,1.0013143346340951,0.9981314057090932,0.988333869761402,0.9832526099414116,3.2524313351485965,0.9941762342962648,1.0013143346340951,0.9981314057090932,0.9607255096499776,0.9774909644920604,1.0299892055021191,0.9883176857554684,0.9526714435908772,0.8735735491883103,6.550981233837646,0.9901538451706444,0.994638353575131,1.0069497690471372,0.995539033430994,0.9891449775851364,0.9773659517184792,3.1373291782555133,0.9781309623484336,0.9817085512328472,0.99673719748877,0.9884660575007082,0.9634662841561402,0.8745083293347753,5.755613858031434,0.9933104501205978,0.993366328370842,1.0008611652589765,1.0000535975955318,0.98672048847538,0.977444258260638,3.4700503500712103,0.9216798798406284,0.9734634149131411,0.9533804682427314,0.981574798425449,0.9693466009445058,1.0190750951189929,0.9450361063346484,1.0009181727564234,0.9072946429439754,0.9620824262249514,0.7962785711465274,,9.218860477928358,5.895831959903325,0.677178693321675,0.4724826056999157,0.9040830443027134,0.8082637791440604,0.8834228404037124,0.8986511633741822,0.929934746816686,0.9391852817361588,0.9328471606638312,0.945673565197908,0.965872268367961,0.9635731921709144,0.9207910921980692,0.8874734967127531,0.9826059360864534,0.967903620676683,0.920750703857214,0.9273388213802304,0.9587789519729648,0.9593814040201,0.9742096852968594,medium
ResOpsUS_1192,29844,1503,0.5838946910125762,0.7698986804904964,1.3441664507501236,1.041790729899913,0.2611070606239157,,96.08216568021558,0.9925831212662568,0.992752343001388,1.0011089857001196,1.0011187979703482,0.9854860526746416,0.9872013609216764,13.466191817926068,0.9824220378355948,0.9965422064109964,0.9926715293273968,0.9844012200813684,0.9928231602841332,,9.469316851363736,0.9991951840750066,0.9995694700418816,1.0006793715929103,1.0000287552957123,0.9991378926808352,0.9994182722351498,3.281955523347011,0.9711056729980312,0.9787244686293176,0.9810082673089608,0.995358019045286,0.9578735018381646,0.997857247951249,22.94191702627181,0.9896813739209878,0.9940331993100644,0.991820609470956,0.9980077891029204,0.9880928937554712,0.9988732005473956,12.197059419140418,0.9940331993100644,0.991820609470956,0.9980077891029204,0.9913673673853798,0.998725339561487,1.0084159250555724,1.0014386771995425,0.9973561998568284,0.9979735667814535,5.747332671592659,0.9841448772688208,0.998880898758568,1.015375365314569,1.003705491961363,0.9974764107284626,0.998778770846289,5.615149988525403,0.981069803354957,0.9973088473644388,0.9818125337518409,0.9954915508227123,0.9943632300962522,0.9960543428718024,8.392032916858762,0.9864767655827692,0.997639580695287,1.013305122383199,0.9994708420109208,0.9950390266132833,0.9939515125065366,7.872913389780554,0.9526276761817306,0.918763164487542,0.9870741415713528,0.9844618523926542,0.955186325589209,0.9242038720425266,0.9917057951780076,0.9752424476237084,0.9732277450531598,0.9649034543609724,,0.9530311308571529,18.083577333582607,20.70494391263872,-0.1762518520066451,-2.278650492344036,0.9371756868802684,0.9466219063178496,0.8896284541731079,0.9786021235149456,0.9942211535999868,0.9959082192754096,0.8495895354000002,0.7917138635172122,0.9647537443256834,0.9379805444750604,0.965560278178615,0.9852574422129222,0.9413398652374002,0.9860879217436488,0.9590084926661776,0.980266797771386,0.9179810663187284,0.977043402770107,0.9925831212662568,easy
ResOpsUS_575,27241,1854,0.6766847203887358,0.8005603958542037,1.253127152741177,0.9738607790203516,0.4355865116930693,,8.361672678425167,0.982544629008179,0.982544961871618,0.999941035748757,1.0000902419853372,0.9650919728278626,0.9912944582778812,2.07949137589373,0.9262918634525528,0.9804360256832866,0.931281895364078,1.0181097321205648,0.9586016654621988,0.9233588483003802,2.264570813975804,0.8864333845835921,0.936936444331144,0.952134581353974,1.0814203032503569,0.8728281886525621,0.7651955258853206,3.9690804288861616,0.8935358832232242,0.9439419963780882,0.9541019890787614,1.0780094929124562,0.8865255118279649,0.7663748522075705,3.749242981727747,0.9795242463171642,0.9862135243638276,0.994546403761361,1.0141226012646145,0.9724035450573136,0.9779978098628612,1.848932765892167,0.9862135243638276,0.994546403761361,1.0141226012646145,0.8973143057240476,0.9439635794096846,0.9608405323058032,1.0766211946282933,0.8865397891914343,0.7688947873266823,3.749007109376533,0.9784524155393448,0.9856850771173712,1.0050386901008723,1.0152968291165467,0.9710314107197542,0.9773528972227836,1.8943409350289704,0.8929149638038217,0.9413647544737316,0.9531746456007936,1.076396983871091,0.8818103022887802,0.7690993057411208,3.8263463789070182,0.973208061722201,0.986641056600731,0.9848435832166076,1.0175962955824405,0.9732335856228412,0.9687949156808724,1.8209145638942343,0.815203475343121,0.9185678057513208,0.9300644060980866,0.9694068049736794,0.96722933989266,0.9325136753394908,1.16788344786481,1.033776540113702,0.8430604698568652,0.937555498892013,0.7146386443241413,0.925592162570681,4.432624317910762,2.7960301541323624,0.4602111762962713,-0.3446442477761002,0.9573278257988866,0.9194045740875628,0.8512205017375425,0.9173325824482532,0.8969606574490679,0.8381630851839756,0.9278328570387104,0.8629438905006879,0.96744606502387,0.9366298940076608,0.9320549762236888,0.8661728717237379,0.9604292282589484,0.9361411327713188,0.911163928406936,0.841234970708828,0.9585077463466706,0.9389984844180672,0.982544629008179,medium
ResOpsUS_920,26998,1245,0.9358627626245324,0.9531726877063188,0.9561858519558344,1.0010528402875385,0.9085154922281666,0.8147482373470386,4.246518553651452,0.9425021441802472,0.9425034110937548,1.000002310361037,0.9996183159977696,0.8850047689480693,0.7494465811762957,4.761010761707262,0.9193855477484468,0.956178158948946,0.9336243020244376,0.9868621585878424,0.911650120104221,0.8212655266995381,4.173133035144531,0.929963131979238,0.9555014953450682,0.947111505265472,0.9886927859156878,0.9113439302664712,0.8204825031602483,4.180358091735955,0.9286942120385416,0.9557582935454916,0.9457598591116728,0.9863914025993856,0.911101577011601,0.8240671966262632,4.186067976917406,0.9374798620578428,0.9543698885542328,0.9581706954479609,0.9912267532551512,0.9098630010335176,0.8235048777820113,4.2151282719441845,0.9543698885542328,0.9581706954479609,0.9912267532551512,0.9346149116001778,0.9589234864123932,0.9500752055511866,0.9902304188532228,0.9182848331628164,0.8290447577147919,4.013382789181503,0.9368612950218236,0.9571606268980446,0.954337293022179,0.9918635775668712,0.9153361891676396,0.8261267752436874,4.085151379908544,0.9267557361234594,0.9587572894715628,0.941063323752589,0.9862076393611642,0.9165683096181392,0.8251010397772851,4.055316637830686,0.9319489464128408,0.9584729980883316,0.9473454590787376,0.9884261792427133,0.9169030292952244,0.8278390381581117,4.047173698139843,0.9053202270525428,0.8896793523414889,0.9566468242445384,0.9467745598266164,0.9184859367933226,0.9039711110230398,0.9790186021238836,0.9892226951424032,0.90839561011157,0.8931459295230598,0.8184104716686127,0.7879815889446503,4.266491492850521,4.607955497354735,-0.4638389998312611,-0.103305736570868,0.5458290450967878,0.389768164728882,-0.2668334089560953,0.005552057467284,0.0377904412009894,-0.2003725347546339,0.1205452298985859,-0.8366373781693204,0.1587005517864066,-0.6125855595991523,0.1128452358057194,-0.0007142535824693,0.1025112499862744,-0.0532596606906552,0.0565201735340823,-0.070464623819737,0.1239693826056645,-0.0235732115998992,0.9425021441802472,hard
ResOpsUS_1092,26174,1463,-0.1060871049316163,0.0283498086581685,1.5205678782946672,0.9087110442102916,-2.2291384342302405,0.1489273604946905,80.20034949681173,0.95483462296763,0.9548367693265298,1.0000691263744723,0.9995651446730224,0.9096672167014584,0.870517841414834,13.413917311274108,0.9048567658198624,0.9510371999493572,0.9434889379416842,1.0588334860984665,0.9030742924722952,,13.894803805621535,0.7562789686253374,0.8335821149441381,0.9535415422199348,1.1718913621115417,0.669026362039656,0.5953515450973265,25.676133836908125,0.769568896303788,0.857343825228105,1.0137982683765816,1.1804364628890536,0.6979519821105546,,24.52849624890224,0.9458705275062542,0.9668631056871846,0.9923499324715784,1.042112023159225,0.933487894147868,,11.510210818317038,0.9668631056871846,0.9923499324715784,1.042112023159225,0.7519002633501277,0.8360245149949868,1.0298840226375512,1.18377286207192,0.6482764314207832,,26.468764163226812,0.9475784587329366,0.9644599553326926,0.9844410624536828,1.0352539739077744,0.9293024455903304,,11.866841025952798,0.7564804332451304,0.839199950540162,0.9955400692637834,1.1828256888514883,0.6668697472474492,,25.759650487936785,0.9510409965408048,0.9707338441885638,0.979437317949859,1.033431306445352,0.9418156130376576,,10.765548464956831,0.7192497386906666,0.8877965909971333,0.7531009209845184,0.9000061738612033,0.8840547084506876,1.0033395192027543,1.0664698681667937,1.0507906225349042,0.5483881176206469,0.7983851337538739,,,29.334904286110337,19.6003249492367,-4.200195840655214,-29.768266421820694,0.7177218310702627,0.4086851301575894,0.6222884276711349,0.4168583883615726,0.2939676018935926,-0.0461919144088194,0.2954421522518546,-0.2148054365221858,0.686377449755436,0.5182048713996048,0.2814419330326584,-0.2989148617378903,0.6568152336345972,0.4695032441626345,0.3055721346772442,-0.1694979415401019,0.7089090867722169,0.6185706779869553,0.95483462296763,medium
ResOpsUS_1753,26055,1613,0.8115682257396154,0.9248594867089324,0.8787746296131338,0.8768543691890024,0.8346931907148617,0.7419069434935527,825.4502809465142,0.9867032739049744,0.9868119568332758,1.0005656546909123,1.0015995240071358,0.973605544680905,0.8391944708240222,329.8389202849348,0.9253218156634552,0.9518724522281786,0.9852461225803588,0.9448375720044866,0.901225612128376,0.7397337065228559,638.0691118940878,0.888554284162282,0.9411142546444028,0.9147919161285076,0.9588636533531985,0.8829334526718451,0.7931758236851748,694.6434627070191,0.8919143956820297,0.9388427669263066,0.930072084045567,0.9447516762804468,0.8776154652085334,0.8000850778748538,710.2460362715302,0.8822495987984613,0.9469173377478178,0.9105568020713196,0.9447976241848688,0.8916032122359492,0.8065230588201626,668.4266461413058,0.9469173377478178,0.9105568020713196,0.9447976241848688,0.8906642328601646,0.9428977135188972,0.9250232574031116,0.9445732291735632,0.8849790953330131,0.8006461090957782,688.5475504163717,0.8953440412371116,0.9448614329834624,0.9257812019262184,0.9509675806794584,0.8894585312654619,0.8073087817261789,675.006823967266,0.8938522262558941,0.9443915149757534,0.926265020042692,0.9476721967322016,0.8881976830631735,0.8036744419771665,678.845510080384,0.8910378350407612,0.9522274976539464,0.9146840414083836,0.9519195609234454,0.9025002297806752,0.8094371346611573,633.9388156075682,0.8123429055453131,0.8815050536404738,0.9347869174744567,0.9540746352745606,0.8470425448423228,0.9012357799917676,0.9130146226174816,0.9533358592305844,0.8571009187376847,0.9048687133603484,0.775890382785081,0.7740061022054118,768.3197967172134,626.8866054397864,0.6657403413783196,0.401240225983448,0.9609739994297548,0.9312504720286444,0.7887957051431295,0.603555959801619,0.5387112675476988,0.395691831300072,0.5806385916964815,0.3316039083101043,0.5836771347029703,0.446277147272998,0.6291283885970687,0.4115535604480405,0.6098133570068931,0.4301193496635352,0.5792007131690035,0.4284444942626039,0.5730702438939886,0.527496709015634,0.9867032739049744,easy
ResOpsUS_1042,25901,1463,-0.8343162307641041,0.4053921662404904,2.735243099456382,1.0094310267449074,-5.263950217946588,-0.4439368505438374,170.62106955651677,0.8619003931580315,0.8619014611601132,1.0000037698001614,0.999456892291361,0.7238015904065496,0.6187175892559517,35.82771394081686,0.6627712328566417,0.8711270007286828,0.692009888387491,1.0475087633680216,0.7245549358798355,0.5045062341798652,35.77881960450566,0.5391262227486578,0.6813078809536229,0.6838570392166864,1.1043724109274564,0.4534381876413713,0.3207180241048477,50.39972347712828,0.6364066940709513,0.7536817445164958,0.7524318688359334,1.101180183652282,0.5579455291669368,0.3790412658619847,45.32589672511886,0.8070659502516206,0.8691303619070144,0.8591503774080936,1.0160645321574775,0.7550336563426814,0.6073369007483175,33.74129300818087,0.8691303619070144,0.8591503774080936,1.0160645321574775,0.5871028353829515,0.7236099017961849,0.7083380861023891,1.0950047901174786,0.5144829444522723,0.34411022317004,47.50187545096311,0.800063557301498,0.8601046350507912,0.8575632734483783,1.0107539255119986,0.7396595536234919,0.6097865886255588,34.783984897706816,0.5846448967184883,0.7353779992790257,0.7035596691929751,1.120905702212284,0.5253620366290093,0.314582773664338,46.966667617247175,0.8017717354672694,0.8685923977261727,0.853660624963803,1.0247239608136949,0.7536273791856851,0.6065038852001873,33.83800365264442,0.4266480598209865,0.6252660428632973,0.6067708223571727,0.6579774521061207,0.6058852484317869,0.8511282257181145,1.137028550870651,1.0358233190209178,0.349838051575617,0.394374197958883,0.249779615247498,,53.88681932372088,52.00845598224793,-2.398080092916195,-11.113785283885466,0.7639933667422895,0.5294884400548655,0.5944475396018496,0.6067214856078584,0.3174292733091832,0.3369114680790115,0.5156955977197807,0.4917536652535736,0.6684338106894916,0.5975184398292739,0.4462010383508394,0.3960816430879528,0.6441062165371265,0.5649416467036158,0.4801285773375221,0.471619009066811,0.6587399448696485,0.593102336324002,0.8619003931580315,hard
ResOpsUS_1762,25231,1385,-0.4672305570778141,0.2159702880600323,2.239457157437721,0.9574691489080066,-4.050133995035627,,100.27209789886211,0.9397559320719362,0.9397786361187744,1.0004621613037112,1.00158791049355,0.879498219213024,0.6626456371949476,15.489071451287993,0.7611116540167271,0.936006476229744,0.7700369402480167,1.0094584307152572,0.8484495705745709,0.5908122309545778,17.37029668727306,0.6562413037259041,0.7848119427074931,0.7320187211126492,1.007083461628528,0.6130794714891948,0.2695423884653246,27.7548916865235,0.6855914696936896,0.8135296111785582,0.7479892032481825,1.0239181174566174,0.6568144245451147,0.308153919047159,26.13925246968484,0.9011393345982156,0.9043235886149806,1.007565445169089,1.023711168414096,0.806434226784971,,19.631023097440323,0.9043235886149806,1.007565445169089,1.023711168414096,0.6931009117015866,0.8125580831712583,0.7583809006620521,1.0259381774433614,0.6564681777095172,0.2945775977199817,26.15243535441102,0.913634922171429,0.9157454303896884,1.0001025432652926,1.0189758702829417,0.8310200904342002,,18.34197880872898,0.6590093016665228,0.8021055420734547,0.722440378656013,1.008549647436808,0.6369347064936413,0.2930744966600923,26.885679574372148,0.9096865314807204,0.9145759444817756,0.9737941666142756,1.013134216054333,0.8327251085928981,0.6083209983420437,18.24920832729592,0.7546766714512422,0.7821323548260934,0.8240604877494323,0.8234303725380284,0.8291162529704602,0.8741575534587828,1.005250577150979,0.978712536081424,0.6790160965284191,0.6749049630414219,0.3824311172652213,0.4713335270716895,25.28378403347006,25.44518511150283,-2.6016989397572727,-24.94531267167695,0.8477804725064589,0.7249745847534488,0.7109094182894353,0.7080382982948809,0.5858169377051532,0.4152280669185417,0.6197972954068863,0.396825733387227,0.7171625585274694,0.4429896956555836,0.637076273637142,0.4509240397839554,0.7623012676667118,0.5664238728717581,0.5969161546581506,0.4362230968532181,0.7346446045531043,0.5423817756528688,0.9397559320719362,hard
ResOpsUS_421,25629,1096,0.5989497931995593,0.8769771681010684,1.3815034241782858,1.0127196126704556,0.5143887324869112,,26.08993498177223,0.9944654914365668,0.9944706407126556,0.9999049351648128,1.0002189374049453,0.9889422782119056,0.9782317005509262,3.936964046944588,0.6230851774577837,0.978341808641026,0.6297570093674925,1.0671999560013652,0.8313574669728044,,15.374895677616257,0.371120362005546,0.8017837092729111,0.4207695443744019,1.1438470731373835,0.4780562452542399,-0.2227877681639454,27.048330976525182,0.4055573166013861,0.841314934579506,0.4470918409426708,1.149912379430364,0.5310796774408115,-0.1369637611417242,25.637646014543616,0.860218089686158,0.9884347052189544,0.8607120981738913,1.002026527200604,0.9606862062766388,0.8492881711529752,7.423369814667868,0.9884347052189544,0.8607120981738913,1.002026527200604,0.3883794866061072,0.833297440322083,0.4284241485182367,1.139967692714915,0.511877632390162,-0.1417828995098862,26.157303643675974,0.891827452343869,0.9858824177606472,0.892896012054012,1.0055434379403685,0.9632885188188004,0.8678106274505719,7.1734747318708685,0.3842954446389092,0.8519069864445329,0.4207384715191837,1.1470259856301843,0.5193329857628288,-0.1728160101617069,25.956777785069555,0.928314271401107,0.9902574148845068,0.9325641195597186,1.0222784144244064,0.9768103989617196,0.865903394292231,5.701317903362328,0.6354831371294547,0.7412301014269219,0.8798635378433418,0.91281241447273,0.8607065685593033,1.2067545795461438,1.314701626520966,1.128890376576932,0.6803120578970645,0.7311438085320159,-0.0628406985712002,0.6261716394182741,21.42103518385133,19.644335724192917,0.4754229860434098,-0.2879021615032768,0.9843802989211744,0.9798835840303932,0.5247472461430032,0.6519451997373522,0.3074032145427923,-0.0674721498938577,0.3392876326164528,0.0567774630835552,0.8059711837528265,0.8965944263460828,0.2969814107042839,-0.0459618510037567,0.8621025393654808,0.9035214343981786,0.3001283527080846,0.0209994544810008,0.919460814720329,0.9606185225299472,0.9944654914365668,easy
ResOpsUS_415,25365,1096,0.8854469833293009,0.9896212254124944,1.0870006706897837,1.0737940239175712,0.9636541030435888,,6.832746105828559,0.995163332588868,0.9951633926060248,1.0000140603765166,0.9999804329802522,0.9903266485684656,0.9580666937811086,3.524975239986552,0.9880640973130786,0.9954430083930318,0.9892599248876704,1.0025199974260293,0.990861306728436,,3.4261757614980057,0.9838791326035397,0.9967647795109912,0.9866279363588372,0.99159740349782,0.9933567122688683,0.9679335966937094,2.9211853855225494,0.9842518008414588,0.997158723942748,0.9854968271171216,0.9945602478518862,0.9941557580639534,0.9654415283495206,2.7398808753387374,0.9853336671678036,0.9976099822803371,0.985606557510551,0.9985107225418398,0.9950790638902716,0.9712127142135653,2.5141515394313374,0.9976099822803371,0.985606557510551,0.9985107225418398,0.9959278996501024,0.9963178144801562,1.001709428417558,0.9996816204429716,0.992620002292906,0.9634337694191316,3.0789008340220443,0.996499848669864,0.9970665933595744,0.9991919962317676,1.0017301198589352,0.9941338589233644,0.969877965923838,2.74500942188661,0.985160863938952,0.9963635041957764,0.9856462991974984,0.999026793661948,0.9926242933467174,0.9497218843945144,3.0780055999913785,0.9884031435198928,0.9971004253775968,0.9888126013557282,0.9990399693736826,0.9941395186605316,0.962827730434464,2.7436848900690487,0.9864251854864556,0.9502144857453269,0.9912743968255908,0.993395893273008,1.007295356064803,0.9564313455934738,0.9925893847618692,0.9768320143917204,0.982304326205008,0.9848441533122652,0.916886434010928,,4.801529654451402,4.443612351028564,0.9365848914059434,0.9580390921864838,0.9862343649146982,0.9738811865706332,0.962504236200874,0.9846356746783028,0.9757980402800012,0.9910464208077174,0.987107265012826,0.9907794195886264,0.9892060933912286,0.9923528340052984,0.9181365336498492,0.9801418397555294,0.9458181359490848,0.9869352909847932,0.9841774794750852,0.9893023488929632,0.9908895525963076,0.9917288411333496,0.995163332588868,easy
ResOpsUS_1017,24685,1463,-0.8513637897207469,0.1780669063258539,2.658627633140505,0.9695328702510644,-6.12238063684407,0.3797401554233359,97.38919248934222,0.9520970638946264,0.952097232803895,0.9999599251707818,0.9998792669086696,0.9041982891503112,0.8578798222353163,11.294962866354211,0.9148214513443323,0.92934013413033,0.9580460555431496,0.9775849369646732,0.8623581520013672,,13.538589567051345,0.7272620632186597,0.9243117361266248,0.7703135684446722,0.8738991989281734,0.8151003128217096,0.8556486091784323,15.691565110671444,0.7731967747009035,0.9330833486153548,0.807542744734474,0.9003904137685598,0.8451897575032379,,14.358134606000542,0.9059874087257472,0.9597009977753092,0.9218904637549464,0.9666344775947276,0.918508662464896,0.8918493415574167,10.417269459502329,0.9597009977753092,0.9218904637549464,0.9666344775947276,0.7539637821371138,0.9285548483658445,0.7915281790420657,0.8905974832340265,0.8317436024101106,0.8555552835030059,14.968695993651226,0.9018579182116342,0.9595426074071788,0.9179877800230376,0.9643760842018322,0.9177552763757052,,10.465312419169274,0.7279028443701785,0.9280875274320728,0.7673013591080566,0.8786871774376309,0.8211152510705096,0.8458772096069243,15.434225206027776,0.8988232275953246,0.9590699761492186,0.9147588315916004,0.9640081171627154,0.9165860588367932,,10.539439026687331,0.7267144711674233,0.9172597274917224,0.8538187093467132,0.933734611202687,0.8147967838417454,0.9565453269870487,0.8621022869773424,0.9761978501890592,0.7093014510698201,0.8707982873282256,,0.76695590164932,19.11197385206904,12.741432150734832,-5.291439644822379,-57.74380414885125,0.7518244067907198,0.5219930248687844,0.7651018095967602,0.5345792914149847,0.4538122120447183,0.2675829489674368,0.4931441418215934,0.3058625665894827,0.6362883755904778,0.5005423574717256,0.4412619175999702,0.2384086861060744,0.632536986287845,0.4991728728085618,0.3906763503457626,0.1823795420553153,0.6322378572239677,0.4902335108279489,0.9520970638946264,medium
ResOpsUS_1249,24647,1455,-151.47105227491068,-0.0049434654740747,119.78790850041266,96.58161258603737,-14832.018338147638,-1476.10327424634,0.7414686925239171,0.9798683600440364,0.9868352072472945,1.006516824278247,1.0137659783677482,0.9734463686383612,0.97332934267329,0.0009920647357216,-42.96110377617794,-0.0395284455633196,27.34327665700085,36.17854176630216,-815.0656951932915,-350.26314807216863,0.173916430146478,-3.766056560191906,0.5516258538994542,0.8163489850305474,5.741363523793298,-0.9510818816565914,-0.979446211461804,0.0085038540805368,-5.323471509124279,0.1755029341567805,3.038530692045534,6.928818527557642,-10.019471029950306,-8.538726501422953,0.0202096329184123,-7.066157445726594,0.248205488528886,1.3702276273522482,9.022507865731114,-4.590767215515415,-4.528364912153625,0.0143950691795814,0.248205488528886,1.3702276273522482,9.022507865731114,-10.64955658754926,0.0793926485853694,10.325141332364,7.921444207856497,-107.49494603023103,-59.18895327896135,0.0634136579182483,-9.12530498789048,0.0788419437159188,7.125622043048398,9.009370981473037,-53.03322877779371,-23.27934419041209,0.0447515942409486,-5.276691693318793,0.0996099182702813,1.506241670924559,7.191112637024092,-3.989648427528308,-3.810840024931332,0.0135991894675843,-7.297532091371325,-0.0024284740763329,2.289610944781894,9.135175448187749,-8.742862085881361,-7.453773136341701,0.0190029632708124,-8.91985882863742,-19.891509256562067,-0.0003101852097903,-0.066429011608894,10.728609191675332,8.336672441241362,2.6604643655048923,20.531797809473325,-115.19723250459406,-82.71760224622533,-95.98441384448633,-76.72456099386372,0.051846744939242,0.0440080366800249,-1258.5302276762452,-237287.55831279195,0.6959543747954197,0.5732607336006771,-328.1286888909792,-12423.8187902923,-10.363987876529135,-4.299029777174049,-26.82920822471168,-149.492211014818,-14.735658032425777,-24.71296771694411,-52.85780497814952,-1693.431849184149,-37.25411494347672,-812.4047693193988,-20.732841565944003,-38.12837110360932,-27.06862508798591,-95.22065558894342,0.9798683600440364,medium
ResOpsUS_293,24899,1096,0.5027469667905103,0.5535964704467614,1.2181534179172178,0.9801618022621912,-0.1354064591313459,,12.163535460720173,0.9865681926784752,0.9865681983724818,0.9999942722889495,1.0000109615188195,0.9731365505059691,0.9879633040178312,1.8709622926578309,0.9089399728302946,0.98409281078261,0.9111909493595192,1.0123224349739073,0.9630315452582536,0.7577473721472496,2.194824473553023,0.6460770588998481,0.6951209866858705,0.8204567609276541,1.0086290660557735,0.4674388020644578,0.7728507651417816,8.330458510615564,0.6643847317917713,0.728168281033291,0.8031621870636922,1.0000147151831236,0.5246049594294653,,7.87066574013719,0.8644309962128371,0.9297002152615272,0.8894293378311074,0.9652002338930162,0.8619835398776535,0.9606263048775908,4.240817540281653,0.9297002152615272,0.8894293378311074,0.9652002338930162,0.652969609180285,0.7106224173226742,0.8084574156315537,0.9985353601916396,0.4954112272421975,,8.108731813360539,0.8452996954647775,0.9043967843847692,0.885255806555631,0.9596765644058008,0.8165773567870122,,4.888893977749364,0.6694939995771129,0.7306932877612548,0.8089393200678479,1.0142803236151992,0.5276660989085122,,7.845284621409789,0.8785676432672589,0.9325414684249688,0.90352829447994,0.9701943996292812,0.8682510313568275,,4.143408545410336,0.7575426700893572,0.8938995868792587,0.8298004839985074,0.9166029280747868,0.8277115932318317,0.9417703484257446,1.0115925179983545,1.030191616986071,0.6884801336512636,0.83895541501693,0.8188519458226138,,6.418940807347235,4.615232244474572,-0.0770991267778977,-1.6378333173330977,0.9605665186350508,0.9288525222945064,0.8164897392743118,0.940845919088098,-0.1904093043772829,-0.2283354259620491,-0.0603646986146426,-0.0805889590365633,0.5814023816596716,0.5741919904783666,-0.131142233851266,-0.1751812706961595,0.5029259899180679,0.4280369517590685,-0.0181503692754736,-0.0547775010870636,0.6350882585408864,0.5984473223308493,0.9865681926784752,easy
ResOpsUS_1777,24248,1385,0.1924219834554311,0.4280217652658963,1.5696593562681562,0.9773865170159828,-1.1205401305996632,,210.6119904841988,0.9690429201128616,0.9690643365858388,0.9999417498952085,1.0011498396365013,0.9381312231244808,0.8078748733330269,35.97456986097694,0.4346953632412322,0.7104935481942256,0.5685322834573326,0.7773097301513835,0.4452393586143962,0.4688633403774348,107.72404820195344,0.5930480579207951,0.8410725958525153,0.6733596728507277,0.8165386687805983,0.6525282480309371,0.6284060531243534,85.25494857276384,0.5844094939562268,0.8497316100082729,0.6555737729234289,0.8225022428738548,0.6593099280926772,0.6456257144621596,84.41887955814971,0.84093801953828,0.9554220029019156,0.8545052796029011,0.9536879914093784,0.9009425966697536,0.7747560799567808,45.520111209665615,0.9554220029019156,0.8545052796029011,0.9536879914093784,0.5952671668541202,0.8625349737641689,0.6628576892761457,0.8232315211694886,0.679264259108084,0.6493250064283901,81.90935832104495,0.8420509008599368,0.955213224921011,0.8563356472759752,0.9520144141062284,0.9008256966012218,0.7755914510979157,45.5469629891212,0.544809456678969,0.847788017820621,0.6187179290387684,0.803393983882908,0.635554086255873,0.6256429217667447,87.312492740751,0.8388874982177644,0.9541364509343851,0.8515837644648236,0.9572636673636604,0.8984079226585873,0.7592051587155062,46.09881536690376,0.6321407376947692,0.7322536805981362,0.8595120590063663,0.8673687509074686,0.6740483862243242,0.7750431876013995,0.9033608734717116,0.9409112881096516,0.6972502411021118,0.7411449500497549,0.6004758386080328,0.600847242833485,79.21779646168844,73.25026088895738,-1.3169297183633404,-12.140240585427993,0.8798169230339795,0.7860106075667428,0.2714310738719113,-0.3142953037152269,0.4620821892872812,0.1797191832185809,0.3493838002344277,0.1273864034454311,0.649335364222809,0.5858503299179487,0.4328179373182208,0.2032065333050644,0.6522887705357516,0.5807444093232919,0.3167956025604022,0.0786460873410563,0.6306334053498375,0.5704675803183696,0.9690429201128616,medium
ResOpsUS_1883,22544,1615,-0.4465423890664843,0.528077112188055,2.3480275773311337,1.2293367002469533,-3.09892050726448,,38.33187132512667,0.9533175947750382,0.9533409508749384,1.0010078046744857,1.00107908390346,0.9065853880750744,0.9842074785541356,5.7867228224746174,0.978466608040914,0.9850625934299868,0.9916112970191068,0.986954291260184,0.9700932649827216,0.9582509360500252,3.2742344606477727,0.9209027638730805,0.979342838392495,0.9238277654889954,0.994761190322256,0.9559962582162068,0.994953206402158,3.971641842259788,0.9143107181571624,0.9753938973282638,0.9181674123107896,0.9936265922665432,0.9480677463489798,0.993359956545703,4.31463297704779,0.9300915671738028,0.9814350373810472,0.9327192771217888,0.9960206191238864,0.960821766525034,0.9953236026410772,3.747552267168967,0.9814350373810472,0.9327192771217888,0.9960206191238864,0.9092723482329096,0.970478996199242,0.9143148249261562,0.9957493644791842,0.9386525441661432,0.9923308484649082,4.689467733525498,0.9128993750428852,0.973428743947016,0.9172016923072884,0.9950072589782978,0.9443709631950628,0.9951393015771548,4.465561181065041,0.9188509499706804,0.9769127435451612,0.922262165337832,0.9970040073286254,0.951360633198796,0.9894299306655292,4.175603278962678,0.9259585936483048,0.9785219226359436,0.9291463700663012,1.0007649656848163,0.9550664784013178,0.987600656100733,4.013382034205296,0.8422628988492237,0.8193595077174711,0.9426103268671884,0.9289029885515888,0.8534130921175034,0.8366304787146065,0.9900151647681223,0.970224138464853,0.880437328327297,0.8532726904741494,0.958394647267986,0.9163081977957858,6.501092957768815,7.2018496006367885,-2.136247642349125,-14.275567060870731,0.801874705974387,0.6844444956777296,0.930474974779492,0.9122846179496816,0.6954335163687676,0.826530752490473,0.7172068474301592,0.8067426457780135,0.7426862981633002,0.8485217196099666,0.6809022847590991,0.7673055147714891,0.683459140226803,0.7843436794874782,0.7278383309781984,0.8119109482438402,0.7241080470198824,0.8302736535347199,0.9533175947750382,medium
ResOpsUS_798,24102,1096,0.0324440990828527,0.4100615745193752,1.7665625988603113,1.022778445284068,-1.6720393737650574,,5.621050974135719,0.9691733558447776,0.969176124544404,0.9999564544534614,1.0004108473633777,0.9383549008242328,0.9500080633038952,0.8537788158670592,0.9337823518701582,0.975291742523403,0.9433957015628912,0.976120462006972,0.9500723954204556,0.8979255554298113,0.7683630326719368,0.7800617531655275,0.8648202456864695,0.8307369510060056,0.9619305018471278,0.7464874778252026,0.602444499048794,1.7313935887287022,0.7630257065400877,0.8874096211962744,0.792493351998313,0.9794765159692084,0.7784097459448485,0.626251959618207,1.6187188521768356,0.9116093980366224,0.9724365737120386,0.9270895427013024,0.958320013637104,0.9432589978674298,0.9426557358455996,0.8191144698305587,0.9724365737120386,0.9270895427013024,0.958320013637104,0.7337194805420517,0.8663583744788049,0.7703812887658483,0.9820980888725612,0.7413066532488322,,1.7489956393404458,0.9005054668258874,0.9724264802053514,0.9229997837890128,0.94334463978466,0.9425835508320132,,0.8239754311755327,0.6939618959930971,0.8722222330695086,0.726449856985027,0.9499751797715902,0.7390646207678524,0.5986267809132642,1.7565583491105414,0.904289710715676,0.9718658381040784,0.9126205713213108,0.9729119241530716,0.9408790842673302,0.9019021014182528,0.8361162674514739,0.5318773676575583,0.6649637041597125,0.8691385559910294,0.906883827127169,0.64652365155568,0.7294981589881819,0.7223877659872073,0.8256226738101689,0.6918687637045724,0.7854584901093654,0.4964315852894034,0.686094445683628,1.9339544503200443,1.6137417843334012,-0.336034588398783,-3.1632245674965924,0.9431885463985832,0.913038235990233,0.9005921795273001,0.9332626301849136,0.7435337722478137,0.7055420412303701,0.7261530432493775,0.732788316852671,0.8896480294485171,0.9181681950691994,0.6842092008028366,0.6728173556833359,0.871511398566619,0.9186741063007446,0.6368351601830976,0.6704162562005116,0.8771941256222117,0.9167285766633836,0.9691733558447776,medium
ResOpsUS_1756,23800,1385,-0.0362634169485758,0.4312123141827672,1.865706609759268,0.9704279931737906,-1.8731456378565852,,436.7627636062872,0.9676247856290506,0.9676318221039208,0.9996931886143924,1.0006011921709097,0.9352828681002868,0.7563059393675009,65.55056148773556,0.8169493423146866,0.9664057247278852,0.8202511105051845,0.991675057156486,0.912474574893843,0.7187170673266845,76.23140064300142,0.6610444508563913,0.8235386018095401,0.7122188637939192,0.969434383895454,0.6644180236314216,0.4759770110877177,149.2677885698624,0.6859727559074262,0.8478860198786846,0.7270249616397902,0.969031055615812,0.7028602432207467,0.5265261275933406,140.45822206079183,0.8205305503760164,0.9345644876386217,0.8357313113572472,0.9692872176133484,0.8622234948324841,0.7678242215153076,95.6432592292535,0.9345644876386217,0.8357313113572472,0.9692872176133484,0.698110265328872,0.8549325483738295,0.7373624271110593,0.966618093441221,0.7154102299200333,0.5413131594639318,137.4600277943371,0.8354627379536671,0.940899409631258,0.8491610259135428,0.971238311657434,0.8756310769486516,0.7721617838798587,90.87045901566285,0.69013552468195,0.8542197758859925,0.7297632584796666,0.9583319924417716,0.7115896091649426,0.528600204296122,138.37965277384654,0.8495161387465013,0.9481294097874948,0.861622994844216,0.9715986124831066,0.8902523162641878,0.7727581209135983,85.36197732387978,0.8086818104230314,0.8217347027679516,0.8646672758193339,0.8751625626075282,0.8680928834731503,0.8740543125561833,1.0298029535184137,1.0182157689054203,0.7463322244889734,0.7654205677629231,0.5813705144692269,0.6040028517790358,130.16473365210285,125.1715554983617,-1.1754586760600123,-11.507458316039996,0.925364595595468,0.8798997653610794,0.8018901951366544,0.8727880510799391,0.4848895741578106,0.4184188318392851,0.5039110434022775,0.4405291695157224,0.6563220504554212,0.6515877758278704,0.5517085635687597,0.495771612299605,0.6976001594107302,0.6922457551163141,0.5319079246683508,0.4781123601626015,0.6991990185244632,0.7181814070849066,0.9676247856290506,medium
ResOpsUS_1036,23505,1463,-0.0479478652390319,0.1587175124933513,1.6248071729613138,1.007382485337632,-2.124296050755103,,337.69400721387893,0.9748634207937708,0.9748717906616584,0.9999905565616825,0.9993514474107676,0.9497435278861164,0.7536477777186633,42.829525517631794,0.7207675858668443,0.954011902346958,0.7250053554945026,1.015289914001705,0.857401280706398,0.569003716619358,72.14480704801694,0.5937767471842272,0.7757107852655051,0.7397130141898266,1.216708016233515,0.541486611543988,0.1986721306317607,129.36693070897667,0.6675144993977453,0.809333821412742,0.7765054709755026,1.1557023183828097,0.6235146871843831,,117.2252811292775,0.9175214408243204,0.9629624620830046,0.9361354118772954,1.0367729233629923,0.9248797399744364,0.6522904501720623,52.36315488811335,0.9629624620830046,0.9361354118772954,1.0367729233629923,0.6736747754659504,0.8133205352990728,0.7817829463695116,1.154984667406172,0.630346681019184,,116.15678114522512,0.9292039049384936,0.9663344283218204,0.9506781909077482,1.038027299501893,0.9317420691560548,0.6525954372499757,49.914166482268186,0.6014125121025655,0.780336911983115,0.7322180439753319,1.1972636238612593,0.5577687308372352,0.2345592469619658,127.04921539013084,0.9227778312943614,0.9647440926289657,0.9413108959640824,1.0357193701303422,0.928580638148637,0.6621426939408046,51.05699451824375,0.6686986123684622,0.8477230016510946,0.7688011524775414,0.8866978036141336,0.7834944293157484,0.9276010975955492,1.0971238395737937,1.0714793358315668,0.5787116819751779,0.7779911229459199,0.3995979336837884,0.5232165071442857,118.748438499226,86.20319631042985,-1.9487630346489948,-14.936165426278672,0.955741005020984,0.940391615372125,0.6329294823962848,0.752455939736475,0.6673807372515651,0.6569976795729684,0.6795321122533851,0.5648696673183312,0.8355048311537617,0.8706329920729947,0.7001481216868972,0.5519655036116216,0.8903871541462698,0.9091589622079136,0.6542369417457068,0.5502710963673021,0.8606383441069766,0.8850387829031869,0.9748634207937708,medium
ResOpsUS_938,22341,1096,0.0360793079912663,0.099451450298354,0.6583590099788782,0.9620942741759808,-0.3036100063177653,,2.1096899984591437,0.9748940003365114,0.9749623307009498,1.000043819248633,1.0018505175081411,0.9499197889342812,0.9648076719229448,0.4135022495724296,0.8126019774919446,0.9637593293672384,0.8165279256835085,0.9880571955545968,0.9070434886077162,0.9030195078488256,0.5633583160401266,0.5771570705962124,0.5895824609789957,1.0422150392891305,0.9074177281087996,0.1360323591693475,0.3683089573793173,1.7174873209051371,0.5999130158941921,0.6155667001539123,0.9833482286277296,0.8904401929059079,0.2342781281007586,0.4728442899723126,1.6168894505577678,0.931535541464285,0.9651307375077632,0.9424439003805491,0.9873979361836244,0.9308385315197986,0.9506987324180356,0.4859335717565052,0.9651307375077632,0.9424439003805491,0.9873979361836244,0.6045442886403736,0.6192568470974588,0.9695348458955242,0.8975707778504061,0.2525847502499675,0.488947489303552,1.5974445008245444,0.9321396353440252,0.9684049985613548,0.9424561230125,0.9828102589728248,0.9369039649288908,0.9547012608498598,0.4641366207036446,0.5997586615655037,0.6109178738053095,0.9673749613149188,0.9120009379683348,0.2401069524560006,0.4829610962782285,1.6107236552785316,0.9353613912156784,0.969773798441848,0.9451658363922842,0.9839456863622016,0.9396542359837818,0.9527592197500436,0.4539083754521652,0.6182407663225162,0.7565823849045821,0.6245279412459167,0.7623187936597224,0.9732013302919338,1.0196231154356508,0.9364179514731727,0.9512689746468376,0.2654855095248231,0.5131759958645565,0.5250441483675403,0.5868756616436119,1.588420952851047,1.2931574771505017,-0.3806849794563742,-1.310188968663666,0.9733945076925478,0.966998237448714,0.7151279752615523,0.8647289512840075,0.233880642690871,-0.2152701879974041,0.1752667494210851,-0.1609840322565463,0.7835267157977572,0.9007060967419483,0.1622316291256458,-0.1427855576726875,0.8111050063023562,0.9239458486405704,0.1355835848263283,-0.118165021426106,0.8504314157044763,0.9312879765074228,0.9748940003365114,medium
ResOpsUS_373,23438,1587,0.509610861281078,0.8295046140721777,1.4597819042994689,0.996335135805644,0.2908154836381912,,40.51186762886683,0.9958047077945708,0.9958793447148055,1.0001951896515469,0.9992367322164118,0.9917564806366632,0.9898728482284184,4.367762080985325,0.7804120814803057,0.9545512533086612,0.8006042544688848,0.9200337443161856,0.881298855978733,0.8020935567259219,16.574105339202898,0.7622872124462222,0.9020185371273618,0.8291928756872982,0.86683871214219,0.7912259645982214,0.7511750117132998,21.98066793293264,0.7665181605892667,0.9031688143262984,0.8385025155116865,0.8619563354601468,0.7931467515796227,0.754529457238955,21.87931974617771,0.9639339592652892,0.982856573103574,0.9716425309098188,0.9857621576310128,0.9656857064598652,0.9764270111839672,8.911281717233184,0.982856573103574,0.9716425309098188,0.9857621576310128,0.7740323020571988,0.905606249740487,0.8427149648676923,0.868043044332849,0.7993675199407759,0.7663517930031398,21.54781623986352,0.9677402496484194,0.9842100269710624,0.975085606422178,0.9869370280126956,0.968421486174686,0.973384502275862,8.548668688662307,0.7482128578626448,0.8959475842465466,0.8363672609760268,0.8393943137959323,0.7742858312477716,0.7443449226336163,22.85504356069096,0.9753605666193148,0.9856131928769306,0.988191146893991,0.9838546462892408,0.9711752213643144,0.957159690518628,8.16743398337394,0.8963682780094044,0.9432026582203098,0.9085411759077584,0.9449617883833245,1.0348612544454616,0.9882300259108816,0.9659484179972608,1.0076289583311524,0.8083405972097626,0.89102293209518,0.7932342354545183,0.9234763341200508,21.11076602994184,15.91865925514591,-0.0135376332736198,-3.5304151197899483,0.9780302113503048,0.9737015400612904,0.4998069107289408,0.4536674143643922,0.5048046399359782,-0.0318454954762124,0.4907508898627594,-0.0409944113304856,0.8478855368737394,0.7821361952620383,0.4926217847884756,0.0095144475345203,0.8416046470840054,0.8051104947160671,0.4693985088045496,-0.084423488671812,0.8850507102687237,0.8183407629643857,0.9958047077945708,easy
ResOpsUS_393,23438,1587,0.4452183246549442,0.7788448385755362,1.508656679857464,0.988105299063556,0.0737868005289109,,48.355882586684736,0.992454717696854,0.9924547322504692,0.9999906839399406,1.0000115253235835,0.9849096048227696,0.9426799816408512,6.172258947893289,0.7022416360578374,0.9616005779395888,0.7224921493487158,0.8991291890096826,0.8540431975592149,0.8673145982972837,19.195790510945912,0.4837410948430147,0.8577174944829943,0.5462970504050468,0.7989214598557773,0.5852114041244996,0.6540769772994627,32.3599047944727,0.4928188694431482,0.8666010545139272,0.5540784578177765,0.7985269279681336,0.5996317207677061,0.6598794353528618,31.79242549586,0.8184109765466154,0.9735443444198452,0.8341001365267413,0.931065922606216,0.9220579647861632,0.9322090081382934,14.027481428786158,0.9735443444198452,0.8341001365267413,0.931065922606216,0.4773615022008429,0.8666823509491991,0.5400851788894407,0.7905823284529951,0.5864591128801988,0.6556447063514963,32.31119787984856,0.8505169639616805,0.9701263428994088,0.866035438784865,0.940786496361842,0.9256720662827718,0.9301984825204967,13.698400558253349,0.4580101797499415,0.8701956979018675,0.521951759030645,0.780059808771537,0.5719768163386544,0.6427042256619815,32.872102161388874,0.8616712618690339,0.9751530951435152,0.8763560637331795,0.9431700067182424,0.9368904481330166,0.9359424008295426,12.622383750833906,0.8011111166102115,0.8021132037356657,0.9142438131000036,0.8886095210629584,0.8334929578992335,0.8612919880128286,0.9330816222905596,0.9133314777528464,0.82332154139769,0.7788171670207124,0.7863499961717575,0.8474636020430654,21.22036306334936,23.743061497461195,-0.1103394536253816,-3.9600491447842847,0.97537580793802,0.9682095691121022,0.6358884991373984,0.5615628766240134,0.4225708646139869,-0.4398907345859695,0.4787143082645212,-0.3991426593470293,0.7062079750881501,0.6357511635616302,0.4617950492767603,-0.4567858042242168,0.7288552678445096,0.6497530976994429,0.4288165320604556,-0.4468025584651141,0.8021994699230102,0.7035447318088082,0.992454717696854,easy
ResOpsUS_1761,23133,1612,0.1420610435484621,0.3142038393528565,1.5155010647861842,0.9987625659203524,-1.3443927367649544,,397.4878760155216,0.9126693671085824,0.9126742727388428,0.9992019924764264,0.9995309759943772,0.8254870281850601,0.1758950782248255,108.44825293795786,0.7187481824466446,0.9214351309120994,0.7324551578070856,0.9632589651991744,0.8117727679452922,0.3378322503942987,112.62892290126472,0.5658357983954712,0.8562405216186659,0.6004324552573963,0.909570228802722,0.6582809722755381,0.2874392554967586,151.75509606013946,0.5852463790915758,0.8673188118593655,0.6176868294572457,0.9091544827755094,0.6804098042099509,0.3192825206765695,146.7592307996881,0.700058306411927,0.8999359060046018,0.7230466301982774,0.9429997578879542,0.7748485375926809,0.3911079997982648,123.18167039795966,0.8999359060046018,0.7230466301982774,0.9429997578879542,0.5795305177797574,0.8676274089527206,0.6128602932243574,0.903072552619714,0.6770382418818699,0.318279211399268,147.5313285164019,0.7088296696388006,0.9068574322407742,0.7295591926816952,0.9455353959815036,0.7875353460963351,0.3919673691915103,119.66084023374474,0.5651286791137835,0.8642373017492432,0.5990914424119613,0.9002308467226721,0.6651264912946447,0.2952818290374891,150.22738211640817,0.7025606363057333,0.9081321212828846,0.7232296580369885,0.941445361033089,0.7865616392067529,0.3838314988677,119.9347243678825,0.6233947793373869,0.7042564546933823,0.8181254258266603,0.810070170193501,0.6758299949510693,0.7751033339945382,0.9394447415480855,0.9714974745008524,0.6449759529691561,0.6540814969007178,0.2715516722388429,0.3081925929331108,154.2732341586926,152.28200820356443,-1.394325507119952,-14.98267806862797,0.8494223764491442,0.7268206599925229,0.7252766722099169,0.7475321588297884,0.3222139219889111,0.330188353218534,0.3266717354691085,0.3338087238406813,0.4320065064860748,0.4840389054640103,0.3115766010459377,0.3284661843945839,0.4594108335040292,0.5308254591230392,0.3272515391149019,0.3386920427736715,0.4587737660996542,0.5211342116117876,0.9126693671085824,hard
ResOpsUS_958,21695,1096,1.0,1.0,1.0,1.0,1.0,1.0,0.0,0.9829643124900528,0.9829643124900528,1.0,1.0,0.9659286249801045,0.9651641172837322,0.0366601077964813,0.5901335983437497,0.6111069909999151,0.9666143889066696,0.8749476280535734,0.2364639248565034,-0.0142811765038701,0.1735456322168301,0.7651729287537725,0.9592921252748848,1.2117605032091696,1.0929737145974303,0.8506405630454841,0.8959637682669895,0.0767565137700673,0.7974644610729656,0.9578475000651656,1.163940754143561,1.1112080950675292,0.8666126595974666,0.881693942178207,0.0725364361212036,0.7847017118270915,0.9677227678948184,1.1891492922509597,1.0976426055509276,0.8809937332034831,0.9001026446553372,0.0685147098823172,0.9677227678948184,1.1891492922509597,1.0976426055509276,0.7791547475988851,0.9262868938416976,1.1881120863642245,1.089178733184014,0.7840631056542037,0.8040031518335131,0.0922916334920786,0.8827412706574876,0.9779571526971006,1.1065589793534003,1.0436910335076115,0.9385675618997184,0.9476886099649032,0.0492263667654361,0.8512267945450884,0.9375829915545892,1.1227917534161644,1.0562118226980652,0.8426173196842078,0.8356026355725338,0.0787911385025944,0.8622322210616226,0.9712698619452804,1.1344727757151882,0.9915375728999848,0.91668140168461,0.9411169486550356,0.0573284084170804,0.1500603210149146,0.1908287014596918,0.4820166326084414,0.5763125901612901,0.330979216925782,0.9679589561054174,1.0806342410749408,1.6886367261711497,0.2050478789734403,-0.1479928795625453,0.2308549871940363,-0.2274503779654597,0.1787671354937465,0.2148259753116273,1.0,1.0,0.9297680846082602,0.8804579667537838,0.2044441992404945,-0.1834305660539548,0.6940156381620115,0.3574632218412108,0.6517562271758488,0.653890741423443,0.690181486575365,0.5365753016557946,0.464144352128804,0.3545433942559542,0.7739032369384493,0.7719925300782617,0.5264678857545835,0.5718501654570074,0.6024773242630419,0.6782343209802554,0.9829643124900528,medium
ResOpsUS_872,23255,1096,-3.3551895686599256,-0.0699399839529205,5.213796884987015,0.7415035362393075,-27.9221455505348,,5.795300421414972,0.9867749926056896,0.9867749926056896,1.0,1.0000000000000002,0.9735499852113796,0.9826259254506444,0.1752563086528634,0.2133276315597929,0.4586873819315452,0.4977817593910758,1.2713132941580207,0.1987728388036155,-0.0523733603351541,0.9645806202923926,0.424087900114283,0.5244773187830347,0.9240904787417454,1.3158966144569249,0.1017033265862604,0.1493429040462603,1.0213406000403429,0.5016242025765378,0.6900848851218883,0.8847381727459463,1.372888412538678,0.4192624652967499,0.3255807918807785,0.8212032298461982,0.8987624092279486,0.9422952601908464,0.91943678098268,1.0207070164546848,0.8873390565426861,0.8957114504803135,0.3616990702593265,0.9422952601908464,0.91943678098268,1.0207070164546848,0.5471769437971418,0.7178400026462716,0.8224406348261251,1.306442699311456,0.4914772251446127,0.3394603528561886,0.7684505124949387,0.9072284979936438,0.9270745141019808,0.942782655881771,1.00382107617162,0.8592184070651633,,0.4043278327757498,0.5116620309396719,0.6808225509565534,0.7092516799219953,1.228177874518767,0.4555723980662718,0.3557762361153387,0.795116504219849,0.8984612287179083,0.9406572698725394,0.9182519378226144,1.010286728573195,0.8843195917562734,0.8706902755016253,0.3665140324505362,0.3964808694512888,0.4656569769254368,0.5043156869360591,0.7564960473474465,0.6890113296520587,0.9826389109409186,1.147710695739411,1.475317666342972,0.2171374684523471,0.4892075409723661,0.1967428263269189,0.5254704528478389,0.9645301305972748,0.7791037299534534,-30.07316792544725,-210.94593688350423,0.932244242168046,0.9448497535247732,-0.3931650194152682,-0.1289001844385979,0.1757909581245561,-0.4572865549110396,0.3403662001366212,0.0467828089157487,0.7595781890232908,0.6705050027564323,0.4655405356016817,0.3320104595597675,0.6421369934742731,0.2917945298185652,0.3595390052119607,0.2347565416243919,0.7788279833329024,0.6393680768333581,0.9867749926056896,easy
ResOpsUS_784,23183,1096,0.7530475417140162,0.8621518801182775,1.1393388549756749,1.1502268151583888,0.6660981504295329,,1.2837594056827129,0.8168313105510434,0.8168313105510434,1.0,1.0,0.6336626211020887,0.8672677067803182,1.34466729800935,0.8181516435754893,0.911994901767537,0.993796945498927,1.1590139916304447,0.8246228675576662,,0.93038073390475,0.5383242937170825,0.9476814747019694,1.0321144155253037,1.4575761073285385,0.8874913063989354,0.5870414320841155,0.7451904269652118,0.4583785000795145,0.963283084539761,1.2124721068515842,1.4968514074703332,0.8617161528377634,0.6667470451643716,0.8261519892321146,0.8174263425819269,0.9696939100310858,1.0004701702645162,1.180040162835214,0.9388203537037776,0.8149961104991347,0.5495126659308646,0.9696939100310858,1.0004701702645162,1.180040162835214,0.4651482033110921,0.9606154226813162,1.111037554545186,1.5217144438976231,0.8956312829569122,0.6177530395350317,0.7177271891961159,0.736548040913116,0.9475848321376288,1.0600801547298713,1.25109751080469,0.8842138893475893,,0.7559663408645372,0.4777680284923301,0.9736956580972728,1.134300300592985,1.5039818874944677,0.9180677926272894,0.6806511606060729,0.63591863820806,0.7042313600520917,0.9820578408024118,1.0828644928532354,1.28335603597619,0.9529411442189412,0.7913103336156307,0.4819421467251745,0.6224814478240712,0.8084545258446949,0.8655403163746503,0.8566691047605223,0.6631392233496559,0.876405171633553,1.1047170849045531,0.9705001433851104,0.708006542872001,0.7334775789636441,0.5386931898100186,0.6967581237317051,1.2164261262141611,1.1621603493724064,0.2322353961033237,0.7092445366884315,0.7906109575400981,0.5992113696032617,0.6359901369052245,0.8329417184958519,0.7495421791244433,0.9028057403383732,0.6101981080883976,0.8542196005215142,0.8929357973905696,0.9369416799459176,0.6832312390635218,0.8917768691273603,0.8208078037093895,0.8766771867646346,0.6731015170940751,0.9145940909687544,0.8040534414512354,0.9509281601962724,0.8168313105510434,hard
ResOpsUS_837,23407,719,-5.208499528869324,0.1015979353612085,7.121314022826671,0.4824531285294782,-50.093914544352494,,2.503492143462468,0.996151409965988,0.9992289768638836,1.0030207437154164,1.0022566071831938,0.9984284326953028,0.9985228716188844,0.0138844326029743,-0.2194554000120454,0.6103891173251487,1.993672045184285,0.4101774001115757,-2.6160758330189977,,0.6660094768713916,0.5033091845716149,0.6374457135884714,0.7901029936990706,1.2668321612576885,0.1629863648467101,0.0821773694983346,0.3204261196901696,0.4869531355768037,0.6123438172571865,0.779612504359497,1.2537107030478831,0.1480491423660793,0.007943233310239,0.3232726150648141,0.2961426847596903,0.5754510021009043,1.5523517591232028,1.1004032011126823,-0.6543466161984246,0.6033022606765257,0.4504793606043821,0.5754510021009043,1.5523517591232028,1.1004032011126823,0.4158487081065198,0.5859591135302364,0.6856848984577095,1.2664749389616476,0.1139452039457863,-0.062751285339218,0.3296794936667173,0.6660079899271949,0.7168210466556453,1.1574950315895185,1.0809670192108187,0.299378159815011,0.6676150501797813,0.293159167550632,0.2798797006399852,0.3934735964210173,0.7185272474140267,1.267342583333778,-0.1717274895869995,-0.3964990874825245,0.3791184792585814,0.3742419682759245,0.4803333117846992,1.3323855369811544,1.105069035554155,-0.5293912105627028,0.3882641462987519,0.4331326665665806,0.6217330584539378,0.241807799996224,0.6500827440333786,0.285856026782703,0.9789057394062656,1.1951758491241076,1.1421225710906104,1.1635854076091814,0.2474440256164757,-0.8339647153794589,0.1323644793991615,,0.2780420293195451,0.4340467748268515,-9.36468424765901,-258.1383671492881,0.9984094233252088,0.9999217028111802,-0.2320381202885535,-3.904269686099108,0.6237315845926453,0.2743594386040513,0.5419477232739478,0.1731107446963881,-2.3095923546981103,-17.079272002872113,0.4114954792955048,-0.2159586673241389,-0.7434767259179165,-5.914100840641931,0.296203070618863,-0.3897594868226244,-1.792156285436218,-13.394467388114537,0.996151409965988,easy
ResOpsUS_7313,22894,1096,0.4091647776010582,0.9074941631379728,1.5834376711166074,1.0113760316320126,0.3662154932116799,,64.29160308913588,0.9971884574803556,0.9972107314804808,1.0002231733772975,0.9997262371291544,0.9944199188417052,0.987164139781474,6.032588521528134,0.9408555368927956,0.9898153092208576,0.9424626633132116,0.9908460676775576,0.977213304451131,0.8203376778510363,12.190573030853823,0.8006006840108684,0.916433885678292,0.8254547244716539,0.951929858073451,0.8238864560977119,,33.89064418450901,0.8534801804367109,0.9242839338631528,0.880096883686293,0.963143826136168,0.8478292222415064,,31.50279418356373,0.9544953078546936,0.9932250102818456,0.9581284380531422,0.983521261526183,0.9843607585866364,,10.099300334136748,0.9932250102818456,0.9581284380531422,0.983521261526183,0.8519297490374463,0.9225206638944282,0.8791624352875258,0.9636677188837244,0.8447729263636917,,31.817582638762342,0.957835117015962,0.994309627400002,0.9621785393798798,0.9822507990801976,0.986571167593498,,9.358420871033363,0.8164673186514209,0.927462206703031,0.8360080418642756,0.9608956353661626,0.8467350748218058,,31.615847962695963,0.9655184385088812,0.992091484610037,0.9706616326549596,0.9836998874629652,0.9829023612194696,,10.55969840357253,0.9220142363094508,0.9699898492162732,0.9310392201435552,0.9750471292128148,0.9845983594312172,1.0100866893037213,0.9670003083684232,0.986725133204802,0.8603256524961039,0.9489001303289456,,,30.406981623210857,18.39182738654396,0.439522817391425,-1.2544663848195352,0.9774826520481104,0.9776129592083668,0.9024078697660028,0.953085814518131,0.7263455371379826,0.4873098017461895,0.8131584834918497,0.5850535286151117,0.9058607451124562,0.9188064398562948,0.8011162671892565,0.5791456217706068,0.9257051290384406,0.9328308341464944,0.7785666511619079,0.5788540301314038,0.9407818129753684,0.913611494245496,0.9971884574803556,easy
ResOpsUS_885,22890,1096,0.540875566729964,0.6046228954418889,1.2330502952431164,1.0126392366807704,-0.0308020234301411,0.0453895371360337,0.1424423401081098,0.9936831260976132,0.9937098998459668,1.0001857903958515,1.000550470598394,0.9874146777438868,0.9890371423559398,0.0157392356912902,0.6776521747306188,0.6777195472721027,1.005290257766529,1.003929811466817,0.3518610519918381,0.2342803484084665,0.1129498162156158,0.6114527037561781,0.6352252317912256,1.105787598160298,1.0819594654209908,0.1211163520245257,0.0621584965400312,0.1315276803306322,0.658819580217388,0.6978444254865277,1.1262723821050054,1.0957150622995169,0.2202889359241882,0.1692946434576157,0.1238848835966724,0.9492613933306084,0.9861008536627122,0.9515917010179864,1.0061527658426006,0.970860431218902,0.9713692272426848,0.0239493112920331,0.9861008536627122,0.9515917010179864,1.0061527658426006,0.6603595169157559,0.7023738367942665,1.142446417163768,1.080519208654448,0.2408231806775114,0.1854185497705184,0.1222427012417711,0.9623223155135012,0.9845368306970772,0.9658125613475734,1.0034230602915897,0.9688558277163276,0.9691609156829376,0.0247593856966845,0.554458672565591,0.5689516016212116,1.106883166574836,1.0357818586721326,0.022715349740248,-0.0997303400111959,0.1386953840414244,0.941905999543683,0.984597177619068,0.944294821386812,0.9941179062067278,0.967493306131974,0.9684286790243436,0.0252951855403864,0.4765923007000918,0.8916932320950828,0.4947584028664225,0.928578827527332,1.030976281197453,0.9186211215818968,1.1331428489086486,0.9973827029112796,-0.2009898905355684,0.8620983320306084,-0.3155800039429717,0.8546874604340111,0.1536013225308451,0.0520487182169971,0.2250504786138704,-1.8269624519420529,0.9770316462616052,0.9778982200124894,0.8030030160673118,0.5679361634938684,0.6743284438997328,0.2062293635508786,0.7137611870043157,0.3172618897988251,0.9275231012130436,0.9471937111569616,0.7041149267663704,0.2122581621311406,0.91385230629778,0.9426657252240984,0.6823269474042637,0.2347292679876944,0.8838691992136166,0.9432113797896144,0.9936831260976132,easy
ResOpsUS_780,22531,1096,0.3374559342584871,0.417025931743848,1.314804429321389,1.002011484476759,-0.6320962417851121,,4.828725069092586,0.9948460469532552,0.994850884612665,0.9999693123495508,1.0002211357141468,0.9897020765912942,0.9798681793132472,0.383560984977722,0.7177659188145129,0.9865982906233186,0.7445679428417317,1.1192934824049252,0.912550626896782,0.7494093160316018,1.1177326744600322,0.5486407612728417,0.8812634430761499,0.6184828730650356,0.7900679293449439,0.7006133422358722,0.7115196389048675,2.0681203951513427,0.588170635775584,0.8475792127146591,0.6683579787385673,0.8092517403108618,0.68052559090295,0.7225165274030867,2.1363757235764425,0.8891497148627575,0.9785393122165906,0.9052051219224808,0.9466975077023664,0.951712702278236,0.9622795931374056,0.8305696309073313,0.9785393122165906,0.9052051219224808,0.9466975077023664,0.5437543787395254,0.8708246552904166,0.6170809478143398,0.788229377127628,0.6868690124299628,0.7212880848008176,2.11505965136341,0.8902728379220642,0.9880563218144736,0.906577127657718,0.943701105051734,0.9691160047372268,0.9622876511418248,0.6642420038785289,0.5195337263680526,0.8576454175869003,0.5969648338016533,0.7805787891491973,0.6599997499609945,0.6789884673746528,2.2039371967143717,0.8616143876457325,0.9855654343119624,0.8852602585304359,0.9239933374791336,0.960365985345585,0.9485415347676678,0.7524776919714916,0.6196910297704143,0.7995484267788602,0.880442163553302,0.9551915345940288,0.7082585795109759,0.8293674480616221,0.7873317603582545,0.9048287498569624,0.7382344459296131,0.89509787509247,0.707492420777997,0.8184998727098739,1.9568980976233723,1.2388082967677512,-0.1205932663087896,-1.933007402515802,0.9811505775124852,0.9853647543053716,0.6840150239981772,0.8782097116537542,0.4818791493819244,0.5556374700545448,0.5295390213608681,0.5014919412653497,0.8636602400558692,0.908235163788077,0.4747894980404711,0.5302383997631688,0.8559707522523452,0.9466031324839456,0.4346286217830128,0.4883015903007828,0.8517627447559235,0.9401372106557304,0.9948460469532552,easy
ResOpsUS_300,21977,1587,-0.075212196907193,0.4842584591252629,1.942919581439112,1.031537189678769,-1.894747956553496,,30.950546136079943,0.9927604324188593,0.9929439914946478,0.9989109890993072,0.9988007760874322,0.9858999066880384,0.9892508887243936,2.16010037398934,0.6714071238616637,0.8896743753347818,0.6942040437732032,1.047857788774999,0.7497149781711993,0.4919211437434853,9.10081673255545,0.3296589894241375,0.4956221526193569,0.558627924930468,0.9877220164378404,0.2414348500673985,0.3694159699163908,15.843801108205296,0.3523097217587507,0.5576979127791687,0.5287419596527724,0.9577221148067486,0.3073814951072593,,15.13944602603901,0.9691647737832892,0.9726476039186293,1.011654750523185,1.0081746189321497,0.9444168608036264,,4.288786964684398,0.9726476039186293,1.011654750523185,1.0081746189321497,0.3376084604951213,0.4636108891052477,0.6115384558132371,0.9878796860925096,0.1928217919963963,,16.343597301075526,0.9592244237791948,0.978537046424872,1.03158529418116,1.0142953989612105,0.954399703765518,,3.8846041583065607,0.3156936173666462,0.526246628147153,0.5089509167304259,0.9480022520592012,0.2723902936669321,,15.517157943979893,0.972491259194621,0.9811007159702558,0.9804363315744457,0.9958999071235464,0.9625317733250957,,3.5212309318108472,0.5298543817560792,0.8679458008904145,0.6661286821761643,0.8816043405462866,0.6702508817302087,1.0503432479956725,1.0288507277001644,1.029771407528711,0.4424035238576292,0.7473617471672365,0.4172871555989191,,13.680951306168147,9.208859384379222,-0.5762243653690156,-5.829527783762408,0.9854023490825122,0.9755858261598248,0.4874312598105345,0.5761782355996038,-0.104928982309578,-0.4511760055853122,0.0729272520149972,-0.2613064698107576,0.885887497558333,0.9395710764885332,0.0118035091052022,-0.4035524108882968,0.952798450612556,0.9477420762288216,-0.0745507097317268,-0.4505034581352847,0.9150694666656136,0.938851440921863,0.9927604324188593,easy
ResOpsUS_522,21215,1663,0.7432473649088986,0.7469766305619411,0.9566412513288698,1.0045944595013478,0.5139810687049949,0.3814230055942124,2.8839742131608577,0.986870615752002,0.9868718053779394,0.9998985194465332,1.0001447010509616,0.9737462314787722,0.9782576439385527,0.670286705513913,0.8987001040160569,0.9610723621643088,0.9069576489363312,1.009456682686648,0.9205886384633434,0.8353683308663807,1.1657518166226228,0.8347615888916682,0.858349747591158,0.9154869255148438,0.990177640854466,0.7333453108677576,0.4914327786640705,2.136187612790678,0.8564992329375374,0.8867515223553626,0.9135074351672764,0.9830799324072176,0.7851544544542829,0.5331015760564721,1.917467257320246,0.9623215362893078,0.9825395839501284,0.9692043659162424,0.9870992472955012,0.9649399961319848,0.9562738886566494,0.7745879911878184,0.9825395839501284,0.9692043659162424,0.9870992472955012,0.8448657191224305,0.8744732079509151,0.9091990046614934,0.9919471230729052,0.7633937824307889,0.5209438287286194,2.0122310966992702,0.9579241993722092,0.9837024967373044,0.9640428664806916,0.9854449687411316,0.966945241017698,0.9609439646560682,0.752110717236571,0.832049229196034,0.8779867073384261,0.8846184174278686,0.9972966260565992,0.7708049889058614,0.5326120638582348,1.9804658579504055,0.962663164344336,0.9842297788445108,0.9671831028642506,0.991730133987381,0.9683082750383072,0.9615085839101644,0.7364405927702817,0.8513490284257552,0.8831952235662133,0.8531713726757119,0.9367109467359768,0.991629554626267,1.0906642722341964,0.9783574217737904,0.9623457668391182,0.7079834158039314,0.8514636869804362,0.5569668061921353,,2.251443157793351,1.6057337968168968,0.624507964149876,0.3377825818219667,0.976219126852232,0.962954536983573,0.8221941259777898,0.9070588775376324,0.9070123691609074,0.8620461260075011,0.944246924604363,0.905597414001226,0.951533780975849,0.9365272408321637,0.93771097315443,0.88076904583191,0.9520780079810652,0.9416606009589998,0.9475830850916712,0.9095156139443706,0.9609921311785082,0.9517132574654472,0.986870615752002,easy
ResOpsUS_1026,21640,1463,0.0042836934625873,0.5254276069440518,1.875346791618376,0.9999645447727727,-1.5462076360251964,0.177276507675555,246.55476248742556,0.926316230434633,0.9386179445296524,1.04003101431973,1.0076849890130617,0.8706714730529945,0.6098199956345483,55.56657814062084,0.7768923691266784,0.895154531336207,0.8072531626531249,0.9595883760861652,0.7922598008408543,0.4321634197548893,70.42498441351319,0.8913183456216442,0.9440274438185764,0.9293607537240346,1.0607360834965285,0.8880019445914497,0.4307503423855853,51.70966554843068,0.8796802952059365,0.9392190971426182,0.9053965477892756,1.042810046010081,0.8795126196995858,0.4743622339750351,53.63363951025805,0.9567185416305948,0.9626887585693072,0.9948985421904,1.021333800170152,0.9253656451493532,0.6356982531539783,42.21199511948366,0.9626887585693072,0.9948985421904,1.021333800170152,0.878717999835948,0.9323761098200593,0.909711621406513,1.04454595078886,0.8672134816665837,,56.30454841904318,0.9322695486597226,0.952702825612261,0.9528622071430116,1.0113322468321666,0.907539228224978,0.6365326290309261,46.98348688111173,0.8353654216405445,0.93271091309608,0.8560196602106748,1.0429695814429565,0.8625811503970872,0.4539502204959967,57.27823698478539,0.9300019406429418,0.9579748817196504,0.9448289563015028,1.0094748975981482,0.91747076123039,0.6382299877611846,44.38849366377796,0.7195731772433778,0.6678842946206857,0.823606296817916,0.837827178158924,0.7871795445260504,0.7104001836013771,1.047243180787766,0.9884776756864724,0.6751784352053332,0.6856083619053159,0.4122529961936054,0.4401916842543908,82.74147959892754,81.40223871009236,-0.8827756959586761,-5.954239482149474,0.838371039221457,0.7544414276648465,0.8517893008215642,0.7537651380954101,0.9248963114382948,0.9095045159410992,0.8712730513916765,0.8703818384008319,0.9237856520355192,0.9067997873012306,0.8420013131113617,0.832186557262409,0.8885500454248608,0.8463962976802396,0.7793757947579425,0.8279261017158266,0.8921145135099413,0.8726634096408721,0.926316230434633,hard
ResOpsUS_882,21651,1096,0.8287439403552589,0.8373740917243605,0.948389291132917,1.0147575964439886,0.688469342595011,0.4343748266939302,0.6026120189956023,0.9929444916315212,0.9929453311905964,1.000050426021797,0.999903545121281,0.9858899312026091,0.9904937979753644,0.1282484010514859,0.809278020887042,0.9673312929733084,0.8166766078108737,1.0412330301365245,0.9098974759879536,0.8614479809201098,0.3240827176360202,0.8768127738796198,0.9183873400209742,0.9185922038093391,1.0434423425906276,0.8399547327933916,0.6672145625754533,0.4319254670350123,0.8913155475002993,0.9189821475607808,0.9487475447392985,1.0512015979345015,0.8388073238491933,0.6778651429662232,0.4334709986769733,0.9444272561842588,0.9904078156200466,0.945615819326311,0.9937806152649528,0.9788299814559048,0.981959543579174,0.1570898094120889,0.9904078156200466,0.945615819326311,0.9937806152649528,0.890208158817961,0.9212532549887013,0.9429450689903836,1.0509699263071417,0.8434457939924074,0.7000649730237463,0.4271887072065572,0.9688880048795668,0.9940076100405384,0.970296121966939,0.992948253213236,0.9873971850329444,0.9861559196667692,0.1212051779717218,0.8930890603209842,0.9279621642667768,0.92716109689818,1.0305776624490322,0.859388777687367,0.7181180358022956,0.4048530219459237,0.9301926887739635,0.9905631804130058,0.9315572695379656,0.990020030882184,0.977550030262608,0.9762184475603596,0.1617689898253812,0.9052932915242412,0.9695394400216008,0.9202053419008416,0.974310872972416,0.9496727238282971,1.0114350618356425,1.008326970775015,0.9882887307445628,0.8457820620955656,0.9476513068790022,0.6807080565655029,0.9337343172711036,0.428505665835892,0.249656021198916,0.7339976872547918,0.5278512363908656,0.9749169121734456,0.9523288983586244,0.7358523204526831,0.8160657072112929,0.8823537159676442,0.8279587958224547,0.8976072638477132,0.8090173440807956,0.8557400283972866,0.9286872660728336,0.8935663393323601,0.7889891298076255,0.9263566128347592,0.9652014145889876,0.8926692713220051,0.8364282978105422,0.862795686311005,0.9320124641906162,0.9929444916315212,easy
ResOpsUS_898,21198,1096,0.5557645394476094,0.7141544679789589,0.661447876750041,1.031936438103633,0.5066773812163541,-0.0312396215200911,43.50381697749422,0.9887458076294492,0.98874580770306,0.99999938712491,1.0000011319189588,0.977491629199861,0.9914386873570517,9.29252802502112,0.9421903356945232,0.9844506623728428,0.9446181655640375,0.994253018098495,0.967538304703196,,11.159569659784491,0.9233544547198284,0.934143772335614,0.96209465741235,1.0100340366963807,0.8717879333959395,0.8293221354222793,22.17820018848911,0.932577299930412,0.94439663662146,0.9726949920304806,1.0266180954512552,0.890694332824798,,20.477794891295076,0.9837328572858904,0.9883750156238,0.9916949433823667,1.0077785413100546,0.9768408552374044,,9.425906071352657,0.9883750156238,0.9916949433823667,1.0077785413100546,0.9340519854150118,0.9471674785780267,0.9681838212217152,1.0233579981129977,0.8963843217708231,,19.937678382406336,0.9847808226552082,0.988737011564969,0.9898370279888862,1.0012175592248012,0.9775988522572766,,9.270368209131956,0.9271978697455012,0.9485206616564504,0.951466013923884,1.0171604221645836,0.8995207275275222,,19.63360683473857,0.9849539293768352,0.988467842456539,0.9903456981704126,1.0004336355304624,0.9770650457563352,,9.380171700139671,0.8353575446035199,0.932075570110391,0.9250279285240968,0.9735250632482292,0.8805746832522658,1.033461175734267,0.9150063511943548,1.0528503133226157,0.8495611497608596,0.9425581860756508,,,24.17135810126911,14.93602812202978,0.1666926034553543,-0.8322131250589826,0.9787155559136944,0.97259899124976,0.8617681657012602,0.937197483121683,0.7552095617581077,0.4370098288170292,0.7979962774602432,0.5981790786413794,0.9639749520545816,0.9343336759517782,0.8137943133396915,0.6266735661293827,0.9622608081646222,0.9372945077423288,0.8393100730810541,0.6513705685278618,0.9411025119405602,0.927997885519676,0.9887458076294492,easy
ResOpsUS_497,20577,1556,0.5345736932724487,0.7720490301148835,1.4056093779776109,0.9881241918549104,0.1945176182999516,,3.388976445810308,0.9811008715627656,0.9811008744883648,1.0000046069260695,0.999990547023494,0.9622015747309204,0.9735139171630686,0.7341374535951753,0.689247966909412,0.9668235571115608,0.6929660036575355,1.034587205686199,0.8585337301027104,0.7406633246286538,1.420257132102032,0.7682309569225743,0.8868028857555803,0.8029062007360029,1.045357876355101,0.7772892708218581,0.5471494726938311,1.7820139421310064,0.7862149327189656,0.8975393089522804,0.8145870222128923,1.0287730681453626,0.7978541190108422,0.6005551835946557,1.6977470160298025,0.9384655027003626,0.9816286693669158,0.9434936079618874,0.9839994928979074,0.9618803023788892,0.9641637391453716,0.7372507976997243,0.9816286693669158,0.9434936079618874,0.9839994928979074,0.7780867945255305,0.8955033799440448,0.8088083453148287,1.0420913095493796,0.7926092337418168,0.5694789087849428,1.719630881761489,0.9582413517209514,0.9846654228137516,0.962795428132976,0.98884404729287,0.9689611803145148,0.96533484070547,0.6652626272939207,0.7708383335180102,0.8973649820431825,0.8020541022057387,1.0529012667166897,0.793334822330421,0.5591207147229915,1.7166200490301993,0.9656381415910212,0.9852555816916548,0.9694343325004569,0.9946074669797398,0.9704486879772836,0.9589523848198434,0.6491258605914673,0.8557988319627935,0.9131992563318422,0.8772990528030208,0.9333369638696538,0.926300265064201,0.9457157806535366,1.0175158068798376,0.9880153329134912,0.7669392935611311,0.8708180188607573,0.5977857945234443,0.7344639003366118,1.8359440001301777,1.3668657811433451,0.3708512590512395,-0.2349509948645505,0.9553270092959248,0.9228155687015708,0.585058570741281,0.7454170499128252,0.7422259421492485,0.6786822460072737,0.7536997450461167,0.7134712920646124,0.900296792230086,0.9206970245701585,0.7454227634941544,0.7146902389985571,0.9235537354510536,0.9367439369620736,0.7366837659810344,0.7235033697607931,0.9405032988993316,0.9424810842578398,0.9811008715627656,medium
ResOpsUS_529,19400,1672,0.5356283472568462,0.7620402559173635,1.1775740469706686,1.3570485259877054,0.3709467763277537,,0.7138655440292332,0.9766974930609652,0.9767010600238376,0.999969152395077,0.9995934608798492,0.95340350844406,0.9621642026288166,0.1942895012271155,0.7302644891226338,0.91714450248158,0.9619077966749456,1.2538527061212694,0.820401688066865,0.6292587612822945,0.3814379059584879,0.5500324839926503,0.8617501954093078,1.0582306186051282,1.4242251195407034,0.6516490448199305,0.4048631242474787,0.5312283295324841,0.6219424445950257,0.8765373196776207,0.9407244776781312,1.3523789071721928,0.7280712547882353,0.4467119872606289,0.4693537408915178,0.9226576620104108,0.9738128053068617,0.9476678612984432,1.0505708941854952,0.946883764240638,0.9063673138067112,0.2074370698917438,0.9738128053068617,0.9476678612984432,1.0505708941854952,0.6171519360168916,0.8766174537530951,0.97448247596054,1.3615221201311758,0.7208550962354678,0.4405500721345339,0.4755405722821285,0.9182166853215046,0.9770009472729528,0.9438591925730634,1.0548430841119636,0.9525573926904038,0.9140908487102746,0.1960455544447222,0.5630757077235922,0.8678609134009782,0.9815897755710292,1.4160566819683238,0.6898854721628913,0.393333376169205,0.501226218516671,0.907992385617114,0.9766435551276508,0.9821604063163752,1.087187306900477,0.9515905719300096,0.9043851523893972,0.1980330608982422,0.6340668600414364,0.9160100391976446,0.8991783946369571,0.9436758465836208,1.1629820622836535,0.980043959966,1.3117353271378138,1.0590225357272185,0.7107684162085183,0.8881919513330291,0.5340650909155131,0.8292137516133335,0.4881381904619025,0.3034984399306231,0.2724392626874976,0.1731131696013602,0.96693993877549,0.9407308374417832,0.6431653071504246,0.7629757528348405,0.5654368386952257,0.5804226086264818,0.6767454463053098,0.7504969719271979,0.9024198449059754,0.9459299057804492,0.6589692998477461,0.7317261812098039,0.8878728688534324,0.9503244442332625,0.6208124508146093,0.6820653537856998,0.9037726949768352,0.946560921377128,0.9766974930609652,medium
ResOpsUS_936,18998,1096,-0.1497394424272615,0.0002575943698048,1.5596367378293907,0.9039654774084954,-2.432806733755073,,0.5818541883778502,0.9077456670924064,0.9077456670924064,1.0,1.0,0.8154913341848103,0.8104890790686374,0.1348956274012275,-3.5666417592033737,-0.0057336629687931,5.444026591457805,1.3055231750413996,-29.711427458224517,,1.7403615889964823,-1.052258505333016,-0.0376697483765497,1.333806252444168,2.7388444012748905,-2.254412296353211,-5.978105574842875,0.5665337332011608,-0.1858536226918545,-0.0267769929454847,0.967908373933709,1.5924085994865746,-1.0321949887578017,-4.044271322601797,0.447684621586694,0.4650477857287595,0.5821736960347692,0.6701515572121458,0.947131710270849,0.3308395574134392,0.3629628757364516,0.2568943886186395,0.5821736960347692,0.6701515572121458,0.947131710270849,-0.1534356363005051,-0.0446031925124135,0.9314856550147422,1.484276493144222,-0.9798379087040552,-3.617899508732076,0.4418799599189206,0.4598510594158884,0.6995296532451584,0.5609289696029586,0.9067525925226684,0.469053508668027,0.4786321754771747,0.2288310038235475,-0.0158314629403331,0.004348436403737,0.8431818150804261,1.126489453656598,-0.7056062699788994,-2.929639685480412,0.4101369335941661,0.0443175428764838,0.276351540251194,0.4423199792645007,0.7195452620666302,0.0390724633664033,,0.3078469162566516,-0.1509125293688742,-0.18114069198634,0.1155971901310998,0.0269581411652553,0.3977607457863221,0.3581637225846359,1.423956602541353,0.8093981421523315,-0.088226869139012,-0.1134116627932151,-0.8774149782661795,-0.6274492577994792,0.3319962027319876,0.3358159171005947,-2.117589707573106,-1.9118224810737607,1.0,1.0,-3.87053407257174,-10.214486745628149,-0.8299523519712775,-1.448287390631887,-0.237462421063985,-0.5471056626108013,0.6519609856528978,0.3002309140732345,-0.2684169196463128,-0.7098518904784259,0.764936054864369,0.8292009596573989,-0.0819718327736946,-0.4109369051285081,0.4315909798160224,0.3748880499261215,0.9077456670924064,hard
ResOpsUS_1848,20424,1461,-1.2458395562656066,-0.1290652276793784,2.936933163048142,1.1315178543655933,-9.411194352788709,-1.4740216598367128,168.85421938974068,0.9280380631438514,0.9280426144730262,1.000340446438214,0.999265751790272,0.8560352604477153,0.7877999384582158,19.85590601311466,0.6064066987948482,0.8407996992074795,0.642990494038218,1.0459909081674272,0.6644520642635585,,30.31369845853757,0.4373106714596254,0.5874277849452302,0.6316818229799851,1.103658903595742,0.3260257362962396,0.0689600078677503,42.96188190502525,0.4559882024950055,0.5917337700920497,0.6467934334367954,1.0671762061893677,0.3399411662772649,,42.51605540666747,0.8579457368627774,0.9179193603543444,0.8861424269206165,0.978122264210112,0.8408050402636483,,20.879798212617978,0.9179193603543444,0.8861424269206165,0.978122264210112,0.4532786595460694,0.5959909165143655,0.6371833956080905,1.0636002841689014,0.3470758940599604,,42.2856481718357,0.8661365627256343,0.921244315830487,0.8932580277673334,0.9820246442655338,0.8473940337683469,,20.44313031180408,0.4217753483554559,0.5890325233557802,0.5976482559572096,1.059687142466882,0.3412198150573733,,42.47485494632209,0.8612945909358263,0.922423066503492,0.8858677335499637,0.9860416459453106,0.8492181885309651,,20.32058089572592,0.6294112933851621,0.7047271508440615,0.6786741142720766,0.7443382750376517,0.8319120800289224,0.8594301807509908,1.076368290483816,1.0454231631906354,0.4280102007100984,0.5375716655709655,,,39.87296854558434,35.85144351033463,-7.492224336604767,-63.32638497499349,0.7480662886018133,0.5449638078761818,0.4835028982048356,0.4082426585062856,0.0415008718366839,-0.0121415395778676,0.0571263453834823,0.031501848787929,0.6525379283317014,0.6027629508280428,0.0868845021955332,0.0565266342002821,0.6852079645627214,0.6245336529526686,0.0379930634381114,0.0421060338186898,0.6603849788538716,0.628661538406982,0.9280380631438514,hard
ResOpsUS_1869,20058,1461,-1.821163152211697,-0.1260816749967911,3.582409287309736,1.1485391041102582,-13.76485982691158,-2.0928134833027543,174.2291495762255,0.9417996793398988,0.941806138411504,0.9992878401261484,0.9995054025155172,0.8836943475255413,0.8299419081425387,15.463456027026904,0.5936380962503955,0.8326621843380871,0.6315568070864057,1.0371169215336953,0.6511439140447406,,26.781155095973592,0.4759902321012114,0.5721051863907967,0.7310027391162915,1.138321144358878,0.2779046722590669,0.086579476667232,38.530391351579865,0.5047850630458042,0.6127343628404761,0.7171003732319167,1.1234137805613915,0.3453251061604128,,36.68757411234692,0.8803929055344192,0.9288084633727,0.9049790012962556,1.0144440979117837,0.8618539624225441,,16.852928140445545,0.9288084633727,0.9049790012962556,1.0144440979117837,0.5025105520425734,0.6224716453854324,0.7014162407683998,1.12576100752669,0.3612743904317326,,36.23792463171786,0.8875709589378062,0.93218022468407,0.9112037511519062,1.0124897374179216,0.8683230483393255,,16.453603774383442,0.4579949446328337,0.5953089633001762,0.6589778117515576,1.11704064243087,0.3330474197604014,,37.02999310650086,0.8763784121562425,0.9334008766169988,0.8961623148512523,1.0080367212578984,0.8697689554891107,,16.36301824311476,0.6219466704063312,0.7342875308163219,0.6718705787438566,0.8020817129596981,0.8251074112867375,0.8233304609022927,1.0683226560969432,0.9851898045345971,0.4222147702160423,0.6426150828211662,0.2694660209792207,,34.455006430369075,27.097999315765023,-11.123211861297603,-128.62621828990706,0.7312714296994196,0.5215509709041024,0.4773464712998949,0.3458900108036882,0.2193688982486678,-0.0074457218215904,0.2363542956506266,-0.0520076634652477,0.605378281419055,0.5190542743601951,0.2488903479869801,0.0036184047551961,0.6265411080973065,0.5496873710958301,0.1446021712744775,-0.0667945248544719,0.5959228665309648,0.5494064879789298,0.9417996793398988,hard
ResOpsUS_1112,20058,1320,-2.944157474192649,0.0684897349140956,4.818761701098005,1.3251551591108413,-22.635553871945103,-0.8322398377659026,319.9113708894728,0.8772458556417727,0.8772948832500046,1.0018932965564236,1.0029068382548634,0.7541155406453824,0.544627719831288,32.62964323438168,-0.8698963133050694,0.2546233059725907,2.71418501712384,1.0499553158412631,-5.986384868147437,,173.92941576399377,0.6765917213796611,0.8366160912590644,0.7315434518362923,0.9236475619725778,0.684741870490174,0.2255116928147054,36.9470639366257,0.6920616143030409,0.8450718954327925,0.7427192307537306,0.9319563553525432,0.7003789987357314,,36.019104426825834,0.8640638983158211,0.9093144448663552,0.9056903792192028,0.9631157315461408,0.8258724767928612,,27.458733130128103,0.9093144448663552,0.9056903792192028,0.9631157315461408,0.6917950642051374,0.8431691765297737,0.7454580732089747,0.9251482614532004,0.6974037591284497,,36.19749769675073,0.8643459549406061,0.9049777061428584,0.9104614858119056,0.9631810091380612,0.817990848059739,,28.07329555565093,0.6596781851594099,0.8393481918586686,0.7141894483233211,0.9087735633295578,0.6829243451300682,,37.05341443316317,0.8610205060554786,0.9071048490406984,0.9031688263710398,0.9638127856976808,0.8218927756265462,,27.77074641193231,0.7282549956536849,0.7485472786412346,0.7766930032928171,0.7900414605734506,0.8473382010579295,0.8623097418541402,1.0259558808859923,0.9863151319945898,0.5977610419759665,0.6188037507425526,,,37.95297371046726,36.9469041169563,-10.224593994340166,-153.63954959371594,0.6975516740541439,0.4116457376015758,-4.748660098920419,-43.90753444483217,0.5470915139097161,0.5251772369905339,0.5583842363387661,0.5216769244505695,0.709645561302551,0.6256339655104721,0.5772857157610206,0.531939477639512,0.7371240780819387,0.6167213561261764,0.566816874085021,0.5261378281344025,0.7213546482225544,0.5964277625740773,0.8772458556417727,hard
ResOpsUS_601,19511,1854,0.2186440252303002,0.4582809158345857,1.4760599080598442,1.30070676263986,-0.8897175215708204,,34.92174578051166,0.9908783069959431,0.990878374692958,1.000012302176244,0.9999670807859996,0.9817565240375126,0.98181135291797,3.4312415789220387,0.4101745136186157,0.6521176409838281,0.5839322197305852,1.23186110258528,0.3826389833980117,-0.3622882265209193,19.96030176304135,0.3790131348456252,0.5216142635540321,0.7930609241389079,1.3375618354332486,0.1179192315221238,-0.4874757251961488,23.85896929636521,0.4217914326998102,0.5827927024311087,0.7841484171571343,1.3371517645494833,0.2188197044561821,-0.4627610412977088,22.4529361633097,0.877842143822009,0.9683628832777196,0.9385333753092416,1.100714888276903,0.9296727549354064,0.7516805278203257,6.736887639623612,0.9683628832777196,0.9385333753092416,1.100714888276903,0.4203140873790798,0.5790727359805713,0.7873141845940874,1.337076756275762,0.2117129453167175,,22.554837309914543,0.8827410656300552,0.9703554547167506,0.9399152480092198,1.0962324332163065,0.934122490291569,0.7623394948515188,6.52027763329678,0.415886906172583,0.5616177270678193,0.7501722231940401,1.2942705746343717,0.2187014406639996,-0.3981380036124318,22.45463568702989,0.8734467129368567,0.9697797740230596,0.9428793512632054,1.1088104034377078,0.9313870592871862,0.7330632516639476,6.654271526510844,0.3862229397472535,0.8731252877603651,0.439082487957253,0.9532945994780124,0.8263554628126762,0.885321624738945,1.178721568595619,1.0276526384899445,0.020172663911862,0.9036082628287598,,,25.307171207107988,7.937591250103314,-0.6080846436589922,-2.193528763790018,0.9783548137232122,0.9687905457595392,0.1867223239053572,0.2358549475180575,0.1372872812859388,0.0477775987813842,0.2544150908481523,0.1788641221760443,0.8258322611732704,0.9100507828216092,0.2550966606003446,0.176563495912459,0.8409340693087126,0.9219361895136078,0.1869974554292359,0.1309947738710658,0.826614373065889,0.909247137045037,0.9908783069959431,easy
ResOpsUS_451,19357,1854,0.5756546636228568,0.7331923802781979,1.3277610069588133,1.03814945452771,0.181747527784101,,47.513302262620485,0.99072021154897,0.9907257000171664,0.9998616801159612,1.0002875780484746,0.9814538151819372,0.9795016301728549,7.153174906142312,0.3303390117904553,0.8427190357163312,0.3519572760689893,0.9387695715852068,0.4633731974887022,0.2218054855861886,38.47757849394652,0.2587313064681605,0.553811669333277,0.4080581817383185,1.00036521267449,0.2854630740860279,-0.0464901392560526,44.40009417580133,0.2796363411732717,0.5739798234073019,0.4192602010180297,0.986889089561052,0.3052416413010328,0.0121596184926126,43.78127882829181,0.8856098405981909,0.980793657696015,0.8873430214582577,0.9950371208841178,0.9531840556816586,0.8458555506764671,11.364974002994634,0.980793657696015,0.8873430214582577,0.9950371208841178,0.2764419669397128,0.5887495078296046,0.404873710926047,0.9847042506314664,0.3124440587479791,0.0086243280304585,43.553751840424376,0.9217549402979792,0.9837208122968552,0.9234794888555584,1.0013743324532187,0.9640746193945332,0.8645009931160812,9.955710093263365,0.2933362528189429,0.639288709062288,0.3930712784458064,0.9700242911240724,0.3466398092628292,0.0782122525564117,42.45686152900829,0.932068696893774,0.9868642398351888,0.933426206892398,1.0031691983006288,0.9710294511771927,0.8603258520283052,8.940255160039808,0.467929776164946,0.8957866602488072,0.6770627047037321,0.9097297994179546,0.5798540026594157,0.9494074956164408,0.9521714800845646,1.0123332708222277,0.445379373373561,0.8257956072121133,0.2669229833551521,0.6857584917417705,39.424162962773934,22.095000910987377,0.2178779378589492,-0.940617581817565,0.9806797919216916,0.9763472991711574,0.103503617644361,-0.4806090066039628,0.1664176863188335,-0.6862155681970197,0.2221287816198107,-0.7011785123044727,0.8979586318666831,0.92212633080311,0.2215719505364771,-0.669862289336282,0.9295341463424616,0.941623602594365,0.196652565671942,-0.6857213719220545,0.926775236298768,0.954952914775345,0.99072021154897,easy
ResOpsUS_1851,19580,1616,0.2716734081059084,0.3021446126082021,1.2084400352214235,0.996800864929728,-0.7300892989105927,,168.27809967782704,0.7524073430179081,0.7524074296755712,1.0000482592232915,0.999798548661096,0.5047909230025998,-0.086530330964726,90.03008026057317,0.3059469989805823,0.6237511569784271,0.4235808540254918,0.911189277094451,0.3418511413099037,-0.0678487880153164,103.78997451158769,0.3603812643867288,0.6207758836880407,0.4925914211281593,0.9114690413347266,0.3618301789097057,-0.0550082258628499,102.2024884824246,0.3792432980335458,0.6102012717380426,0.524402470858425,0.9151305428551676,0.3584581426706357,-0.0497221464901258,102.47214746079486,0.4896366623088986,0.6626395676935796,0.6179243788434109,0.973982796248772,0.4364784577395345,-0.0277394562055393,96.03921475523305,0.6626395676935796,0.6179243788434109,0.973982796248772,0.3983743247685543,0.6193014677832254,0.5400712090364195,0.9259217446988288,0.3722849244917458,-0.0475177051413977,101.36187102748552,0.4779046361119838,0.6684454216724784,0.5983022032071098,0.9640276406784708,0.4407267910497369,-0.0278852898949897,95.67651478974356,0.367665218158473,0.627145959610001,0.4973441224937055,0.9096439835993108,0.369066473693992,-0.0589728139880407,101.6213925148345,0.4716075915839781,0.6876297395318124,0.5756261969224185,0.9608818084749472,0.4589034197512859,-0.0622635284778168,94.10890790391272,0.4487269278351983,0.3864714133394188,0.5828010801948375,0.4820337999891617,0.6491435158988598,0.6991411721509058,1.082138839604724,0.8672886289674782,0.328528201980655,0.1676588141628274,-0.1409624921031578,,95.68527796044404,106.532452917143,-0.6475628594673808,-4.915712452973837,0.6991788503812973,0.4780996040370048,0.1722542368616214,0.1764523595492221,0.2925800834336283,0.2158715827124138,0.3230146675282088,0.189381325184596,0.4305188639185081,0.3260746540359776,0.3561504538674044,0.2043593016424886,0.3860472870697026,0.280371250178397,0.2988044421407366,0.2170358318687089,0.41949138662256,0.3589898739949608,0.7524073430179081,hard
ResOpsUS_1067,19692,1463,-0.6627770487832201,0.0533928683794309,2.366956743828305,1.0138460401426053,-5.349930503667824,-1.3882803221540465,135.14157098815886,0.9260256677732566,0.9260273249877248,0.9997082056616512,1.0004000449787878,0.8520975645745849,0.546581054766313,20.6249136868355,0.50061209787318,0.894704400872753,0.5123922043278938,0.9767674539740032,0.6537604228103724,0.2887823883910718,31.55679085031176,0.6937375779126747,0.7740894470925891,0.7950993555043393,1.027871475618018,0.5979484902234256,0.3088527107801002,34.00519939410604,0.7300482189662341,0.7995472859002731,0.8220162436006652,1.0318505251344097,0.6376941997805083,0.3616190875038488,32.28063880792334,0.8718812610844698,0.91694789947575,0.9027020512243208,0.992938199672819,0.8405375719832124,0.5601890514761455,21.41576848781062,0.91694789947575,0.9027020512243208,0.992938199672819,0.726156634376852,0.8048835277944126,0.808909466610577,1.0201037115678986,0.6473922846393574,0.3542294541220245,31.845669417537103,0.8751040786452073,0.916310288321289,0.9074024793132776,0.9954478035116244,0.8395231992403573,0.5729278038703265,21.483775524102377,0.7049984452515234,0.8059424446576711,0.778001451728889,1.009177531481645,0.6486731209908729,0.3730476935649001,31.78777760469709,0.8768797665658873,0.9224711700519516,0.9049676992147404,0.9891956390648518,0.8505227789096796,0.5892798608760226,20.73442445533648,0.7320134874800521,0.7336151402647474,0.7845384213989162,0.7630678930023436,0.8632594714135443,0.8795692713527898,1.081823632779472,0.9820972134201597,0.602112775846057,0.5683558006158818,0.3813126106927579,0.4279807131147705,32.57331354856467,33.92695611821236,-6.127793179247202,-94.29484171607028,0.7113092228158682,0.4016934129147462,0.4458083551884668,0.4350371138844622,0.3886532151233607,0.1506519518156719,0.4547992885778089,0.1645680119038837,0.6481348431178793,0.4475769120033728,0.4902229580030484,0.2426833116255646,0.6246822912639931,0.3889970906324805,0.4792648418874763,0.3109957025045875,0.636475487197027,0.4611415553938437,0.9260256677732566,hard
ResOpsUS_1864,19693,1461,-1.6820891531343023,-0.1492993237873692,3.4137974528886503,1.215163068696374,-12.740897396026984,-1.3538908152845006,84.56287089658045,0.9019458051419112,0.9019470837104724,1.0002040913821897,0.9995427439506734,0.8038537972753275,0.7807058975830704,10.103273806130504,0.6703243801001963,0.8389332925612125,0.7174489806594561,1.0539300619392136,0.6848081788991466,,12.807360676693932,0.5440326640223836,0.647870689029104,0.7419014441304765,1.1315153804380047,0.3856651705780836,0.194354343266192,17.880297458398946,0.5684283481236359,0.6581783918601806,0.7806541949486054,1.145943470968581,0.3871296727767013,,17.858972475470708,0.8782919419028405,0.9151186114658538,0.9171047546656236,1.0271363149165549,0.8363639981925057,,9.2280852991655,0.9151186114658538,0.9171047546656236,1.0271363149165549,0.5565663851235121,0.6656831388405327,0.7464432138820177,1.1434383608398764,0.4066004851189762,,17.572994126832853,0.8797996926401874,0.9091598131189826,0.924878147021916,1.023513433223466,0.8255180315938753,,9.52900262198808,0.5274351423247228,0.6687014012057738,0.6909192477363291,1.1342679102643691,0.4203713311395091,,17.367891579870324,0.8756143479787519,0.9132354350467704,0.9135487717439306,1.0216768500996984,0.8333134562921638,,9.313704208040123,0.5992060517732316,0.7022286899140919,0.6747027859606088,0.745084388694274,0.797998390482278,0.8538360949207949,1.1183759317837112,1.0481860672280192,0.4200231196377735,0.5400100395871124,,,17.361555044686657,15.461707647361688,-10.42773728388434,-98.8212629879015,0.5410982997150056,0.1192847092186124,0.3730657370146315,0.1283063856728759,0.0463263760888067,-0.0648825507089911,0.136455841220689,0.0078033927109508,0.5085616227855163,0.4039704615812157,0.1482622404920106,0.0235943360480274,0.5049289043244419,0.3311393845315058,0.0924422474218474,-0.0205052574924602,0.5228536593369458,0.4186419853999673,0.9019458051419112,hard
ResOpsUS_1776,19327,1643,0.1750513038164781,0.2486411854926768,1.3405765740888105,0.997192798729756,-1.1305103662650056,0.2424896368011251,31.789092085047045,0.9030372810798976,0.90305096293093,1.0011610794664154,1.0011423511857402,0.8058738052014744,0.7946216034860053,9.59573773149756,0.8067958759278481,0.8805201332115375,0.890904308795252,0.8944039529562919,0.7611819241546354,0.7304691396327743,10.643142968123792,0.8702466500847319,0.8784789107153632,1.044428832773674,1.0097280774913786,0.7440667804664498,0.7405167337135785,11.017920351565092,0.877812422216134,0.8878182435863651,1.0465051171590043,1.013503028203609,0.7628103595039604,0.751569153792506,10.606794554545322,0.8804858374535306,0.8993399039660617,1.0616489242407054,1.0187240555325492,0.7820270466227924,0.7814061659747814,10.16804835486268,0.8993399039660617,1.0616489242407054,1.0187240555325492,0.8736766375117502,0.8852435450252422,1.0525819713073747,1.0048666462162938,0.7556241933144037,0.7540662106301111,10.766273365092577,0.8781580757413289,0.8994741103226624,1.067112073215284,1.0153613033425517,0.7806543685882451,0.7763882226830359,10.20001459464198,0.8761806194790948,0.8895276033682219,1.0559168261865544,1.0006301779387596,0.7635734841518861,0.7566575477665607,10.589717865585326,0.8893190279212636,0.9035999469467534,1.0537008868943352,1.00857450280699,0.7938700904522109,0.7827811195683358,9.8879623682721,0.807454551527735,0.836473186128276,0.8316478516147408,0.8562605827791732,0.909658208034179,1.03041661084117,0.9761323548321668,1.0717971348801003,0.6848471176084154,0.6964686370628388,0.6805933768960684,0.6920039093188124,12.216624538820952,11.989259790971357,-0.64324232926779,-4.931142779021297,0.7860393291343535,0.6528559825738603,0.713954126747078,0.5237307708271512,0.7174330074404731,0.5390463642600765,0.761429390354977,0.6224138103815735,0.7674008599625992,0.6358175997270868,0.7306090251543086,0.5396637411920397,0.7480168275369141,0.592356381459752,0.7519284839982765,0.5928871713106703,0.764252036504138,0.633776199951668,0.9030372810798976,hard
ResOpsUS_597,19150,1854,-3.45347854688951,-0.0087024031220241,5.337730819833293,0.9909465912859784,-28.58651628761724,,359.13817353672005,0.7735760875313984,0.7735761847075245,1.0002015291740756,1.0000582407066645,0.5470609739348918,0.5693498599787054,44.43595567221095,0.04563785585868,0.0473624373950066,0.9809253645042356,0.9459173339716064,-0.9493681151745386,-0.5723204324444431,92.18528082737082,0.3674557701019918,0.4389470777122239,0.7082037375428012,0.9863338964726384,0.1150626728771059,0.1090432557799313,62.1113417373867,0.345233805384124,0.3759756021034639,0.8019381075875534,1.009154628098463,-0.0423806678523759,,67.41054340380754,0.7544839608558672,0.7995876652039552,0.8588906363665351,0.9858165930193084,0.6303164873507591,0.5118947967957463,40.14483663608692,0.7995876652039552,0.8588906363665351,0.9858165930193084,0.3278891816279013,0.3582024722224517,0.800502191683664,1.005432309676163,-0.0681278816706161,,68.23799846688792,0.7391447304015923,0.7914297513178893,0.8439874504054161,0.9857168837105516,0.6180139329071325,0.5521808056269097,40.80735208232266,0.3317655158242819,0.4239635824646518,0.6614030522091928,0.9915455064386188,0.1214108582301881,0.0294434578671278,61.88815983917692,0.722045220726066,0.7878123323981371,0.8208707286167719,0.9878362352613794,0.6155050106681048,0.5313953272897174,40.94114610944924,0.2931994802803543,0.5582104774238891,0.3714236332569605,0.5930038312458193,0.6772829244972227,0.8346122174154977,0.982324734032671,0.9533204300659494,0.0359248794554436,0.2341288965484751,,,64.94963073876882,57.88940562507574,-6.380686039429916,-493.8960967426152,0.6494463723907712,0.3113050020564708,-0.0221426271242053,-11.457822158467865,0.354053500097037,-0.5306136917016926,0.2758123494920209,-1.2092475845480322,0.4624307493514572,0.2211702623188557,0.2282028768824151,-1.4650563287957064,0.4624533216076884,0.1497345674719821,0.4162149185021129,-0.4671186430184391,0.4660334578274369,0.2014369743787507,0.7735760875313984,hard
ResOpsUS_574,18982,1823,0.642852190599254,0.7173326627031477,1.2169980999777126,0.9762185199930334,0.2646488859451795,,2.902766100276214,0.973657544960801,0.9736575820755504,0.999983561485428,1.000041050713663,0.9473160291913052,0.98326754736944,0.776969400818339,0.902885941559338,0.9627783790894132,0.9105443380335088,1.0065860326253175,0.9241945068739484,0.8505369554889404,0.931998050300512,0.8106917340980371,0.9075448823217594,0.9719665763869244,1.162799870744546,0.8076914863575129,0.758814117889147,1.484444349125331,0.8319388184583757,0.917472214987773,0.9814353547525938,1.145220795304875,0.8282778439252046,0.7845298984873893,1.402742100107282,0.943286188341656,0.9648990758011252,1.0202451159994983,1.0396801818464811,0.9272662705021216,0.969511517113536,0.9129197312416756,0.9648990758011252,1.0202451159994983,1.0396801818464811,0.8293283791121558,0.9176383982538844,0.9861171346707648,1.1488376121299604,0.8275113968218545,0.7901608942385193,1.405869042663871,0.9518212715701648,0.9716883505278526,1.0166616703062494,1.0352424335125698,0.9416028598908456,0.97250839543648,0.8180134690756685,0.8202529963219521,0.9178053099013084,0.9834155814892158,1.15899048812264,0.826811384857399,0.7659453582717438,1.4087188793553078,0.9560411214864926,0.9715390394580354,1.0177748358749137,1.0283973930989083,0.941391445737368,0.9729539892207356,0.8194928513269413,0.8469699822046156,0.883355417344132,0.9090235107140066,0.9447993523074238,0.9906449651292742,1.0199941699234338,1.1226945315253238,1.1007922632266711,0.8128466309601305,0.8823924535071606,0.8198231214415674,0.8996414574036605,1.472247388140922,1.1670771407901512,0.332772948543261,-0.3788732239959254,0.9305991987403665,0.862911760312748,0.7549734686562036,0.8520118962695873,0.8102381205256988,0.6877939643196875,0.814890027730309,0.6722122623482073,0.8928518016933651,0.8048231157689325,0.8025011991816946,0.6554187575863847,0.9176264954045504,0.855141841684633,0.7989597492819651,0.6774061473467268,0.9190604949719874,0.8582776045027019,0.973657544960801,medium
ResOpsUS_1237,19022,1427,-0.2028608645568934,-0.0061162897733179,1.6523867454479904,1.0948462192135724,-2.7523612838144027,-0.4188918531159589,27.70423139892254,0.9662754064111464,0.9662769446418644,1.0000483116461054,0.9996815411638452,0.932550608603498,0.9251141189786752,3.7143497944101536,0.3457125261274681,0.7140708846582074,0.4460244432104801,0.8013854941196383,0.4303025601953443,,10.7948327184277,0.7463922241480287,0.8409865066555923,0.8130025379081961,0.9362539249975648,0.7056772994995877,0.63862599422323,7.758998405740637,0.7994284725248619,0.8457954051734546,0.8723988254725646,0.9870454321835884,0.7146291729147052,,7.640091675035093,0.859618448522975,0.9316554120581236,0.8818740217151997,0.967102423365685,0.8652911142499118,,5.249185309768905,0.9316554120581236,0.8818740217151997,0.967102423365685,0.7771352640873253,0.8437266527296313,0.8467077837647663,0.9581810104374652,0.711522385579002,,7.681567334409797,0.8614379139538639,0.9281838120577848,0.8844120326372004,0.973898110416263,0.8594754416597923,,5.361297380241075,0.7538325577529519,0.823100599984939,0.8341139163232023,0.9577292164830166,0.6770224529662743,0.5920224620874407,8.127929888347555,0.83902583783861,0.9290421340179036,0.8623819063376377,0.955966803028106,0.8582949829295298,0.7211645054899856,5.383768736337412,0.5253246281373178,0.6236255125069148,0.5584312236435865,0.7112053324779359,0.9222421245648048,0.7637473762030484,1.155844272297316,0.9506027065968272,0.1750788199755306,0.5026094747391767,0.2299753954142986,,12.170670108075177,9.450548554342673,-5.788741884134748,-28.40796994566658,0.8930611703738627,0.804315849981462,0.1180256737457197,0.0545515524771824,0.4527932227898736,0.3900946740104822,0.504516322452037,0.3816386170267708,0.6674646042825154,0.5971957611616568,0.4807385777798713,0.3573618722082126,0.6672519127423471,0.5774329037318073,0.3681818783729668,0.2856323515352599,0.6102555687362152,0.5897425964915674,0.9662754064111464,medium
ResOpsUS_1033,19279,1463,0.0823938819271802,0.4565256132687298,1.7364159874740646,1.0657880861884428,-1.4315033271106232,-1.020928114520249,112.29818715938984,0.7336387811166367,0.733665013977765,0.9966397826833008,0.9983619874385742,0.4691075081447058,0.5943807260015116,52.47332725891675,0.5432384156073897,0.7871421513589607,0.5967360409854949,0.973526227909426,0.5830468649368936,,46.50278179995041,0.7952663922258698,0.8614466076148599,0.9982606214787988,1.1507175576140376,0.7139270648548773,0.3193366683522991,38.51888412667629,0.8063489454445598,0.8574611699823754,1.052485817338422,1.1201193233662203,0.6912056773825587,,40.01934395228625,0.8308525015503911,0.9113647438160486,1.1309546332664997,1.0600462456695037,0.7808668048187233,0.4674898103994208,33.71237871203199,0.9113647438160486,1.1309546332664997,1.0600462456695037,0.8453166635130369,0.8888497419947209,0.984913674190908,1.1065127105357897,0.7761084032356238,,34.07643928870945,0.8979716811617058,0.910709633977714,1.0275801561270326,1.0409431724293965,0.815036302552463,,30.97266395596786,0.796371022910093,0.856168917408429,0.9244703307134003,1.122770717390897,0.722092993411283,0.3004446914601905,37.96514470577932,0.9220660483822526,0.927523835058104,0.9898118776191596,1.0267788814633003,0.8561224939173594,0.4732621878007002,27.316921965234787,0.4522652509495071,0.6453275855649376,0.5209182380773647,0.6640850071019821,0.7414534907078888,0.9274408593306628,1.0603963843567987,1.0876858609631488,0.2212280258076521,0.3685077240019061,,,63.96765447957704,57.60222921614512,-0.7027556672146618,-2.3932790345816395,0.6186186409370664,0.2550793342095226,0.4630295014803238,0.5209547047000044,0.7632365050220677,0.7750471782395365,0.711118059376812,0.6899006578077664,0.7145507634415973,0.7682758247477497,0.7710169799250419,0.8193908861062188,0.8271290505430485,0.822178448626128,0.7697611106908547,0.7811392538377137,0.8703772286385963,0.8845296683256211,0.7336387811166367,hard
ResOpsUS_385,19671,957,0.6383479417955615,0.747676065661402,1.257401390764763,0.9705149631887092,0.2989511149575192,,1.4090628502616414,0.9774055252159772,0.9774055252159772,1.0,1.0,0.9548110504319522,0.985982002828436,0.3577439818233502,0.9466421158527,0.9786916650968348,0.9576452899130332,1.0244764621173128,0.957223195206198,,0.3480650239050895,0.6884508560858089,0.9044066138393708,0.778725037612725,1.1973883598810229,0.7910195422588928,0.6778532481295724,0.7693235935094069,0.7400673661260302,0.9202540827484224,0.8056252508429622,1.1530490761961745,0.8270329008431803,0.7585336608301814,0.6999031762820546,0.910583562879692,0.9705319466106578,0.9310100431703484,1.0486551016171548,0.9396936662492656,0.9541835369289616,0.4132736129059251,0.9705319466106578,0.9310100431703484,1.0486551016171548,0.7675746541825264,0.927523533692922,0.8451835922435269,1.1574820088117772,0.8464316919909894,0.782629153371149,0.6594881754936586,0.9112766780612782,0.9732731934355896,0.9341074998350504,1.0530630199736388,0.9449219962828492,0.9551306824876904,0.3949529017635733,0.741395096393851,0.9334654625645394,0.7913410906876398,1.1375176754529073,0.845753377190171,0.7818445955515032,0.6609430580332039,0.8874109456680404,0.9718726758304111,0.9031055274942018,1.0499660883824915,0.9390940118777296,0.9490781455481216,0.4153232178648349,0.519634632982831,0.620032734939294,0.7733746648651291,0.8607487099453018,0.5837997491729594,0.6578127606327877,0.921455779868564,0.9111625419653324,0.5604798588628093,0.6975435410908171,0.7780938808986873,0.8759822822755771,1.125917994398498,0.93400413927875,0.3816949884154788,-0.2402039610468489,0.9393621595541748,0.8872037244117131,0.8892812893379659,0.911219868020967,0.6010989502396488,0.6695462509581116,0.6544965574936172,0.7115884453472585,0.8265387252935907,0.8722365071685376,0.7359427231906843,0.7474493427423832,0.8596493474793816,0.8794056459970463,0.6854293746103408,0.7290679096831346,0.8176575989580004,0.8727029405398959,0.9774055252159772,medium
ResOpsUS_362,19055,1587,0.1670821400466207,0.2848454361338188,0.5852292527337624,1.1013476118263092,-0.0211474459269842,-0.1503928602445812,6.691874470254644,0.9952431491542928,0.9952923625651,1.0002776407617,0.999376545625345,0.990581577828212,0.9927774939984256,0.6426768177890839,0.7824502574147643,0.9335312007919432,0.8643857656753751,1.1565840626605628,0.8379256407693713,0.5500197824017082,2.6660034958655388,0.8531445095696645,0.8991750115083162,1.0389938937111738,1.0993998642777136,0.7773713148283796,0.8237814514872577,3.1245977710673736,0.8804010262339561,0.9104139399309046,1.0200462530169023,1.0766576813318118,0.80993804749688,0.8341395820520638,2.88702903182648,0.9784154825828912,0.9930886289290936,0.9848750615788908,1.0137608349967353,0.985935338075603,0.9737406658324026,0.7853589667571524,0.9930886289290936,0.9848750615788908,1.0137608349967353,0.87803391564118,0.9163300848666056,1.025009670194459,1.0851445091133758,0.8193418174700403,0.834124675755013,2.814701705847764,0.9795106056523184,0.9933103285160934,0.986537890946288,1.0139224709013228,0.9863920674953908,0.971922492887222,0.7725020332504823,0.8612013152861853,0.9137420500238888,1.0164202379881415,1.1074942637009828,0.8108213316430143,0.8173043052021945,2.8803127043166588,0.98277455278179,0.9931545847237532,0.9881988539414898,1.0105161434598795,0.9862016878277796,,0.7778870490102183,0.8889990485607954,0.9716037799979972,0.920233365052409,0.9759237723382816,1.0387695960576315,0.9850303884780056,1.0667488845680173,1.001609752423145,0.8273873195902044,0.9523411433425436,0.8608424065516347,0.9497211874669428,2.753555751044804,1.4468694121498225,0.1211607520672878,-0.7727581522448612,0.9719188747656352,0.957287399752806,0.6795708595089304,0.631543367449412,0.6385249676352129,0.2504987670099765,0.6630615951842154,0.3242722393204454,0.9492476229697946,0.9442951458449804,0.6876009624860631,0.3838968926073893,0.9620846482689956,0.950648896722288,0.6703982373084817,0.3736351256869644,0.9530381008061308,0.9450573808619231,0.9952431491542928,easy
ResOpsUS_372,18597,1827,0.6926833859961268,0.8128823120398824,1.243619039766648,1.0089574303481548,0.4752039387884402,,2.472890070553068,0.9830866331921772,0.983086709963434,1.000020694335942,0.9999534311325206,0.9661727184100468,0.9870873502477574,0.6278314638634859,0.9667759431038228,0.982278780650963,0.9721998627716056,1.0041168812839556,0.964761656343902,0.8807153045555397,0.6407922795927768,0.9145806051774872,0.9669002493453216,0.9212543972902164,0.9999021617900254,0.9328125436515128,0.907366209510506,0.8848173440856977,0.9196133309051384,0.9687755751348258,0.92602228196831,0.9962119800911754,0.9366911914867716,0.91354127968594,0.8588980116542336,0.940050000769993,0.984563510477331,0.9463280564748447,0.9782045950455855,0.9676689858440506,0.9816038957384496,0.6137891274937215,0.984563510477331,0.9463280564748447,0.9782045950455855,0.911760284133644,0.9635497472599523,0.9199400631329968,0.9930694127079052,0.9265026128288468,,0.925434055813989,0.9341593221672004,0.98298232382175,0.9421066179205178,0.9736608681545154,0.9642411501668606,0.9799008428834572,0.6455075081035152,0.9249011969737996,0.9709124725128848,0.9312052882359768,1.0078124000127555,0.941064256647062,0.9225649976252712,0.8287029982618522,0.938355516834729,0.9847562030647328,0.9431155620562286,0.9817838072163546,0.9678471216461718,0.9759253682616088,0.6120958796361832,0.9364159224285736,0.9134316529073248,0.9632557949272126,0.9537924222176885,0.9484682172776214,0.930007318058186,1.0061052177382694,0.978553253196776,0.9276242774569812,0.9089225479914952,0.9234458280132948,0.9445102765479312,0.922508929612386,1.0348551340760277,0.5500928129295795,0.1822875459871985,0.9474660717077134,0.9120175619580956,0.8350706059225167,0.9301334135227596,0.8179065395588391,0.8567175599356738,0.8320705962070085,0.8585357490991186,0.8858845366983817,0.9140190102092336,0.8248777052431828,0.829808224848024,0.8810986625752839,0.9042822515299148,0.8341376313077242,0.8702699965748432,0.8858369340696652,0.9161537744558956,0.9830866331921772,medium
ResOpsUS_384,18597,1827,0.4377415847276064,0.7103509372460904,1.481594378689009,1.0174585338889857,-0.0905814212371294,,39.54702275106754,0.99291721203481,0.9929172188329672,0.9999934491381108,1.00000730657046,0.9858345303560092,0.9933141045056848,4.507131561533575,0.8627639536620457,0.9608685418570562,0.869374114519741,1.015470599231395,0.9146117476818876,0.7555060693517808,11.0658252762735,0.7778473571422643,0.8706851069081507,0.8197687130704617,0.9879112297960998,0.7553258278863635,0.7337929489114596,18.731769715975798,0.8060005842841533,0.8836027673272763,0.8449337032363051,0.9935268916110256,0.7792085930199708,0.7241689773743661,17.79409192320829,0.966445118302206,0.9912847867556444,0.9676531045385622,1.0019114125313957,0.982082715793986,0.9583283714837691,5.068983033189326,0.9912847867556444,0.9676531045385622,1.0019114125313957,0.8051222988520707,0.8785460880778264,0.8481171978610402,0.9874349652638702,0.7707290628967354,0.7489768318455765,18.132565265503708,0.9667402159575283,0.990343251077129,0.9682744806701102,0.9974599492049832,0.9802850314421356,0.9663476053661644,5.317197485074887,0.780778876332546,0.8824009067620506,0.8152362741361111,0.9904752986121872,0.7740121022983207,0.7224304309631417,18.002272748071732,0.969205942230653,0.9907026597285477,0.9708131300872092,1.0031559598337956,0.9810842906815151,0.9591267229697572,5.208300842180406,0.8419999863455043,0.9495981320547948,0.8868989268831328,0.963383896246672,1.100726614351429,0.9674732568552764,1.0450144503013463,1.011900429348919,0.7384065331900306,0.9279198143361892,0.8140831680813194,,19.420777162575543,10.194386774961718,0.0608886455211585,-3.4826180021086515,0.9714226913006064,0.9444708824207404,0.6133312485222073,0.7861225553947189,0.2775563237377334,0.134878490157062,0.4551020636833239,0.2478564597132551,0.9212919474017228,0.9345370872358616,0.4800081030142683,0.2540119438299059,0.916723756870979,0.9185382860793664,0.4472965377433968,0.2512315975584087,0.9300565732639038,0.9312155063601948,0.99291721203481,easy
ResOpsUS_386,18597,1827,-2.444401962592409,0.4964252137315051,2.558119733816136,4.030277249632088,-5.756952159612346,,37.89477833197835,0.973830203044874,0.973830236119926,1.0000071309001233,0.9999590087332024,0.9476600986403204,0.9920209366983124,3.335188609226366,0.5263799551348948,0.7567160574137403,1.059036409367259,1.4020492165727116,0.4503664560173328,,10.807881238036314,0.849708563394506,0.8839821249376549,1.028703521954235,1.0911234130747092,0.7588951152755407,0.698245269853649,7.158251509619224,0.8584606355962473,0.8959003162724793,0.977909486951064,1.0933201840808475,0.7942495310758064,,6.612632172987546,0.8821409787851655,0.957811852815482,0.9076403337282416,0.9401618753216172,0.9142028852885544,,4.270122071224898,0.957811852815482,0.9076403337282416,0.9401618753216172,0.8684252339193015,0.9030261587917306,0.9870066803207876,1.0879725345446958,0.806926233846134,,6.405685068231088,0.917345397309176,0.9585799914541328,0.9399320080575388,0.9611669910766798,0.9182399994592952,,4.168448034461594,0.868412429936744,0.8917271157552883,0.9875228313554584,1.0737332448431456,0.7849626725893395,,6.760220720431559,0.8905048312064414,0.9642925985671028,0.920895966244371,0.933241290338802,0.9271262312642952,,3.935406186250142,0.8828262520331567,0.890947354262591,0.8885507118451117,0.9042785147441,0.9958459140033632,1.047164457752885,1.0359372641125968,0.9775191030514864,0.7777593238958835,0.7972051018537668,,,6.918120943639376,6.608530334114167,-2.09887226949465,-7.429264041751887,0.9607081800387038,0.9219704660476792,0.2433105853819779,0.2571635027146438,0.8091597725722015,0.7084151294331407,0.8178483262838263,0.7589104361857257,0.8668970888883463,0.8859552301076934,0.8335701972137487,0.7782433280272051,0.9061673161249456,0.8931925808388137,0.791661601911077,0.7330290339298628,0.8873464965582781,0.9116378837039792,0.973830203044874,medium
ResOpsUS_55,18597,1827,0.0499658497996456,0.050041816898825,1.0036285671166625,0.9885470350256458,-0.9069561380060982,,13.805672841596508,0.9916595035578298,0.9916598537171876,1.000044666433113,0.999937985542846,0.9833189565014908,0.9854783166474258,1.291215803932951,0.8270867400015924,0.9746089725666572,0.8309947117503655,0.973703541059411,0.9285383884564746,,2.672536396656975,0.8669681519514776,0.8683544050632673,0.9893536871917742,1.015923754348403,0.7391421565965564,,5.106098346448034,0.8967399160370543,0.9042759669133816,1.0159585374026692,1.035282850134792,0.803983284029381,,4.426227987873523,0.9836623152173934,0.9887716732278772,0.997019959168225,0.988512442444314,0.9774679538933704,,1.5006780876851022,0.9887716732278772,0.997019959168225,0.988512442444314,0.9050983475995338,0.909257993768974,1.009275336913972,1.0261950388172962,0.8160528082460852,,4.287792956930414,0.984245465763695,0.9884144487138092,0.9993448935342648,0.9893439601203587,0.9767288319949636,,1.5250929600203424,0.8971458581510263,0.9088991833385176,0.9526586597401002,1.0061978384535388,0.8241439926885493,,4.192430094844727,0.9765466254514454,0.989519387046394,1.0045886778725894,0.9795265644013248,0.9784977040404108,,1.4659853934733895,0.88418593650697,0.9662424079210846,0.9020114114210952,0.9799525724503482,1.028580799723516,1.0103308109956315,0.9452800612368218,0.9748812815657236,0.7945244348641831,0.9587351203323964,,,4.547154878507828,2.0377455174195225,-0.9988058868357856,-4.9281524289400345,0.9690061704433468,0.9467409547720048,0.7437596014671688,0.8713450839519434,0.7291773515375558,0.6799598188088702,0.7979151495958384,0.7584788521019967,0.953318312161614,0.9497548916593612,0.789537509810276,0.7633590029825406,0.9470654213356214,0.9449488860961708,0.759919439442189,0.7466771594366803,0.96525120576108,0.95424682295234,0.9916595035578298,easy
ResOpsUS_57,18597,1827,-0.2972354263926395,-0.2738078166948167,0.7556421928247905,1.0228617516345588,-0.9850811131940294,,16.052861799454355,0.9942959243174296,0.9942959243547848,1.0000002876675844,0.9999994139965744,0.9885918454275464,0.9848219794529464,1.2169452408435733,0.7215176040616712,0.9355122086951112,0.729091360758957,1.001509571043582,0.8325722856798224,,4.662050916599704,0.8664758283965691,0.9205060951708012,0.920900938587336,1.072475940704653,0.8444719565096027,0.744561159408947,4.493323556406391,0.8814219325727485,0.9313775604629514,0.9334404094604516,1.0701536868166854,0.8647808478863162,,4.189695326605379,0.9811642993980614,0.9944827389074774,0.9936689011762928,0.9831399693094212,0.9888405174104168,0.9527653134852452,1.2036088368159843,0.9944827389074774,0.9936689011762928,0.9831399693094212,0.8870265589142466,0.929901244089313,0.9377951713365918,1.063085038650112,0.8624876344205983,,4.225072977918371,0.9784676473388284,0.9942987511044948,0.9895181160253732,0.98207604729701,0.9884322686047622,,1.2254269746725734,0.8605554175045648,0.9278470790684944,0.8934752883353118,1.0537701905625525,0.8581449294144401,,4.291269305681894,0.983216538019324,0.994826464833105,0.993481045438069,0.9854252834897836,0.9895622521446742,0.9488043718852304,1.1640368763515214,0.9141414689479072,0.9612940935291252,0.927447154652196,0.9877091925508018,0.9954587965066748,1.010996218763198,1.0456853308753808,0.964983340809113,0.854373537693037,0.9743462089411656,,,4.36721848536875,1.8329919029078103,-4.732902006537897,-10.532093642136372,0.9415914103211512,0.9580288557400704,0.5736010826491978,0.7143054776298277,0.5619697012611441,0.7268452122896606,0.5422733717080193,0.7627222932616112,0.9248831162302242,0.9629028111273654,0.5865513607819086,0.767122728046048,0.9365385910076728,0.963031967044008,0.5979869258731576,0.7447565260095212,0.9788133430817504,0.9696152122571572,0.9942959243174296,easy
ResOpsUS_60,18597,1827,0.640153426885394,0.7697292686233292,1.2764081687786408,0.992033150809949,0.3356622354785233,,5.301104645909718,0.9813760208951268,0.9813761549964424,0.9999636276608518,1.0000605973197372,0.9627536578203588,0.9782286421759876,1.2552022858189524,0.921799853569128,0.978044785982264,0.92495766381521,1.0013708607420804,0.953750476890994,,1.3987030972057717,0.7988811693858215,0.8826478725798415,0.8372268351699749,0.9865033697244484,0.7767246507237513,,3.073210411132404,0.8342705586115253,0.9148761362194632,0.8579777362888635,0.9929393932008024,0.8336844123781161,,2.6523961225487485,0.954695596134435,0.9805553652263556,0.9592795518969706,0.9959700751344114,0.961011241296742,,1.28422645286106,0.9805553652263556,0.9592795518969706,0.9959700751344114,0.8352131643674625,0.9099438391690392,0.8620962895267055,0.9947888838171878,0.8256667285986617,,2.715576532972865,0.9541793778001704,0.9805038638880964,0.9587129631368292,0.9961515350404568,0.9608902549159244,,1.2862174570240992,0.8118566611715362,0.9074148972719382,0.8362491625150851,0.9965973655286856,0.8183194662322807,,2.7722098714042587,0.94840597637864,0.9816242708627262,0.9520955965073674,0.9945737694363356,0.96266908110385,0.9429732672920828,1.256626596020894,0.873368384814015,0.9136923155523616,0.8777084632499959,0.9161182861073832,0.9739126030409728,1.009735281775756,1.019994842430885,1.017835323319102,0.7605011017231625,0.8300186000100065,0.7077818416820953,,3.200009321044315,2.6958776874822803,0.1841244023678301,-0.8149687866015278,0.9398404989148704,0.8993246598525909,0.8527419149727922,0.8922758083133878,0.7446540322550335,0.7027564276791398,0.795184579320263,0.7535709251612018,0.9263038590822172,0.9068187630002872,0.8009768362691807,0.7440680605015113,0.923254517971615,0.9010147199551842,0.7694668352609961,0.7616931361410553,0.9274702920345088,0.9172605982267444,0.9813760208951268,medium
ResOpsUS_572,18018,1695,0.3412640622926954,0.3649802010032953,1.1718528030523427,0.9660956552583708,-0.5182780045250457,,0.7179350629216207,0.9187088889803424,0.9187088889803424,1.0,1.0,0.837417777960686,0.955973523596805,0.2349340910524546,-4.473424237295137,0.3014934741078434,5.005630730106203,4.664066589013465,-27.2371064280958,,3.0961330072645072,-7.141346731788772,0.0627454600943412,9.0734668035986,1.471396124109417,-81.27521657192206,0.574693306025758,5.28498831040851,-38.34981065717341,0.0195757039578459,40.30167025480706,2.680798065664652,-1623.7407959738143,,23.485594421641498,-80.10213135207294,0.0125317107811702,82.04551709453122,3.864397861109326,-6732.587904882154,,47.811545345057,0.0125317107811702,82.04551709453122,3.864397861109326,-76.25134146503623,0.0116670957910214,78.19628783897643,3.743373853484503,-6115.749332754935,,45.56903750107269,-50.08126945310499,0.0069786543177688,52.02643226982992,-1.1478378337751145,-2707.810010672582,,30.324858764026235,-7.983839852053059,0.1030025905062288,9.920877234706966,1.5680875795026454,-96.50503049415248,,5.753379548159171,-12.798773313259522,0.0847226235703806,14.707904786575211,2.289092175566862,-214.4738092227984,,8.552769319572462,0.8459128767942796,0.8916572493433528,0.8571899342101532,0.9028319674201754,0.9433581879477112,0.9960638356430168,1.011825048598111,1.0477601473466045,0.7272941477680637,0.8055085548096674,0.7836175131637819,0.8519948438277488,0.3058689205677984,0.2583083071107482,-1.3395478261668226,-3.3182518094807048,0.6754001270171444,0.6127253030570267,-0.7310635287623772,-4.437445733262422,0.6403265655031256,0.5395401550148805,-0.2947059309963538,-1.439984872942587,-0.4032704338511763,-1.7691707345027985,-7.530564184095963,-88.9240383777917,-11.39798896650261,-174.90992700042898,-1.936687350595526,-9.628748370844477,-0.8136711221294761,-3.5616802798293783,0.9187088889803424,hard
ResOpsUS_1101,18920,1429,-1.486579216353015,-0.0850958489116464,3.23055122992171,1.1740241608749624,-11.019970530973518,-1.52023989836026,145.80957144544,0.921954616094015,0.9219546865818536,1.0000549781984336,0.9999106697498826,0.843900779680733,0.7515683621069921,16.616314324331448,0.7554778570784223,0.8500791709372372,0.8071642991828003,1.011367316413023,0.720649137158826,0.341587712091023,22.228458210252025,0.4999766820761624,0.5841492205330092,0.7223563287518945,0.9976677264025676,0.3221230547669387,0.0841391232966858,34.626593127946784,0.5180320853409077,0.6280208996791854,0.6950912754896679,0.9690922436460724,0.3888489017726374,,32.87824522146825,0.8131158220127293,0.8632027789271549,0.8727096817431458,1.00306450106768,0.7450182071605136,,21.236792186639363,0.8632027789271549,0.8727096817431458,1.00306450106768,0.517669667301579,0.6388090896712855,0.6819635791332325,0.9678051069400724,0.4050614574702892,,32.43921862417624,0.819594615616238,0.8623611843943012,0.8836564672718776,1.0081142803534051,0.7431400639510382,,21.31486160157488,0.4773996749413292,0.5880794640440749,0.6792528504801081,0.9764662394829065,0.3369086357714254,,34.24688047241587,0.8103906116533406,0.8722991562381357,0.8598710404012919,1.002844175361304,0.7607423592238819,,20.571560631346685,0.540118501628698,0.5384982496596341,0.5551118178498575,0.6452674241969744,0.9061390609546608,0.7125238171991812,1.0689610183284926,0.9328724381968008,0.17977957041884,0.4069673664268922,0.0624960252379245,0.1575289130489869,38.03715250041976,32.34312676217001,-8.158498666631278,-88.93727806323976,0.6687858414656513,0.3445670552879094,0.447614539404583,0.324470508281101,0.1953913597918547,0.0176075820050425,0.2827727724300671,0.0698155355014158,0.4039607784727943,0.0510688057176932,0.2481608523887137,0.0797060849992967,0.4467627317747829,0.1152627444422507,0.1803372008280462,-0.0731639827180259,0.4442667989436475,0.2090921888532257,0.921954616094015,hard
ResOpsUS_939,17028,1096,-4.522482989383391,-0.0575145116221955,6.264894928800521,2.288550664284468,-41.104939731748544,-38.14057915286719,0.5329639107007988,0.880296062107689,0.880296062107689,0.9999999999999998,1.0,0.760592124215379,0.7724544668015271,0.0401883794076852,-4.609205361729416,0.2156021851909317,4.495000753486669,5.3165813546491165,-31.008268894732662,-31.29699026165234,0.4646889768274423,-11.532127126835809,0.2163083083754316,11.145336244542005,8.315202672574074,-155.98947856781703,-64.96370597428275,1.0291212609438092,-5.849422051973929,0.1908197645526687,6.223302187384036,5.35625114655908,-49.33120041570295,-29.771387972541667,0.5827065787902292,-0.0899779506211342,0.4326363025730779,1.3411554994067325,1.8658887300957567,-1.1509348397206338,-1.5397077920357591,0.1204605672905615,0.4326363025730779,1.3411554994067325,1.8658887300957567,-5.359485465269631,0.3207022935061189,5.8803413429943365,5.020432611646175,-41.85989264012785,-26.861329517856287,0.5377207756912772,-0.2282840912126744,0.5355764960273269,1.4058427827462248,2.062207255377542,-1.2420626748312054,-1.750359532203673,0.1229858512337259,-4.025001860816017,0.1698728913177631,5.098429813485041,3.786468329009371,-29.571259468488723,-21.11362797194938,0.4541381041023078,0.4355911727664794,0.6556938709134974,0.9576710600334188,1.445217783308228,0.2031985308347234,0.058945505666642,0.0733172792300452,-1.009404905608478,-0.1103162837110141,-0.0409862297077525,0.0366835933908855,2.039372932601211,0.5483858186504922,2.3688534074977543,1.317597830338235,-5.585153244922397,-0.3282647809765231,-6.012246512495257,-0.5331631467484397,0.213566401348887,0.0959162774928092,-16.231617915264984,-229.1624035112907,1.0,1.0,-3.154991975650137,-16.64850106315088,-6.734679463593774,-60.03596804271084,-3.0933389717413133,-15.31999309914357,0.1418144146097756,-0.1755231719928163,-3.934929840001096,-22.606830177448263,-0.0655512961600135,-0.3160930702458366,-3.0018548387329496,-14.374136454200189,-0.1204248654771009,-0.6729873959148529,0.880296062107689,hard
ResOpsUS_1752,18417,1408,0.934964855363638,0.9353617018747472,1.0071413152003863,0.9993202422841958,0.8697484871091246,,299.65904655373043,0.9706568748040704,0.970663024245986,1.0002125901045404,1.0005618321100227,0.9413130424932612,0.7871726272338946,201.1438704716592,0.9627836467435972,0.9792740989932744,0.9690945081483524,1.0005869843034552,0.9588736049787064,,168.3822569831695,0.8890762501006559,0.9367563033747164,0.9094966421465196,0.9893484580390334,0.876594132579128,0.7177418333978305,291.6781586751407,0.9254876857702726,0.9498916840174322,0.9449763742694648,0.996306457970084,0.9022489904455836,0.7455742989408923,259.59518380568954,0.946910904058358,0.9731947972173346,0.9541908265171308,0.9987946633261026,0.946744719567196,,191.6096348008573,0.9731947972173346,0.9541908265171308,0.9987946633261026,0.9319075724215716,0.9527090751821048,0.9511534605683132,0.9962366625263818,0.907630297877152,0.7484845185428676,252.3485285576756,0.958808153761494,0.9747452663808592,0.9674629516829008,1.0005541779260416,0.9500748281090632,,185.5221589304127,0.918604286353528,0.9540109185945872,0.933168637295195,0.9933791578690028,0.9096347596197822,0.7491105245826095,249.595475946776,0.9443917948522916,0.975226815994798,0.950233453028727,0.9986388840791148,0.9504398143779692,,184.84276966315295,0.9048983274022449,0.9425177481391918,0.9526731154895924,0.9450475880513314,0.919519606830142,0.9884292294745456,0.981905789637172,1.012270247326786,0.9059889146065168,0.8910039678695665,,0.7559872613001966,252.96326560522436,272.37877969619547,0.7478809598052534,0.5606347498926871,0.9174362208928744,0.8436803627462928,0.8993106100069456,0.8795217021882094,0.6441181795979145,0.5500521147205355,0.7460309243296026,0.5748637792959236,0.8237672268296002,0.800062929321931,0.7675869449331569,0.6054411716375736,0.8631490630971458,0.8162452290921425,0.7426570637591507,0.6353558042923652,0.8046511503873451,0.8212253484784562,0.9706568748040704,medium
ResOpsUS_423,18299,1854,0.6470190491712882,0.8809917981834727,1.3322485734032918,1.0065943172364955,0.5724664888395086,,32.32128308705803,0.9969978951150712,0.9969982067215224,0.9999789171818724,1.000037767289814,0.9939965380168656,0.9890211786853852,3.8300495688135032,0.9635947060560583,0.9895031869832804,0.9667604619598424,0.989497835722398,0.9784791446196864,0.9083037545549932,7.251590591091476,0.841577533205581,0.9155087897061428,0.8811065130172553,0.9381675479914316,0.8328069092144275,,20.21215757924753,0.839529694124758,0.9324938329702468,0.8731355194931225,0.928592436910612,0.8604652881730042,,18.464801453362917,0.9701620657526272,0.9914345075639036,1.0275871732748725,1.0074754618706725,0.9815744764450304,0.9775574968035492,6.7098595674376345,0.9914345075639036,1.0275871732748725,1.0074754618706725,0.8447419275243028,0.929208626464784,0.8782195246638772,0.9347070729039176,0.8561835224877712,,18.745966473625018,0.975542198050355,0.991929452286507,1.0215368842788883,1.008319432154304,0.9829720219939077,0.973273249395538,6.450376321441511,0.8529473157731187,0.9277676614259998,0.8912738039857548,0.9322829747941196,0.8544244439648512,,18.860262849701638,0.9653962089592826,0.993335637337196,1.033206749949548,1.007093686099373,0.9850711523431972,,6.03971791535958,0.8111547179169185,0.9081254705054016,0.9512018259419992,0.960690925780693,1.1792729985225072,1.0828375767373686,1.033800455239431,1.0058018733315548,0.8515194216923083,0.9079704490791246,,,19.160215153703916,15.084440550133785,0.4721844066578895,-0.5710260143227872,0.9679350922834316,0.9794829543028664,0.901029883566982,0.9475388956752722,0.7377612005450018,0.5781742777514625,0.7934236738484268,0.6521748709482535,0.936987065909721,0.9425400636934248,0.7731222328104098,0.6179008483422619,0.9649675173352528,0.9511458013772816,0.751587152296161,0.644249442183443,0.9370115432891774,0.9504133212609978,0.9969978951150712,easy
ResOpsUS_355,18324,1587,0.6950400305659957,0.8938656724250686,1.2857219888295466,0.9900484892255276,0.6451811312253815,,47.922463386498045,0.997856420550672,0.9978874777532198,1.0001921145325776,0.9996913341307938,0.9957738535623076,0.9700558790913336,5.230076622719892,0.8737847949331115,0.9862670636985972,0.8840577830551763,0.952051206683194,0.9561625075254504,0.932875626083954,16.844519731065656,0.6774633740076275,0.8679675604368702,0.7408538410591127,0.8605705256563865,0.6855155604196257,,45.11649590964758,0.6675997427618823,0.8863963126298425,0.7181796488544117,0.8652356764271505,0.7091087372451798,0.7431949337302641,43.39114588385519,0.9232358783692692,0.9892285829758078,0.9290041142791088,0.9728653145267036,0.9729883390356308,,13.22243454475758,0.9892285829758078,0.9290041142791088,0.9728653145267036,0.6754295866529985,0.8806829917893177,0.7306610725067162,0.8637430849143316,0.7037274506157736,0.7415365584731323,43.79065972234945,0.9626311861450472,0.9918722234377348,0.9679339400897016,0.9826179604502472,0.982434061568693,0.9670674996610544,10.662804801678034,0.6670018852572378,0.9021839275485708,0.7097272001526617,0.869380468301262,0.7315283011652801,0.7787332642419321,41.68550203476663,0.957461757583815,0.993983253907269,0.9614019906725056,0.9831627047816944,0.9861873332011112,0.9634758769125644,9.455283360627597,0.7406860351938631,0.8615211652844958,0.9301873802120484,0.9546704817024838,0.7793298572229125,0.8851072704820481,0.8830614753446874,0.9373798503755076,0.8057409434368197,0.8960185009981988,0.7692450132977642,0.9007663154959986,35.584957215489624,26.03477611743207,0.1765575040150465,-1.2970896744642415,0.9839733030153992,0.9846971606253192,0.7009700431031025,0.8060429046600298,0.169130126216938,-1.3024844267747206,0.2436474864552997,-1.1754543141709015,0.865970273002282,0.8093383869843956,0.2703754678374868,-1.2115630397948798,0.9483913037091036,0.9028023683649818,0.2978147457186217,-0.865361621037299,0.8864824124185744,0.914186892104916,0.997856420550672,easy
ResOpsUS_953,16937,1096,-3.2924825726018705,-0.0160952388985391,4.534749018448957,3.213256984209613,-20.92138780702703,-18.117408018847616,0.9479300778442216,0.8564260959869534,0.8564261025432925,0.9999991066760172,1.000043380183932,0.7128524615205625,0.7303570398549457,0.108491279208209,-1.7903737401820807,0.2139939768156866,0.8171636449907607,3.671132907345243,-0.6260286104482382,-2.909065232545879,0.2581703553432139,-2.1519669915236617,0.2509187540191938,1.716041073403319,3.976752993409764,-2.4661458263872795,-5.4803958305670735,0.3769343324028163,-2.237131432571738,0.2553581444619024,1.9121196151204756,4.0153882380942605,-3.0721673772661857,-6.173029700716557,0.4085592910865756,0.5316287445156763,0.819859829574403,0.97228120781321,1.4314543087311842,0.6409018407445721,0.4487001325548513,0.121324600671117,0.819859829574403,0.97228120781321,1.4314543087311842,-2.0315255590037364,0.2446940829911403,1.7399363581027192,3.841153704497876,-2.5243407414743464,-5.600666820508655,0.3800854338247296,0.5521151136620058,0.8042446691738911,0.9851894008105834,1.4025684637608975,0.6070724719724225,0.4490633217800669,0.1269107787676069,-2.1868721022508764,0.247645930070461,1.711172649155445,4.014025648971589,-2.4727438798784607,-5.66466764582148,0.3772929224011628,0.5172697414115706,0.8419160434384497,0.9781098721883,1.4555862020947137,0.6813137691068671,0.5694534613948187,0.1142941312722474,-3.582745995859048,0.293312477021906,0.1913995370756143,0.6317485761039286,2.3074393889536,0.8387884603048028,5.317213035991303,1.581213371663569,-5.242938321551599,0.3417059134315083,-9.264645743337455,0.0005809024682119,0.5126395738887246,0.1664667818832754,-27.454700533885028,-92.0368020240078,0.9900858409984468,0.9998168318940795,-1.91290742854622,-0.2005727251694575,-1.1968985093381033,-0.3567023846798085,-0.7851594660654981,-0.3554917810108369,0.524279814893456,0.9414072573412388,-0.9996094481110588,-0.4552122040823709,0.5840518214668683,0.9323404339623844,-1.3589992488328182,-0.5187862920978819,0.2569340807662299,0.941388319492812,0.8564260959869534,hard
ResOpsUS_449,17466,1854,0.5687940582937983,0.6308360009470848,0.7774867696419937,1.012015335269407,0.3763503902809169,0.3095710827003146,5.303861010038629,0.9914564393115928,0.991456439392878,0.9999993433468418,1.0000009786387627,0.9829128900049928,0.9905871557309912,0.8779223690532908,0.9355295923525396,0.9841449770197258,0.944639178091732,1.0289867401783257,0.9664147912801584,0.8924570649990637,1.230823651443047,0.8063970531160349,0.930364616905053,1.0425166632953868,1.1755714891592657,0.832241542140817,0.81397643258433,2.750831696144805,0.8335187337466827,0.9423409435252424,1.036201202739888,1.151924053855649,0.8636533357855807,0.8341145390553872,2.4799565155489494,0.9688676324868,0.9938203449615756,1.0112986322701183,1.0283439072713638,0.9868323697548814,0.9836521374144852,0.7706827149163362,0.9938203449615756,1.0112986322701183,1.0283439072713638,0.8408235846485139,0.9435639011635488,1.033406811982693,1.1450382117423683,0.8680747694315579,0.8382218776478574,2.4394152706701475,0.977086724314508,0.9941667201046916,1.0066423675676184,1.0211392999268898,0.987910890168901,0.9848167796103322,0.7384463850857252,0.8392643528839268,0.9408747941470474,1.0163158599485147,1.1485730493757509,0.8646887753708765,0.795376268655565,2.4705219653054544,0.9848398811753258,0.9941590466990986,1.0019368460790867,1.0138550025110376,0.9881624437178648,0.9844180590086,0.7307230982509038,0.8476788874370235,0.9054079860284838,0.8861503216685556,0.9263575741933407,0.9975604823503712,0.9453031551696692,1.1011633373801335,0.9769197618273782,0.7657748366770488,0.85741113771223,0.6482542795861803,0.8941286978659883,3.2587302835713623,2.5425789270778245,0.424294352635318,0.2332944748614053,0.9702303808793502,0.9418757266285522,0.8292951741554163,0.9169717765299752,0.6674403750621881,0.6234543787906823,0.6739250876112626,0.6582041798736455,0.9398960253783352,0.9647114999572,0.686090749462967,0.6695252280997868,0.9490137673592928,0.9681467140461482,0.6450038754650157,0.6732096655515944,0.968595278441402,0.9712205436599808,0.9914564393115928,easy
ResOpsUS_477,17557,1851,0.7624798155669639,0.7892682886069768,0.89254751434935,1.0214929559150892,0.6116128360900178,0.4231879827741792,5.572235230649745,0.9903902667538224,0.9903902829035726,1.000012722630911,0.9999878129583204,0.9807803209097044,0.9882015799207668,1.239567193685249,0.8056119512112058,0.9762723785298024,0.8112498764297863,1.0399637879024335,0.9235762165050114,0.8422245343047526,2.4717883153354623,0.814841365162101,0.9132223863505556,0.8369878355072311,1.0134313086378297,0.8279037249767347,0.7474852045134577,3.709221281163974,0.8315022363224975,0.923514194286174,0.8501753022972965,1.0096942171896364,0.8473645879945213,0.7546083203838115,3.4932097153825787,0.9692045432658464,0.99037664146002,0.9712351451551784,0.9946770072672912,0.9804387064469052,0.9842011734379796,1.2505348320680971,0.99037664146002,0.9712351451551784,0.9946770072672912,0.8246979916503869,0.9248036821308372,0.8417832891158908,1.0066166689007252,0.848306440807711,0.7616633600919945,3.482415429395533,0.9718349636126716,0.99023523813959,0.9737581267263256,0.9969532332551644,0.9802809685995804,0.9826204644098594,1.2555667234627086,0.7966812086006156,0.9257781109767528,0.811294466805044,1.0148278072395924,0.8436421005623794,0.754024761126897,3.5355494946910277,0.9705291395082388,0.9903250236951608,0.972531872089132,0.9954802211671524,0.9803976485724748,0.98123851339319,1.2518465394999871,0.8074936692254157,0.9121827809569324,0.9321844134700972,0.9519541747302906,0.8219595234798397,0.926536851212813,0.9724079299005458,0.9974254311269112,0.8557002185566335,0.9055609763435564,0.8305431281141293,0.9165526584669018,3.402135717560133,2.752292217206161,0.7068928334293805,0.3951861734624051,0.9576080126479444,0.9151514707940452,0.6900376135760988,0.8003671975342398,0.7330779790164387,0.6378016960427948,0.7837842919993616,0.7116369914691507,0.9312356206485678,0.9267490538641416,0.7553963154949698,0.6826933389495812,0.9381504487264626,0.9306866713122038,0.7159018598060326,0.6386727353821667,0.9484024004753882,0.9280535870168471,0.9903902667538224,easy
ResOpsUS_131,15688,1827,-0.3141940924767754,0.052114841990946,1.8919499402964133,1.1817832333638902,-3.417678166401717,,83.48458398121265,0.9536346737725208,0.9536346742363128,0.9999966620948588,1.000005645007474,0.9072696579534651,0.8162602133911498,12.095398498361034,0.4951874562495985,0.7720928305795457,0.5839450494680338,1.1726044744273758,0.5288115517435008,,27.265066908767626,0.5291032335616808,0.6315037071287716,0.725436411746901,1.102806044510085,0.3786510257946348,0.4257381832407547,31.30956568623264,0.5226686295456484,0.6306962874754369,0.7175385948492787,1.108053504041676,0.3777283096043791,,31.3328047409498,0.88623716783274,0.9378598548145266,0.9069430158948162,1.0205178470676632,0.8781742624604834,0.7615509859379029,13.86368796858507,0.9378598548145266,0.9069430158948162,1.0205178470676632,0.522781596773511,0.637333936617028,0.7076421246711855,1.103622408684412,0.3897482174793102,,31.02871416900432,0.8940888440139776,0.938627648377692,0.9165590858223822,1.022095729448171,0.880011814263395,,13.758734613329032,0.5161034655744176,0.6406611577857453,0.6927063434445857,1.1029663107332244,0.3963801350319279,,30.859651154803384,0.8832022752637405,0.9451411657416224,0.8990352499096119,1.0209364764601012,0.8906964826554337,0.7795851100534168,13.131862274689976,0.4981390632225392,0.870302922420404,0.5696463280005866,0.9157591277724458,0.8108510695746383,0.9057024611107136,1.1757350249060028,1.02885795450915,0.2326375975769851,0.8376054434639605,,,34.89939699094283,16.054744501022927,-2.9002504002026384,-12.595339415749583,0.9329725904913068,0.8659842289135606,0.3557771534983531,0.4524345305700816,0.5390708852409939,0.5050208967435819,0.5077456796466255,0.507490682232471,0.821764968299305,0.7910696210312349,0.5019648723839598,0.4849058983383844,0.8243935827144533,0.7815019121789171,0.5225028242991558,0.51013080563757,0.854872512915804,0.8447606644650612,0.9536346737725208,medium
ResOpsUS_367,17563,1827,0.1172868660126695,0.1657062475906335,1.2882780249684629,1.005673792798086,-1.2327321611228412,,4.6588581062164565,0.9932176426107358,0.993217642649391,1.0000003762606755,0.9999993813107592,0.9864352801944948,0.9918999823336884,0.3631337236596104,0.8047962246658183,0.8769215035733786,0.8879782956504119,0.8979836514244247,0.7613279221781842,,1.5232176955178576,0.7907850182975003,0.9340399066988718,0.8540177788134556,0.8654289564656401,0.8529049714348862,0.9008798316872436,1.1958044543485935,0.785036125319047,0.933351095652711,0.8488819519566667,0.8624110232513984,0.8502920391113253,0.8952347670757923,1.2063785784954308,0.9677446308549,0.9904658301221771,0.99591837581675,0.9694574266399476,0.9803168887464908,0.9754700313570468,0.437429474518523,0.9904658301221771,0.99591837581675,0.9694574266399476,0.7863060100859882,0.9295097463010508,0.8483222251248909,0.866995871989764,0.8445787210559248,0.8927747386279135,1.229182613283096,0.9673363829034216,0.9904304326444116,0.9983092558664044,0.9688154421751172,0.9801857100926102,0.9617443500724124,0.4388846845498295,0.7721868970512193,0.9288865792267128,0.8376820933295233,0.8568406886186318,0.8396616530637382,0.8928003822363624,1.2484750574095456,0.9594841881267482,0.9911557920837022,0.9927730953637104,0.961127350907611,0.9812922588401832,0.9745965194741456,0.4264536595031371,0.8381969791805691,0.9097076811071704,0.9104483224776606,0.9690466967691186,0.9030463545940784,0.9737232105388752,0.906401360898083,0.9193518369350098,0.8223725936494625,0.9342122392012412,0.8916512448132595,0.9298129105834552,1.3184189968522388,0.8023632284916246,-1.457796983769601,-7.4108270554775935,0.9844992355549762,0.9739278610343516,0.4632644058005944,0.5597702532201111,0.8069249365427169,0.7047385224284406,0.7816928739739781,0.6898826312554301,0.9690083715971723,0.9385967966114356,0.7681827356781523,0.6630009390662767,0.9650729871558544,0.9368397443479164,0.7631827239228967,0.6476860871764751,0.971618600314229,0.947947440988408,0.9932176426107358,easy
ResOpsUS_895,17866,1498,0.9821281253842936,0.988973757188524,1.0137764713412336,1.0028345562485286,0.9774263125921304,,81.5164896395296,0.995438216488708,0.995461436525606,1.0003111868840513,0.9996616612407854,0.9909195582310162,0.9670394974312968,51.70085255734386,0.9877529641915532,0.9964770534458178,0.9897533357530311,0.9942917073060638,0.9928093573728805,,46.00743999669521,0.981694630774212,0.9900897026426052,1.0126382791516817,0.9912166948780876,0.979504125696108,,77.6743165080729,0.7357349867669862,0.9308461022681344,1.2520702589704606,1.0389142671792817,0.7580866940604766,,266.8542317130084,0.73984538670696,0.9405195427691532,1.248091193840017,1.0509240371955693,0.7810669263379472,,253.8632893832929,0.9405195427691532,1.248091193840017,1.0509240371955693,0.989460982306004,0.9941234634040852,1.0043880424171878,0.99243149318979,0.9879792917308808,,59.48524362223235,0.995676949121225,0.9964701909578446,0.9980755719229538,0.9984107254476736,0.992941586244824,,45.582461326122505,0.973601904562514,0.9881354743802544,0.9803062429174528,0.987028939653265,0.975772360777837,,84.45002157070422,0.989669055905812,0.9931378468343472,1.0076124693316657,1.0012998347905817,0.9861074631903678,0.9025861815411812,63.94918205341002,0.9268519728160622,0.8898192060692768,0.955557915802536,0.9635699406051668,0.9453517109867527,0.902671473867242,0.9802743937732644,0.9633965011984036,0.9116442714615988,0.9201357008074104,,0.784649245869851,162.0921444770346,154.10649907655338,0.3599604656446394,-0.5227084667978199,0.6105532965139161,0.2808847342895835,0.7712645864836042,0.5298752299089285,0.5211293191724597,-0.1772598233208466,-2.5500868218886983,-31.96955680854834,-2.2484735706950034,-28.131078116432924,0.7246520525790145,0.4906543752764087,0.7474153694835064,0.6567154166807372,0.05806710703911,-1.3699072464142104,0.3486704913066126,-0.357255692859737,0.995438216488708,easy
ResOpsUS_753,17835,1498,0.2868456241768041,0.4681955552263088,1.473560331878982,1.0389076900546224,-0.7988246337510669,,456.4367202193554,0.9978992389753458,0.9979355144128136,1.000296917611699,0.99974912936627,0.9958694123130633,0.9714372598067867,21.87218073522053,0.3486109895727866,0.5857440183365248,0.5007520425533107,0.9412539231379364,0.3192909511499281,0.0902989892279249,280.78048818160505,0.4190452938391336,0.6911469280944248,0.5216351769935986,0.884738355490638,0.385118370415336,,266.85904157782034,0.45656730528323,0.7244944936313885,0.5442240686320627,0.891906938088541,0.4362563360426909,0.2985159476081113,255.5212361213431,0.7870719561643592,0.9720511139739552,0.7956257357182192,0.9471949650046844,0.900360196539658,,107.42431523054309,0.9720511139739552,0.7956257357182192,0.9471949650046844,0.4449026180727771,0.7106485686072797,0.5386340960601248,0.8925274209149938,0.4199365502127459,0.2947373833566099,259.1933849610503,0.7914190873381228,0.9743317664956028,0.7995723854361192,0.9482707990023256,0.9059246347923348,,104.38164080008896,0.410167922085689,0.7258678566890809,0.4903997084817883,0.8857153071272036,0.4086849031554344,0.2957387694291711,261.6951334249889,0.8440971062736913,0.978741951267329,0.8504040990653291,0.9615959108966214,0.9343788924258858,,87.17820868611079,0.6723256354997917,0.8744787894853429,0.8465045627263242,0.956248327717132,0.7184767875402848,0.8874093754305821,0.9325142923787528,0.9658720536717228,0.6781632634059744,0.9040418187872992,,,193.7947782935492,105.8193932350914,-0.3970277464260399,-7.5939746720061,0.988654359345493,0.9939711760088208,0.076993840441472,-0.0334198883578749,0.4232356514483137,0.2101649038131881,0.4883572402870824,0.2988355366850089,0.6885975200043428,0.8092935807075323,0.4836548217484959,0.2860789324407828,0.6754488285751468,0.7836017681759065,0.4591805175221453,0.2170026072279659,0.6935608891168449,0.7953459133713502,0.9978992389753458,easy
ResOpsUS_307,17804,1465,-0.3038971801831633,0.2305765514704168,2.0470363135766494,1.1088594111423942,-3.325565773673758,,223.27437827782543,0.9926810548501596,0.9927003914023286,1.0001555840897762,0.9994916044667946,0.9853967596628266,0.9314588915291384,12.973048598876268,0.2717045280961737,0.6168418961594273,0.3817999949987255,1.0378538726332998,0.3156719392070151,0.0800134684327605,88.80749149157023,0.5233628734174731,0.7540045492534319,0.5955492219458995,0.9444234151798316,0.5227702047204714,0.3973169858282902,74.16196081491202,0.5084533070186612,0.7439318448270339,0.582652090365785,0.9567799397136528,0.5149383094967135,,74.76802633067805,0.8707358894379106,0.9503224939646304,0.885531584421004,0.9662607423266584,0.8913065853045321,0.871056480431134,35.3931360058262,0.9503224939646304,0.885531584421004,0.9662607423266584,0.4786101004778743,0.7567472180986673,0.5427462490731886,0.9400456950309948,0.5028449722126025,,75.69432953264986,0.879090588224986,0.9468167769348176,0.8967564086616296,0.9663638366079822,0.8863939990026876,0.8802168552043854,36.18412416026885,0.4650978832729846,0.7635253443333023,0.5242112726873857,0.938152617932518,0.5001336159662664,,75.90045761983029,0.8718271488585102,0.968596352780904,0.8790169698661515,0.9716240043221496,0.9247726698552416,0.877975175662557,29.444572482265063,0.6923201020512875,0.9148639231657844,0.8215487909255882,0.9283342337393872,0.7525109055998489,1.0407724992566276,0.960361209218698,0.9787921517034618,0.6596192906061698,0.8461401264054824,0.5691447680730275,,62.851559451279975,42.25676768592564,-0.8976926158040004,-17.291645796957123,0.9857489759456062,0.9748191040309686,0.2506821487197556,0.2640133902367396,0.4444351911338052,0.1798338431979427,0.487978124453317,0.179146362865357,0.7331208921637442,0.7420677803606894,0.4635849930103375,0.1494503063295202,0.7262983072532034,0.7654623033950362,0.4403802184693456,0.2372335271024991,0.7427648089665899,0.7972919490529123,0.9926810548501596,easy
ResOpsUS_870,16954,1498,0.5713561447218403,0.583410896831698,1.093668606286294,1.037620021073055,0.0743420571537177,0.1724480852966029,402.7204338617967,0.986007602563834,0.9860116665051962,1.000278837650835,0.9998103645226988,0.9720153104089028,0.8622352035973273,70.0226668484386,0.6126574506795546,0.7217284107804519,0.7316979513357873,0.9752374510626376,0.5183388085551615,0.3147625165970485,290.5020676684235,0.6983728340077109,0.7950060463095089,0.7788031531502154,0.9946726030189544,0.6316585107006618,0.369395113794487,254.0409451910986,0.7160720784030289,0.8178556200919912,0.7823609299268868,0.991530955897314,0.6673409307742973,0.4140186323682238,241.4226896798421,0.8517938911289369,0.9677514414579368,0.8560410355281078,0.9858261604763914,0.92325973113245,0.720492105247931,115.95515433712404,0.9677514414579368,0.8560410355281078,0.9858261604763914,0.7317587017162471,0.8277617943154888,0.7944236944131137,0.9949228759341112,0.6839750099721131,0.4471747364861778,235.30931154182645,0.8445577334615325,0.9662653762079182,0.8491326993706981,0.9837725237621332,0.9188949756409958,0.7174384596616353,119.20714302246382,0.6999684981569132,0.8383615765382942,0.7472500885860103,0.9969333341797892,0.6945111972474732,0.4444470635817644,231.3534862664188,0.8429002637477551,0.9736786680354008,0.8464491318089638,0.9797602991150236,0.930223568176519,0.746431316979725,110.5688464228006,0.7314526586260444,0.7749731825762569,0.8316267846065775,0.900250257591975,0.7907964237603172,0.8046139136583524,1.001413713417651,0.9498867810504502,0.6899280659395977,0.7913465519288763,,0.6261322706886063,234.88771279677363,192.68231383247723,-0.7579070570420259,-4.183429626117905,0.9792600954059706,0.9681220620587642,-0.4893594973855644,-0.4395443575760818,0.7192756043769254,0.5259841469170603,0.6971959174803288,0.5516713978236187,0.813479472747799,0.8324802040126263,0.823395567570909,0.6787112137959017,0.835715036102461,0.7983093528876424,0.7223766730022343,0.7124846568297596,0.7992128076836923,0.833891112639465,0.986007602563834,medium
ResOpsUS_541,17166,1854,0.290916951383016,0.4343942176196765,1.4259254181168584,0.9615759583609722,-0.7965198160844091,-0.4988631697419023,40.72583075025326,0.9693159661272086,0.969318510982754,0.9997808220059852,1.0003288273075124,0.9386502707130928,0.8080447335883982,7.525931679037517,0.5560068778170775,0.9083795767421288,0.5655846870185046,0.9956495477272505,0.7076184033025563,0.5420962057697876,16.429674629555926,0.2197266033983624,0.4214650608146082,0.4780029750315137,0.9594660203031984,0.172117070613336,0.2646620641827817,27.646388711111648,0.2548574791408841,0.4614031231664769,0.4884897179838509,0.940771526701994,0.2072074037028114,0.3324396101375897,27.05414036589331,0.71164548951475,0.8896231213622687,0.7382366039324575,0.9505511086214612,0.7650598942470244,0.7394686031108505,14.727618508453345,0.8896231213622687,0.7382366039324575,0.9505511086214612,0.2460069186461735,0.4498647647953942,0.4886357863325671,0.9339437308342428,0.1947158885968121,0.341509667354682,27.266444559068724,0.7141952566558709,0.8896897417002733,0.7409493607943811,0.9509208337579854,0.7660240299963098,0.7336262558026341,14.697368200286991,0.2386253676806452,0.4571210113574557,0.4721143156318087,0.9205617304505732,0.1998272835626722,0.3071238310638979,27.179772398325916,0.7545904049251525,0.9161684172077588,0.7734958173235311,0.9564800010177732,0.816335624926546,0.7502122832800746,13.02166171624262,0.3043841943019763,0.8026018295267571,0.4654127081724453,0.8465995927625002,0.5587643947191162,0.8757789387404661,0.941614066884192,0.9981343352102228,0.2031170302722945,0.7158745582055905,0.4409463742996042,0.5954642494154014,27.3204454071352,16.31344055058741,-0.4615861587770473,-1.5922524101570104,0.9745147969444516,0.9602851214485248,0.4109426340396144,0.6181323116096964,-0.242099302258641,-0.1652879072010185,-0.2013555660266239,-0.1432417943570736,0.5640272913807582,0.6527910466517617,-0.2332817292112621,-0.1715353000126547,0.5752080726648592,0.6558821441312745,-0.2642438219906668,-0.1616989874434899,0.6391017371031458,0.7400381189647269,0.9693159661272086,medium
ResOpsUS_398,17167,1587,0.6029197647077451,0.6170627755848329,1.10150516262928,1.0269906905536677,0.1457468775351423,,11.64241628938987,0.9704698716145772,0.9704698731537036,0.9999962743963792,1.0000087761652332,0.9409399662931848,0.9812904594596352,3.061235082239432,0.82821043099692,0.9329708783497448,0.8513465712438114,0.9459545470174592,0.8624282874734706,,4.672124512942665,0.6005084504931959,0.7686912249386593,0.7288918803030707,0.8194726166439981,0.5743082293566228,0.7425527802408558,8.218592809105317,0.5915837774768478,0.7688359624874099,0.7285034461377234,0.8008603007387357,0.5712369144414926,,8.248187603539842,0.8673423393571316,0.9611422672927792,0.8836986380004027,0.9493825649293522,0.9166181668084056,0.94748307927895,3.637353881870411,0.9611422672927792,0.8836986380004027,0.9493825649293522,0.584420843588781,0.7714586666652775,0.7171882637470796,0.7987727254106534,0.5735735559691431,,8.225681715847927,0.8886211717655755,0.96179195185954,0.9033461066622148,0.9599573559961666,0.9208901477482032,,3.5429508145615585,0.5745736564394979,0.7587729345029522,0.7121083267640588,0.8002114589163046,0.5551945826007219,,8.401075167528447,0.866673057094422,0.95834297341593,0.882148021159799,0.9536138283087496,0.9116256462191232,0.956585769645182,3.744664918629091,0.6304903000054063,0.8986833822538065,0.7712723848847889,0.9311515602174212,0.753961083936436,0.9357529864027748,0.8460976015259378,0.9626199168691288,0.5834153496203757,0.8663645316495555,,,8.176009104574723,4.630742207371365,0.1794614835692848,-0.5799864703560871,0.907974932955511,0.8314712024383685,0.6467212141800729,0.7614593278778607,0.1769190310497406,-0.2903364949398608,0.1742872342801447,-0.3099419913000663,0.6793172201796589,0.7068696675379764,0.1649960336028125,-0.2968054500564567,0.7300820272195215,0.730813818109497,0.1572962137813599,-0.3444126631931139,0.6665253497349382,0.686496500897856,0.9704698716145772,medium
ResOpsUS_456,16489,1854,0.4243276671023511,0.6262020127398443,1.437803002384004,1.0014935486700067,-0.266569285931221,,3.848801803139384,0.9787284736560729,0.9787284778452569,0.999992123883214,1.000010779028127,0.9574572905941096,0.9805389457271312,0.7053808155385864,0.897687481840574,0.9584355559722972,0.9369679961590862,1.069045020505391,0.9136920397563244,,1.004700220683616,0.6478237922529293,0.8158432840393987,0.9252378586551744,1.2907318480855694,0.5748065851971957,0.1464028274193763,2.2299972942770063,0.7037107011306638,0.8413335074513927,0.9243315198477228,1.2385090645620205,0.6479020022081514,0.2682395736988068,2.029284083144609,0.970068233207438,0.979995966629838,0.9868557950974448,1.0179716217890709,0.9600438327647064,0.9461641681397644,0.6836014611486221,0.979995966629838,0.9868557950974448,1.0179716217890709,0.7095984182279544,0.8465926604219864,0.9167709587102656,1.2321038421596977,0.6615538976722504,0.2806881862637272,1.989554451477084,0.96937944008234,0.976910113912962,0.986684200036378,1.0150720045610206,0.9540459876014702,0.9630334193882736,0.7331161550241865,0.6788223070329883,0.8395476506662019,0.923225919052302,1.267424558609551,0.631143764581421,0.2475640769651015,2.0770150143295973,0.95540950933795,0.9772523142179564,0.9679112706283592,1.0210040019129063,0.954523405095064,,0.729298030575425,0.7115142966134386,0.9070806146855316,0.8209871414487713,0.9283128471803938,0.9336346464892245,0.943158751733299,1.2162730620885245,1.016249208698282,0.6169367039788977,0.8612937413196509,0.3059467214197958,0.8489869966187273,2.123911225183264,1.2780537486193186,0.0514358838393076,-0.710246867493139,0.9575739037818224,0.9257197673178684,0.8579614485913764,0.9047442265918416,0.7863589508391783,0.7360388386440522,0.820151494997796,0.7784526138894052,0.9689494481706032,0.9401186186156856,0.8143313752410316,0.7864940631294312,0.9610761987754866,0.9261546330354946,0.7798428758271847,0.7467012687070114,0.9454715230918694,0.9301082869875796,0.9787284736560729,medium
ResOpsUS_929,17752,706,0.7735284994240939,0.8292982123831509,0.9278096187053454,1.1301491034392754,0.5093255778412302,0.3580454541665666,8.985630590665188,0.8757398807513381,0.8759450593937793,1.00700761079498,0.998642672543264,0.7500840055436637,0.6741728368464738,6.412817434450482,0.7702692030565466,0.8589218768900182,0.8199229873099315,1.0211062015687322,0.7317891072274694,0.4831747082515925,6.643394709695266,0.8203281919724479,0.8371891571058165,0.9362867206308876,1.04141504639631,0.6739824003630333,0.4185050228246286,7.324405384079839,0.7448189447417157,0.7639204018667419,1.079782211902092,1.054941723416549,0.4537413827132851,0.4556583462053598,9.48093132930734,0.8236878149394634,0.8322944925950708,0.9503280478608372,1.0222159077591004,0.673866620992152,0.573390896388744,7.3257058349947295,0.8322944925950708,0.9503280478608372,1.0222159077591004,0.2729926167916683,0.4285083752602224,1.448828345172994,0.97786011154077,-0.8623154114613796,,17.50565918777597,0.6870457836940826,0.6984407680703082,1.082195325413281,1.0156939358298067,0.338098873086009,0.5153034562554306,10.436344598961975,0.5384935963490205,0.6746890122232218,1.3190442506063516,1.0732918003434846,-0.0134888718500179,0.4348005607678954,12.914016670195442,0.8417399859551395,0.8611740349477345,0.9327262506159804,1.0353245823273638,0.7240730109845797,0.5723175675411047,6.738278259613211,0.7259296409889777,0.7955116946120586,0.7939678611048651,0.8203251371885855,0.8212887658490305,0.9033961621284048,0.97302567481912,0.985854003300938,0.6214100237341413,0.6637695224059916,0.4433974123983941,0.619660053552658,7.549495202922253,7.114623076080256,-0.3115721749822553,-22.85910205479852,-0.4535898832898064,-3.438798101463448,0.1107674680396217,-0.6603912115666184,-0.245185146804477,-6.5287873283403695,-6.779534505659119,-81.11665531725005,-6.962600960146692,-83.99586270981648,-20.736144859410693,-657.4507814896738,-12.048387489351828,-198.4132820618664,-3.0792837482277253,-28.39871095963642,-3.2377584004649838,-32.80881032837874,0.8757398807513381,hard
ResOpsUS_884,9382,1237,0.8820473310163744,0.9075376949793624,0.9273148680396084,1.0089680467512057,0.8229151784644125,0.543295437024397,181.1352276622754,0.8722996856822963,0.8723000862785639,1.000244843862093,0.9997941751684049,0.7445374118379882,0.2919909598516342,217.55842500989053,0.8848049801406722,0.9238546022892362,0.9284367451478516,0.9515183378706236,0.8441823685914229,0.621261882952518,169.91063047054075,0.7960294970655623,0.9090248863378716,0.8228011695236079,0.9560902147660778,0.8112597643777139,0.5982606364766451,187.00124530454855,0.8392881096663604,0.9158924863090276,0.8661746341633165,0.9709309564310667,0.8330423490259381,0.6103589871772699,175.87957807254398,0.855953687665313,0.920094535170742,0.8829123535718586,0.974408207535208,0.8425989655813397,0.6156910884012855,170.77175565399065,0.920094535170742,0.8829123535718586,0.974408207535208,0.8545825990732365,0.9176485121436044,0.8830985275643638,0.9735708743520864,0.8381201963364115,0.618939799588872,173.18432717781923,0.8686071536669855,0.9201534088542608,0.8983029148713024,0.9766268353400144,0.8440423924365317,0.619147946242979,169.9869315205197,0.8365457085775596,0.919560170386286,0.8617943661693109,0.9661482352958336,0.8377179928515002,0.5979614287951371,173.3993389517702,0.8469731658662845,0.9240835031127436,0.869956800306922,0.9727481435689032,0.8480609067042759,0.6031617481106857,167.78263761856894,0.7939843405310579,0.9055750189355908,0.8413865037577246,0.9115294356555128,1.1219268872743433,1.0064977967147022,1.0491736201211013,0.9676454805098824,0.6196963294359877,0.8177403436187208,0.6505959184767163,,267.2427666166081,185.0060684748077,0.7539267863485193,0.502455571302187,0.936847943970298,0.8895770698243737,0.7622434899257281,0.5278269540112916,-0.0740516868317611,-1.2948985642706274,0.6201190848224973,0.4689951061433618,0.653433991018733,0.5502313961945164,0.7810657451389735,0.5757192150956939,0.7889207022469673,0.6203357224449065,0.4045202157576518,0.1444872822569711,0.4341955652271945,0.2708825636206685,0.8722996856822963,hard
ResOpsUS_399,17228,1096,0.7541104980433797,0.7914902184665167,1.0097927418204038,1.1299593028027342,0.5702488453340122,,4.87522213736832,0.9951172291559162,0.9951172291559162,1.0,1.0000000000000002,0.9902344583118315,0.9863009403027456,0.7349098224138061,0.8236463237464142,0.8995502481167232,1.01811398247296,1.1438135950239474,0.7846608174624307,0.7662529551339057,3.451019496501106,0.7514898627832102,0.8954450391727811,1.0544537169418746,1.218770064627546,0.7523040573381923,0.7318724296396858,3.701223655440303,0.7855685398012506,0.896913617256103,1.0391109568700885,1.1839140610949928,0.7671070359864539,,3.5889223901173133,0.8258280280240913,0.8968961218942243,1.0311819247837692,1.1368691115931766,0.7769044765303859,0.7743422471030619,3.5126211408367234,0.8968961218942243,1.0311819247837692,1.1368691115931766,0.7837374189377182,0.8967450785353279,1.043597668260208,1.184951800432754,0.7652653119863051,,3.603085094248178,0.8294977814313925,0.8980734495833568,1.0309713474264466,1.1331268586558365,0.7799001803757807,,3.4889578768889256,0.7720720688639633,0.8986388332273887,1.0470794975050692,1.1986468640002126,0.7655363268604992,,3.601004507697103,0.8263766564979562,0.8990994205019424,1.03448264700497,1.1370222081318042,0.7805444177465156,0.7762348434731516,3.4838480039121014,0.8069783497933669,0.8203704141028593,0.8753783460534675,0.8944851802802735,1.035547529156927,1.0282870641355657,1.14304955081006,1.142594715721454,0.7298414587974668,0.7714776870859065,0.7393694333743872,0.7567899856312299,3.890533488534553,3.5781958869395982,-0.4380587160413463,-0.7236022197851577,0.9922085878636152,0.996515221410765,0.7387275344152653,0.6730657443852436,0.7833608742768143,0.6098338367794989,0.8026796618704559,0.6270092894636928,0.7837594775854826,0.655460638522293,0.8024891744261593,0.6250571072644886,0.7937051751831834,0.6682201178357332,0.7975391192703304,0.6213747262710551,0.7946758630643956,0.6708333387500028,0.9951172291559162,easy
ResOpsUS_542,16436,1854,0.971905344223326,0.977980225374116,0.9825534697311272,0.9997596040508114,0.95642432709666,0.8047905781898682,6.805864853214156,0.9830889015695792,0.9830924215060114,0.9998080112743936,1.000286670406974,0.9661911851407204,0.9265635383958744,5.994821322371744,0.943833407466792,0.9814916897429004,0.9493931968939234,0.9841544944037388,0.961949951411604,0.9131225399089558,6.35973291934958,0.8896896629463669,0.973055722503984,0.8961698049540022,0.9742771119853564,0.9400150502530012,0.8459028961222647,7.9851378778622575,0.8515953794985891,0.9576827441633,0.860780715942578,0.9708251445392114,0.9065943911182108,0.8735812909220992,9.9643218670363,0.866788390189476,0.9616766375969312,0.8742463496706941,0.978490181049366,0.9165409197737028,0.906208474665804,9.418854039286805,0.9616766375969312,0.8742463496706941,0.978490181049366,0.908681928972716,0.9638486727801756,0.9183470869114986,0.9808983398483042,0.9264315332385888,0.8793307914745601,8.843152658225296,0.9084743300953312,0.9703741108205962,0.9149711470562816,0.9835881412111976,0.9381856023982992,0.906919644897627,8.105990499227046,0.879201104381062,0.9618443150926712,0.8885466810683633,0.9732666015791,0.9187880209881524,0.8824460749694344,9.291189472323868,0.8825881982633437,0.9713620003079124,0.8879428152332178,0.9797865514365528,0.936022861244332,0.9164315568057948,8.246576201464014,0.9173211486881222,0.7961391145967363,0.9435963293509422,0.932936420975268,0.939555143057913,0.8104625335837465,1.000915238119202,0.9662763318972604,0.890356556693048,0.8538161109116633,0.7769958296685403,0.8147484000084738,10.874653988412664,12.55665234909908,0.9393473311663364,0.9600256442450998,0.9767859108808852,0.9593212997433208,0.9124712075946796,0.9460310875864748,0.8348667752886769,0.9089984133334712,0.7526052078023262,0.8155719052463425,0.7778134667861538,0.8338426871469097,0.857961053576602,0.8646861034231001,0.8532397139729266,0.887665873969148,0.807523521056592,0.8448981674742562,0.8094239224789298,0.8794740988001418,0.9830889015695792,medium
ResOpsUS_488,15488,1854,0.2726038741657632,0.2791175061195856,0.9162723320360736,1.0492263294663886,-0.3319927359183807,-0.191666012535802,5.060888602415841,0.9912681690312578,0.9912681717835862,0.9999942423079028,1.000003861956303,0.9825364440601708,0.9882232024033776,0.5794849878406568,0.7439804803110699,0.9255499704047035,0.7553955798401021,0.986890263417976,0.827411283864133,0.7766982053034774,1.821721772213923,0.6507377138403726,0.7322137631479729,0.7905253715914818,0.9200309063500608,0.5223572028209458,0.6091920813304126,3.030591956647882,0.7134572085947798,0.7739012470763933,0.8377854467483398,0.9316438448561531,0.5872581056937883,0.6775579017479525,2.8171834363316623,0.9611367463176262,0.9869799909705878,1.0165336397079356,1.03267216873216,0.971523517419298,0.9795502872813768,0.7399783642096702,0.9869799909705878,1.0165336397079356,1.03267216873216,0.703535075830402,0.7618355192133401,0.8361129040357794,0.9343482587365683,0.5678806019916522,0.657915814816191,2.882555852518912,0.9642223800009072,0.9866353228336856,1.010927371266639,1.0313371353866418,0.9712652873658232,0.9765956004471368,0.7433259231524396,0.6707873877829202,0.7448211132597939,0.8022677896434656,0.9354503850333588,0.5446956498481552,0.6232586535915157,2.958875893821332,0.9575473360546028,0.9871314777403584,1.020622051616038,1.0348046088623244,0.9713408266434664,0.975227954852736,0.7423482336365473,0.7898121006420296,0.9051848932351426,0.7933454315574987,0.9074366018350734,1.0040486813112364,1.0200762642001877,1.038163471514,0.9956565673993004,0.582573851138507,0.8107220524678518,0.7336131420968525,0.8981958328672507,2.8309706387181097,1.9063188775258844,-0.3314350074225924,-4.131250549236077,0.9481329406527812,0.908520218991177,0.4452817632190678,0.5023702878371019,-0.1260360435688539,-0.4350210096401914,0.0131089896971031,-0.1929194935381568,0.8873242283113042,0.8284307683750064,0.009087722721685,-0.2312064149169292,0.8899689790755063,0.8383968921017102,-0.2009809265736644,-0.3193635802771513,0.9040367253179064,0.8372385533837438,0.9912681690312578,easy
ResOpsUS_1121,16041,1461,-0.226288541439833,0.1471826531092274,1.8735807767467976,1.1155109787305004,-2.9649085280840626,-0.4059798820646505,78.86902541248624,0.8706274997775494,0.8708312365714401,1.0057785374328605,1.0043912268538255,0.7401274228829259,0.5384228098883921,20.19157119804165,0.7293163229339423,0.8285799742551961,0.8145236821812376,0.9026174382548596,0.6819968599664069,,22.336009837061223,0.7350115160907253,0.801952888941802,0.823960679317321,0.9974709725943371,0.6426411591961392,0.2468364978399833,23.677843917710483,0.7420303411217937,0.8236802857501672,0.8117445976554662,0.9955720482508124,0.6782977582112548,,22.465543599822936,0.8366939354030334,0.8848871424061386,0.8861720747373172,1.021473336515715,0.7828120799084184,,18.45898093254073,0.8848871424061386,0.8861720747373172,1.021473336515715,0.7474891594660191,0.8211721156740583,0.8219200206555396,0.9916433660268226,0.6742910493251787,,22.60501162680873,0.850062432809149,0.8907071763022452,0.9004643681707971,1.0250800865158758,0.7929755229596404,,18.021906665704,0.7401636528468667,0.8215317792261813,0.8135357548729483,0.9700816650712328,0.6744399126055037,,22.59984529539836,0.8423044688133792,0.8855206220285827,0.8921715153102971,1.011634881393053,0.78404043871819,,18.40670730067805,0.7021321053273027,0.6926907881487607,0.7569029046036051,0.7694740391578584,0.8296883069705594,0.8093125038374173,0.9750397895836846,0.9297503603305882,0.5673128275764565,0.5881944401690312,0.1904103905077827,,24.530519132586637,23.931274701563325,-2.232212118791536,-15.55351618534522,0.6017027599208739,0.4708050334213695,0.5419799868805526,0.2988816489388198,0.5165029931109353,0.4661712703970808,0.5431009701427196,0.4986551573488337,0.6237676361594868,0.5603985528620188,0.5535123306251222,0.5003014386626593,0.6508137746122535,0.5931240113153255,0.5324130569624508,0.5026623636207256,0.6040160347500695,0.5667897205628696,0.8706274997775494,hard
ResOpsUS_1125,16041,1461,-0.226288541439833,0.1471826531092274,1.8735807767467976,1.1155109787305004,-2.9649085280840626,-0.4059798820646505,78.86902541248624,0.8706274997775494,0.8708312365714401,1.0057785374328605,1.0043912268538255,0.7401274228829259,0.5384228098883921,20.19157119804165,0.7293163229339423,0.8285799742551961,0.8145236821812376,0.9026174382548596,0.6819968599664069,,22.336009837061223,0.7350115160907253,0.8019528889418021,0.823960679317321,0.9974709725943371,0.6426411591961392,0.2468364978399833,23.677843917710483,0.7420303411217937,0.8236802857501672,0.8117445976554662,0.9955720482508124,0.6782977582112548,,22.465543599822936,0.8366939354030334,0.8848871424061386,0.8861720747373172,1.021473336515715,0.7828120799084184,,18.45898093254073,0.8848871424061386,0.8861720747373172,1.021473336515715,0.7474891594660191,0.8211721156740583,0.8219200206555396,0.9916433660268226,0.6742910493251787,,22.60501162680873,0.850062432809149,0.8907071763022452,0.9004643681707971,1.0250800865158758,0.7929755229596404,,18.021906665704,0.7401636528468667,0.8215317792261813,0.8135357548729483,0.9700816650712328,0.6744399126055037,,22.59984529539836,0.8423044688133792,0.8855206220285827,0.8921715153102971,1.011634881393053,0.78404043871819,,18.40670730067805,0.7021321053273027,0.6926907881487607,0.7569029046036051,0.7694740391578584,0.8296883069705594,0.8093125038374173,0.9750397895836846,0.9297503603305882,0.5673128275764565,0.5881944401690312,0.1904103905077827,,24.530519132586637,23.931274701563325,-2.232212118791536,-15.55351618534522,0.6017027599208739,0.4708050334213695,0.5419799868805526,0.2988816489388198,0.5165029931109353,0.4661712703970808,0.5431009701427196,0.4986551573488337,0.6237676361594868,0.5603985528620188,0.5535123306251222,0.5003014386626593,0.6508137746122535,0.5931240113153255,0.5324130569624508,0.5026623636207256,0.6040160347500695,0.5667897205628696,0.8706274997775494,hard
ResOpsUS_1207,11575,344,0.8367104216487107,0.8956502048686429,0.9617215531061268,0.8803782329273698,0.7896346505086383,0.8986261473039467,68.87788849723262,0.9295770197350768,0.9295774067719224,1.0001089581193978,0.9997935041048416,0.8591394310422477,0.8026278122860048,56.36213567707841,0.052555192026354,0.4848720756482998,0.6477183593606738,0.287123761528137,-0.0822553282799058,,156.22753782845805,0.951102175508722,0.9666628079089854,0.9789031170306008,1.0288885858505068,0.933809547873495,0.8680572058213175,38.63584327983983,0.9001926238069109,0.9645219828296372,0.9301249359000416,0.9381914402591766,0.9269331512661064,0.8423113466576929,40.59316467442084,0.8767430245819875,0.974363397928614,0.9067031824033688,0.9236406492316044,0.9414692022005576,0.840359600780347,36.33163511339793,0.974363397928614,0.9067031824033688,0.9236406492316044,0.9056445571515092,0.9621708991978292,0.9350588726395244,0.9429512602699716,0.9231752012722422,0.8284704490912782,41.62396402191699,0.9168710626026124,0.9694166881728488,0.961664722629218,0.9328770696452604,0.9371301426738056,,37.65424632507338,0.9243112945422672,0.9673017285802245,0.9557280758051272,0.9480423258015764,0.9339937102343528,0.8606113123794015,38.58205739380162,0.9085975699829696,0.9645815833170384,0.9323431864250354,0.949775548289974,0.9279346985911816,0.8475326686278309,40.3139938879019,-0.0131034143206543,-0.0592838097492145,0.459617238268632,0.4243304277717521,0.3361129073933856,0.3451214069642884,0.458133847521287,0.3984846123406956,0.0347048222579164,-0.0249720467655065,,0.0283924282838653,150.19590001440196,154.76901550328503,0.270293192125878,-0.8932721650635143,0.622873116648698,0.2820884693892679,-0.2304249245029854,-6.20226596516063,0.7668937780763904,0.6935496495685757,0.6710654162007712,0.5438675210833881,0.6518677345768327,0.6720964829743576,0.6329653795538492,0.4424716460643209,0.8108489658435777,0.6073786625453207,0.6951420720059576,0.5413588722795153,0.6227793358382891,0.4961416854971423,0.9295770197350768,hard
ResOpsUS_1754,14951,1377,0.3872459711718237,0.410110259606216,1.1607821367496003,0.9594204666666984,-0.3960417695949596,,27.2613898487024,0.6608755507856676,0.6608755731935625,0.9999537154290398,1.000114262277261,0.3217825309623937,-0.4346303589194569,19.00129817131851,0.4104066933841233,0.5420205183355804,0.6555650434317914,0.8612930345134424,0.272435691562063,-0.0271066523019374,19.68042533212597,0.4252574690883617,0.6403806908085956,0.6240408192476498,0.7557508982546011,0.38359353985812,0.1747879008323296,18.11475138336945,0.4873960887249351,0.6501951495356977,0.693503234720415,0.7844563401088016,0.4004536400210103,,17.8652941994429,0.5384248867477336,0.6967332974349266,0.6900701130228274,0.8418091107317905,0.4743915922066334,0.2098702463068055,16.727457647939012,0.6967332974349266,0.6900701130228274,0.8418091107317905,0.4356364001070824,0.6438021456667687,0.6339243538972651,0.7599625387924615,0.3890534083314424,0.1547277394830005,18.03434652505809,0.5461707660500317,0.7090042306966644,0.6897619798367275,0.8417760868883976,0.4913108436770773,,16.456028357215512,0.4556410479562923,0.651333714991513,0.6567131977312987,0.7614362522162396,0.3991865215388415,,17.884163045755333,0.5456875603149125,0.7109374597589482,0.6898040166421076,0.8368402850252652,0.4932821893347193,,16.42411101610931,0.5791596411035207,0.4074417014721962,0.6506595585758396,0.5651573936355634,0.8145459612700429,0.6693712770359841,0.8562131327956627,0.7703875168995957,0.3873078965052472,0.2851040889043756,,0.0138270546460054,18.2029671539612,19.662668186874512,-0.3082770563452301,-1.6187851302401888,0.6697184172536252,0.4801648693505297,0.3643866724588035,0.3088379823951394,0.6590229620304152,0.5614300309965323,0.7216499009852559,0.5278661223100587,0.7030944796375722,0.5756546752313737,0.649483737624287,0.5137967047238066,0.7054686672851528,0.5840358731541067,0.7147404590523966,0.5659311982931343,0.7371376749123434,0.6260020777442665,0.6608755507856676,hard
ResOpsUS_473,13292,1852,0.1659063917387612,0.1698336263743816,1.0367058086950718,0.927967902629564,-0.7251409385599499,,1.775261753887695,0.9824814599925656,0.9824814599925656,1.0,1.0,0.9649629199851312,0.9708263087046232,0.252996235213881,0.7029473610958185,0.8987112582643733,0.775343522772233,0.8341376223576866,0.7791169735443904,0.5506848282540028,0.6352304064378457,0.8034996721054151,0.8689630907188239,0.8954612329410286,0.8974653548769668,0.749294637900346,0.7495019163051714,0.6767556924555334,0.7915859642263198,0.8945003421847152,0.9067548652097306,0.8463394086101607,0.7885266321912678,0.7253423684390632,0.6215526850855903,0.9643849493460778,0.983037954689257,0.9801299368867428,0.9757945988706462,0.9660709410048473,0.9684562646813868,0.2489636907487222,0.983037954689257,0.9801299368867428,0.9757945988706462,0.7876445396939651,0.9000014555236089,0.8881173192814678,0.8497422268911649,0.7989090143490268,0.8095817022149594,0.6061029635467268,0.9670677950377864,0.9829712945417176,0.9814985995754296,0.9787337944988296,0.9660110083202984,0.9690301475647098,0.2491834799119366,0.7719715778310713,0.9085336981366736,0.8769733586330084,0.8311944241019994,0.8106142475811076,0.7972034438156332,0.5881982904736822,0.9476274457371744,0.9821412419714832,0.9863798064064192,0.9526878500999492,0.963497579108742,0.9670795705001216,0.2582325241125606,0.8129955837311124,0.8777298268342619,0.8527630964347306,0.8972343086682409,1.0342999417522372,1.0419774180882706,0.8899297500303915,0.948744714402047,0.6882320928681631,0.7827740776842385,0.7304639206835086,0.8104142590605548,0.7577234941632154,0.6324859381498025,-0.6220042917480499,-6.517611210239697,0.933448584138591,0.8854168412556761,0.3832147437643944,0.4314350080235726,0.3372619281463721,-0.1046324748662801,0.4284022558666583,-0.1304916001342873,0.8714351104008541,0.7911984835712618,0.3802385086195149,-0.1212445971582976,0.8707522720087705,0.7882092735108305,0.4057092554832694,-0.0324201998119051,0.8259721150547663,0.7565074321486929,0.9824814599925656,medium
ResOpsUS_390,14571,1827,0.5292518137409267,0.5501493324266997,1.138683117481277,1.0022857549600954,-0.0437101817948508,,5.617137614408327,0.9783072276608018,0.9783072276608018,1.0,1.0,0.9566144553216044,0.966554205767465,1.1452429599560765,0.742501538251515,0.9253369635442296,0.7551226100555867,1.027675850195649,0.8269158630475099,0.6608824040702377,2.2874612045577605,0.6674311442851111,0.7742165171324221,0.7572496357757542,1.026384149118225,0.5987964267013612,0.6072546237688903,3.4826313079235947,0.6811992084669813,0.7937113763831551,0.7592220541180623,1.03324047570691,0.6282693384686125,0.5824510746637266,3.3522723579702136,0.9334344268310828,0.9680313159957764,0.9480626577362028,1.0266737933732295,0.9363517507086208,0.9225321091394808,1.3871337383624576,0.9680313159957764,0.9480626577362028,1.0266737933732295,0.6639571398700275,0.7784629384412987,0.7481207048229123,1.0200737356105427,0.6048946596076074,0.5822048828982975,3.4560622284288285,0.9361630256630192,0.969307379930648,0.962492775398117,1.0415491331852138,0.9386996381410648,0.90857061512196,1.361308708557402,0.6459200629540767,0.7906383041201817,0.7147949276997398,1.0140836377039038,0.6192635615506367,0.6160102164866879,3.392636461293054,0.9465053949815246,0.973400403926017,0.9556585771893962,1.0137103055368908,0.9471052982581394,0.9397728447328416,1.2645359774214506,0.6895790247675377,0.7860482467423182,0.7990710343183121,0.8996080828652363,1.012723777273285,0.9476646596824168,1.236277036773064,1.1815429091148577,0.5660234185295677,0.7911379278089927,0.5174560683299169,0.6335113045582415,3.63732103140312,2.5233545579020684,0.0616627775485743,-0.8309574931038946,0.94982788983624,0.9072614813420736,0.6390891366540183,0.7798064656246435,0.3736075977583641,0.2219657051686344,0.4148789438434449,0.2728554404287019,0.85517023415435,0.8532784341389968,0.3579142061755356,0.159953481992542,0.8892888703828198,0.8629162342616583,0.3430428673757646,0.202592300329603,0.8995912290670505,0.8811900218990094,0.9783072276608018,medium
ResOpsUS_511,14606,1370,0.9547856447370968,0.9757809438921342,0.9743365517173752,1.028269465246607,0.9517908390658216,0.8434574855350291,1.4993149686381717,0.9854074098133812,0.9854077944045642,0.999970543808973,1.0001017671260453,0.9708164429957108,0.9686823639773556,1.166533466188273,0.9702723036254972,0.9903298361115148,0.9818056810716425,1.0214287335332182,0.9804762420034172,0.9595562136432868,0.9541349368184492,0.9636935145706202,0.9716778129680838,0.9819254271799432,1.0137595211884491,0.9439685334742032,0.8082266510996816,1.6163822967160013,0.9712281338030352,0.979415061320017,0.9803081658031076,1.0040388426509936,0.9592458078408914,0.8423054428300911,1.378523693220704,0.9852733176702608,0.990982765862226,0.9885941323246236,1.0023389834367542,0.9820387028404322,0.9654734358218008,0.9151598100882838,0.990982765862226,0.9885941323246236,1.0023389834367542,0.9766714360762274,0.9788193020716356,1.0040493120203402,1.0088996068550722,0.957415437504518,0.8401977329468403,1.4091401373715566,0.9856136210566712,0.991323781870632,1.0084800271615486,1.0077317706518027,0.9824019091756024,0.9665567492423576,0.9058595513154214,0.9731155440545416,0.9784205150066267,1.0041565537616155,1.0154862151518975,0.9565376700092182,0.8553015612661803,1.4235888994912185,0.9900871245920442,0.9912356476074414,1.0010194653159952,1.0045179548982024,0.98244330530779,0.9642417449757476,0.9047934936268934,0.8768092089118014,0.846773817074765,0.9603861896925512,0.9710293832708295,0.884271130393919,1.116201400637622,0.9853867942750282,1.0955834765533456,0.9164525295605016,0.917732995726836,0.7871985944149429,0.8240462185214095,1.991790442047612,1.9764682070514616,0.9006755170959586,0.898395259348744,0.945021999941254,0.8914180852435873,0.9411102371759388,0.9400536402061116,0.926707727105912,0.8787812543327866,0.957678817750956,0.9185825433849654,0.9723316900797896,0.9487291422783308,0.9311601826900482,0.9060032156256244,0.9638863932433502,0.9479631543701148,0.8947027799370986,0.9009895285677972,0.967280292406813,0.948800877774173,0.9854074098133812,medium
ResOpsUS_502,14055,1854,0.3337570526966007,0.6335300724385311,1.5561877681694083,1.015317426785987,-0.4503031069287269,-0.4237201242682502,11.268209584443431,0.987756523058212,0.987757406611366,0.999902505424274,1.0001101342470493,0.9755171719567862,0.9818108014593102,1.4640513809503295,0.8791699993439498,0.957988251769626,0.8867184792367387,0.9985170560591888,0.9126586773267016,0.7782959281242727,2.765256422423956,0.8619453069068147,0.8955322004412474,0.915375551037632,0.9686267665322582,0.800047749972366,0.6459680131398668,4.183971091681841,0.8583242628390187,0.8988101115895114,0.9074028862795744,0.9645261291338694,0.8058214859194612,,4.123121323066734,0.974833132150157,0.9819148122415076,0.9837154965301702,0.993588122907242,0.9640892819145872,0.9504892033170044,1.7731177288495157,0.9819148122415076,0.9837154965301702,0.993588122907242,0.8600293669803079,0.90470947919853,0.9041319028024902,0.9636571507302087,0.8164371985471525,0.6865648189922271,4.008832087876623,0.980401742875232,0.9824091341591884,0.9930982581388604,0.9948020118717632,0.9649712740199856,0.9564769445612732,1.75120786245611,0.8506753493749655,0.9029631545339672,0.8938920597524651,0.9597159222183816,0.8127270499679815,0.7084923684328213,4.049142428437967,0.978065457121391,0.9848248844676984,0.9864681635020222,0.9917702101565816,0.9697716302944088,0.9539618847199378,1.6267952288775782,0.8860868913358131,0.9225616850454992,0.8919946694755945,0.9394078555358552,1.000262898697153,0.9674261036155464,0.9637926003677728,0.9644440451321648,0.7818721504615541,0.8797152384791378,,0.8733143248351768,4.390311973230161,3.2602066498825977,0.1125786873973053,-1.8149553539344283,0.9671596305660594,0.9353801739624696,0.778764497663592,0.8667801238214915,0.8454103442159955,0.7033610229550143,0.8264524770850905,0.6701655980865877,0.9279156510919696,0.8997084806206932,0.8451631245370304,0.7042781220797123,0.9341014554948128,0.9004801665847808,0.8368768411944364,0.6916154065126203,0.9449706536915016,0.9179671024217034,0.987756523058212,easy
ResOpsUS_505,14061,1556,0.3378451071719316,0.6310633719164684,1.5498474656975372,0.998377957922754,-0.4459314000099128,-0.7351540558595242,1.4276761093696222,0.9591551511609409,0.9591551680506673,1.000034476183511,0.9999861757777506,0.9183075179715564,0.8913106786292001,0.3393492496515566,0.8321977332358783,0.84182560942557,0.9445636216142488,0.9919209623681416,0.6979126143550527,0.5835461704348543,0.6525625448599666,0.7618512541090902,0.793878270381994,0.8829072101472865,0.9772417858081304,0.6207085447793654,0.5540817898532823,0.7312104291912841,0.7813103190773139,0.8153871116708378,0.8948178854574077,0.9482314691614724,0.6502264900808692,0.5805261414218159,0.7021813739211268,0.8669440664044663,0.903458768165,0.9169635316379092,0.9614174010373676,0.8114337316417286,0.8007059359895847,0.5155702519971885,0.903458768165,0.9169635316379092,0.9614174010373676,0.7886748563818511,0.8361442877014332,0.8816447672643889,0.9383423909281268,0.6852641478369299,0.6303524484415713,0.6660839302860354,0.8605164723265177,0.8938460653909285,0.9131579413142612,0.9745942230491804,0.7965839324543729,0.7128465245972757,0.5354864362686811,0.8005977801451204,0.8467579428828171,0.8830972832220957,0.948893522685545,0.7075695161135069,0.6500724868163816,0.6420475144926521,0.8754568845738392,0.9116940332915172,0.912726792824102,0.9901800634947524,0.8308855587094274,0.8035887201071311,0.4882544331506084,0.6599872440260044,0.5227411435699651,0.6751815857062258,0.6818633363205302,1.0833573483332004,1.355753022387045,0.9438464209549616,0.9977940248680158,0.2795443916234127,0.0107953022730883,0.2097922980998008,0.0182286439274292,1.0142000670329585,1.1884012686716343,-0.5498422183166449,-4.718952447259545,0.9424880276494028,0.8913865190056542,0.6771289090801489,0.7169724621478771,0.7198869848761282,0.4319374759297234,0.7121352462465966,0.3977677149311807,0.8043256697045709,0.6102290449558863,0.7275403486848485,0.4546395473653588,0.7683428410483004,0.5132017685616311,0.7728218392922377,0.5443335314980638,0.8307532600485976,0.6566715565271494,0.9591551511609409,medium
ResOpsUS_509,13849,1640,0.2745721786512872,0.897949268766386,1.5562925671310637,1.454279376591273,0.2468123024979001,0.5378394441076795,6.645360395538031,0.9920040228882678,0.9920479154209528,0.9999112214373006,0.9991680629916702,0.984096812048979,0.989626421118778,0.9656261667448948,0.9094592953497536,0.94983396937837,0.9374169459366024,1.0420041654402352,0.9009524309304884,,2.4098435056490777,0.8566363500847168,0.9148122338556391,1.046493936521712,1.1055201141161275,0.8127385663642115,0.7187387600899308,3.3135314880397884,0.8671218125813036,0.911981256077241,1.0279445758891232,1.095542734356491,0.8126851787016444,0.7224569710699877,3.3140037932304995,0.9213961928055066,0.9416189251812388,1.0248985383001448,1.0463710189557176,0.8783969658084916,0.7992684563891348,2.6701713743790005,0.9416189251812388,1.0248985383001448,1.0463710189557176,0.86410608328039,0.9148652157582352,1.0303745812335423,1.1014722125923713,0.8173450815686765,,3.272522307110429,0.923833817694721,0.9421282084917608,1.020055135484369,1.0452762036316154,0.8802805170551675,0.7949723993055423,2.6494110680787184,0.86735722099112,0.9288324594531656,1.0407719407458509,1.1042446010282072,0.8435599725748921,0.7590994745364537,3.0285927036366864,0.9236261647873764,0.9467553734386428,1.0251219557219184,1.0486503832269858,0.888758347508874,0.8020547360898764,2.5538809337572044,0.8875698550437455,0.9066299304114352,0.889231444633099,0.906931252119089,1.018613499084443,0.9927037754374516,1.0049398672702414,0.9982844330424856,0.7739778443064025,0.8151655609402235,0.7413155496838598,0.6573247308508579,3.666354078864586,3.315510024073152,0.2221819050172832,-1.8644074820684144,0.9691204390880084,0.9414994698527556,0.7192095626947473,0.8023043024814656,0.8137424872005379,0.6224081129735937,0.8215979067575627,0.637681926040953,0.8671084083915613,0.7352937575625309,0.8340020987295975,0.6634376086577676,0.8606511783889341,0.7220446359313122,0.8435872052981452,0.6925715798533074,0.8692688888415434,0.7615094292906084,0.9920040228882678,easy
ResOpsUS_297,11876,1767,0.0980752655052954,0.4651359731180654,1.7262148767416208,1.0008076138539634,-1.3739700456281287,,310.2242104695501,0.9672632155079202,0.9672638359234562,1.0001097523896836,0.999830959036212,0.9345204075548889,0.9349275485310986,51.52180319634317,0.1499326180561406,0.3538279700502774,0.4479628646173588,1.0182006240021952,0.1155619094695499,,189.35282536558225,0.3033278439640465,0.4223160611956582,0.6235682715436897,0.9003380029565939,0.1147325593717221,,189.44158397320345,0.2923619745825536,0.4297460838157961,0.597793532724362,0.8825606378809371,0.1243437530358879,,188.41041045686987,0.9045324972345754,0.9451184638568008,0.9271543584944352,0.9717940859309292,0.8910746708405362,,66.451151502941,0.9451184638568008,0.9271543584944352,0.9717940859309292,0.2993584203222804,0.4438125893416612,0.5909302570775538,0.8807685745123112,0.1422409363858927,,186.47504835168817,0.9111573890147496,0.9485582251076536,0.933302977615872,0.9717464953024794,0.8976721997543711,,64.40726974801416,0.323361871404152,0.498299772688692,0.5651306595264811,0.869521282572215,0.2042148845985274,,179.61225955449106,0.9114514868905716,0.9506834033705212,0.9298951807945804,0.977773286456354,0.9022170394128572,,62.96071650059008,0.5818407534347755,0.850177686841654,0.6342660211930181,0.8516769781903509,0.8003387860760083,0.9798017814809652,0.9649113709528516,1.006248094911988,0.3718120106620445,0.7088457196977958,,0.3100050119357296,159.95585411559523,108.89725045564424,-0.9707899388510192,-25.44745937479075,0.9688098055609856,0.9376334008110748,0.1443612450877834,-0.8172953249548733,0.2414942838373868,-2.451248657354941,0.2655471649677111,-2.458331376416124,0.7940731920930106,0.548990389218571,0.2742045156265325,-2.153718909069596,0.8079465553328204,0.5952270319819912,0.3800597356849475,-1.8016622171438184,0.781650198793553,0.5315301280126734,0.9672632155079202,medium
ResOpsUS_1122,13536,1463,-0.279638556487549,0.1064062609725898,1.914337622989208,0.9456697505343832,-3.258737854283593,0.3565063530105038,48.271749428331006,0.9407502546972468,0.9408015300356618,1.0013975079997657,1.0020298876109428,0.8814336301929915,0.87917902243866,8.054402822067885,0.9292508978237934,0.9569916647094994,0.944103104947633,1.0055906777571129,0.9156516375992738,,6.793458271819236,0.8991951303156012,0.9670331361623304,0.9060355867820896,0.9843316660295052,0.9313122611396396,0.9102870088951214,6.130447738916645,0.8989399285243355,0.9678972683767716,0.9070794734684122,0.976583586566558,0.9328580147482182,,6.061075217891709,0.9472193757775,0.9740457188752232,0.9540958536387066,0.9977686480659104,0.9483646290895482,,5.315281072463097,0.9740457188752232,0.9540958536387066,0.9977686480659104,0.9047941090348308,0.9656866506931504,0.9143704320166472,0.9764557263691966,0.9296461118010552,,6.204354962334363,0.950567179224526,0.9744488604839416,0.9577071229983182,1.0014337343448696,0.9492692900992789,,5.268512979478417,0.8986948815577134,0.968965627385204,0.9056167286882872,0.980216349287572,0.934689791211835,0.9062619520263108,5.97782394806366,0.9435648062815808,0.9742846227562822,0.9498016991754028,0.9980555058313156,0.9486292624786776,,5.301643059659594,0.8836304967246034,0.8750489706643878,0.9403486842969132,0.9368366791878014,0.9004174341638644,0.8926672356414216,1.0081789002283266,0.9898593722506852,0.8826293280714991,0.8756631162576762,0.703552647930112,,7.680979242391207,7.905635472703928,-3.574357256137443,-35.94619008511441,0.6548914074592679,0.3676518976445478,0.7769507396354407,0.5688508029006247,0.7425371062801049,0.6997187603456643,0.7755732623936878,0.7122570044850424,0.8268279543509636,0.7423746637496815,0.7671119777993165,0.6948996218906056,0.831577164141797,0.7617662065032222,0.754331762620767,0.7164531933805278,0.8170106893876252,0.7489038660282483,0.9407502546972468,hard
ResOpsUS_957,9038,1336,0.517322335971945,0.5455101359625534,1.133269137203034,1.093037776778909,-0.060597898038144,0.1214813756065119,0.6507979113420583,0.907651312167796,0.9076549148789348,0.9995147221349906,1.000655670425453,0.8153985886442777,0.8745139344872029,0.2715115305609412,0.6082475540291282,0.7810534596428297,0.7506368820635303,0.7917923469158996,0.545423248748415,0.5484603426393025,0.4260635480840953,0.4328561628280548,0.6972298844112178,0.9066632260804154,0.5296058718662002,0.1171475667521563,-0.4053670528349362,0.5937653205137347,0.4842479554575424,0.7394865910982138,0.9232249313571498,0.5615498613673596,0.2306187779450782,-0.1977592243289212,0.5542957652498705,0.6323626477930173,0.8125718468547487,0.8745391362015742,0.7096769354645172,0.5325869215897008,0.4226991480722007,0.4320372563185728,0.8125718468547487,0.8745391362015742,0.7096769354645172,0.4331743396940121,0.7358467055004835,0.8359816449373151,0.5260671509708343,0.2014136728030098,-0.2559386168927082,0.5647180958922613,0.6185836169209513,0.800802748131131,0.8761400871758266,0.6992382435810993,0.5026971960510133,0.3961114684076378,0.4456369809701837,0.4624261207413901,0.7588427805467843,0.8069884514823251,0.5600279403126225,0.2890981654812889,-0.0192913711157403,0.5328139499888306,0.5965140526719064,0.828383799300199,0.8278092320183609,0.6779765089772052,0.5338511305583953,0.4160103691634552,0.4314525966077649,0.4150572556448392,0.3566584523584291,0.6822724062739012,0.5775831212539835,1.0867353062525935,1.081425897213519,0.5165910871652873,0.521646416617061,-0.0358364074904242,-0.2509700410031299,-0.5086345930857992,-0.576519856615507,0.6501090514649704,0.714437235890572,0.0495294857110366,-1.0072555878182785,0.9137157191057652,0.8284253419148463,0.5359947377383877,0.4397663081667898,0.6787424006418099,0.460090473371029,0.71789494747834,0.5581088773473999,0.7628313889401285,0.5886877976556257,0.6716447866551503,0.5004598409796087,0.732973691933974,0.5211496501714925,0.7301214859938412,0.5913690802524658,0.7293662908916858,0.6003628865016637,0.907651312167796,hard
ResOpsUS_517,12722,1788,0.032615680073773,0.5304612322977903,1.8457929818004584,1.0000009529942395,-1.4487084922807163,-0.792831031578414,4.49928083595898,0.9850307830038212,0.9850309869840184,0.9999403704953576,1.000050508694711,0.9700637503941074,0.9850744021375756,0.4974772829906131,0.7090416452676316,0.9146640780003928,0.7236050913062884,1.0313113246803531,0.7981054374762955,0.7505409357534252,1.291923712048595,0.670539140579187,0.7812663785412902,0.7541215153861187,1.0156151060784075,0.6091425491904365,0.5515696130315665,1.79756149115102,0.6171583807407968,0.7700249721965998,0.6963541730400412,1.0384500168223207,0.5844930349073583,0.5008120763216749,1.8533767566371149,0.9336482313931512,0.9685235054879988,0.94169656646238,0.9964648722488308,0.937292584195456,0.954410497221122,0.7200025092006591,0.9685235054879988,0.94169656646238,0.9964648722488308,0.6297313889348692,0.7717800685758985,0.7104140413318911,1.0339776365150943,0.5895219121594664,0.5417113420394497,1.842126912289168,0.9394447075956524,0.9678843905720166,0.9487236046841544,1.0025024693121751,0.936420273734055,0.953827546876618,0.7249931195600087,0.63145132272868,0.7901926814554016,0.6977506736994443,1.0213157536677748,0.6149314087681202,0.5788222618228105,1.7842002921396354,0.9152459479092752,0.965886125300212,0.9239262111000274,0.9847595426194988,0.9307012099499636,0.9505562826236608,0.75689804598494,0.7077966550987076,0.8478174520337378,0.7898128887213761,0.8817084757527333,0.8138576217996061,1.086752648943324,0.919035884110598,0.9594954188013456,0.6097199626269818,0.7319863930774213,0.6872831401244701,0.76431555665747,1.8030035334323176,1.4941246495020963,-0.4532324810916275,-3.948014313681584,0.9584107271732925,0.9179269355441791,0.653923315449671,0.7651119684484222,0.6369284113203018,0.4969489789491998,0.6061269728754015,0.4917585549618846,0.854830170507139,0.8403131617436576,0.6085069347000611,0.45072737798077,0.8859462429355435,0.8406422937229908,0.6288636548621365,0.5129336281404304,0.8245909090948285,0.8267312517764233,0.9850307830038212,medium
ResOpsUS_378,12510,1827,0.1945087242330856,0.2601710933478102,0.6827282473312242,0.9715743218740568,-0.1110404725085358,,0.6120584169400225,0.9767104362574858,0.9767104362574858,1.0,1.0,0.953420872514976,0.9574459713473044,0.1253209301063267,0.7360958821346562,0.9640885649131392,0.7388556596736319,0.9873751922076603,0.8787023951774477,0.8900059201243106,0.2022339420936639,0.5511098645240611,0.7355090189204109,0.7109430602906082,0.7809270435197346,0.5299803988287803,0.6265815360062993,0.3980942637212277,0.6493673167654774,0.7868291733743268,0.7526813673727076,0.8721916623090081,0.6143978414684772,0.6986784718885377,0.3605767027659398,0.9574195379243136,0.9794950318173454,0.972871909355763,1.02562632881248,0.9592244857146944,0.9602351377855988,0.1172539976837592,0.9794950318173454,0.972871909355763,1.02562632881248,0.6527947451895291,0.7763208247373006,0.7638355343364487,0.8785691115092544,0.5993260075612539,0.684961876481935,0.3675559958271364,0.9505991721679296,0.977443103527232,0.9640058228411712,1.0252199806238929,0.9550767670409696,0.9552567196802052,0.1230731840753294,0.6229297465504893,0.7793065115991336,0.7237982733951555,0.8688933013365162,0.6005163656114085,0.6855081677639976,0.3670096056337953,0.9617082123744184,0.9804236878009128,0.9672400488952594,1.0031328268163957,0.9610546745772368,0.9630494690254442,0.1145923441049676,0.5311611997043839,0.8308016674833736,0.6651935880074451,0.849508482012887,0.81572710010072,1.0685474559954258,0.7284157855949389,1.0357997907381664,0.4035404775011775,0.673403676795707,0.5308596981794627,0.7468452912127186,0.4512667381155694,0.3339246513041767,0.2037742441722404,0.0263403947580064,0.9226690759027576,0.9046787755109624,0.6565062433911381,0.8112900195400568,0.8333123083822208,0.8353438356804946,0.882253897391289,0.8681139853728592,0.9441436742977986,0.9306932743454772,0.8752825059592827,0.8636166882631163,0.9440867325575956,0.9281454616287468,0.8619401182332653,0.8565776210636799,0.9461366305014904,0.931518864896402,0.9767104362574858,medium
ResOpsUS_1086,13072,1063,-0.0257807424075158,-0.0150837872273951,0.8586596298507208,0.9569426409510792,-0.7633114819556432,-0.9850767205810532,11.30831248709278,0.9363401616363568,0.9363401616763616,0.9999998648713824,1.000002252802261,0.8726803405569312,0.8400133449073379,3.038652362736089,0.4662481108400053,0.877126488893958,0.5318797216603679,1.2250701767395271,0.6471104815126157,,5.058860023796767,0.0155660618597331,0.4554434797713142,0.5221941885809965,1.6665358065498113,0.1762671743044074,-1.4179866397010334,7.7290562813191555,-0.7172735421212781,0.531924809169338,0.6631495970936931,2.6175493316311744,0.1084432119814862,,8.0409579084727,0.7490131293801536,0.9172243124342848,0.9553972654521102,1.2327083815474145,0.8365880114528793,0.4731851083219602,3.442510239755346,0.9172243124342848,0.9553972654521102,1.2327083815474145,-0.5462399122551627,0.5280969346034043,0.5847649411319666,2.412708465681087,0.15570698696601,,7.824919545852203,0.7679680347153482,0.9146009027253328,0.931569053497498,1.2046045763400748,0.8336904248889585,,3.4728970575567546,-0.1390034348367224,0.5835408318151754,0.5447749760400485,1.9574240248527908,0.2839148511897615,,7.206354404682989,0.8071918507722444,0.919668895817967,0.9581439657223956,1.1702056653113515,0.8425691058331144,,3.3789227611999904,-0.3510463793867184,0.6581942956432836,0.3028532091969843,0.8258498833776879,0.6217868112278587,0.7402524112153327,2.0937401223169174,0.8620359955213769,-0.0840412724240027,0.6735229935080462,,,8.982509318891493,4.929479531261484,-7.609132543658324,-13.135804108255355,0.7505441712371528,0.5636985139011697,-0.4147329824116754,0.402591286431761,-0.9753652828910512,0.08301608070722,-0.5188295207634532,0.2409422578946005,0.4632972364241318,0.614780620059308,-0.5620779098892679,0.2013471792883258,0.6187734155262087,0.6060835980843511,-0.9355750416175396,0.1155820073139416,0.4301828775940041,0.607201611221257,0.9363401616363568,hard
ResOpsUS_1796,12354,1643,-0.2232172979747466,0.032910632147839,1.748493104901952,0.9724902823318148,-2.94255918325528,,163.10223019068155,0.949888116986954,0.9498884730930556,0.9999508923395274,1.00018242424587,0.8997818470661022,0.8769409801175951,26.004229236991083,0.8997013185411955,0.9407207326031832,0.9955147414822696,1.0807816589041137,0.8783394968383966,,28.651383178404732,0.596577400682714,0.8783673785157875,1.2780713622764135,1.26576609360965,0.5726534683942268,0.7054957765955344,53.698342488110114,0.6315401508139138,0.8776642676785685,1.2526281909396093,1.2386956769658657,0.5981461675569608,0.7303903685000617,52.07207043612546,0.8148453563318188,0.950105669714446,1.114990193796655,1.1362719824756906,0.8652306443946824,0.8289081326395689,30.155488255403363,0.950105669714446,1.114990193796655,1.1362719824756906,0.5704753382431055,0.880678346865291,1.3132908218590764,1.26851934583832,0.5485137045259725,,55.19415321566078,0.7806658854958738,0.9507383115436308,1.149946079459114,1.1523053285035616,0.8513742291916934,,31.667796738073022,0.6210689630299742,0.8773980318051028,1.2563087100609005,1.2507256136114413,0.5914432099265423,,52.50455779349752,0.8572540542732623,0.9520937834894104,1.0692531157673697,1.1152623329521514,0.8853994229747025,0.8200520096270351,27.807643746885923,0.6476318521375541,0.7517843054264698,0.8326842426243743,0.8493417498741057,1.2014036964001096,1.1403960950214438,1.235807760767545,1.1385714949199626,0.5278594594363066,0.6264644924212143,0.6592413172866259,,55.0701680120439,48.983148921513454,-4.382508995963015,-33.53665552932801,0.8340819674036029,0.6684788934064354,0.6631757543653074,0.4285492235731764,0.4955718263723945,0.1569305326695629,0.5656034577074777,0.295537568265125,0.7310052488383927,0.6057342601471487,0.5803932854265288,0.2755033656370674,0.748728448467006,0.5776576578232535,0.5707737295494544,0.2523999909998482,0.7391078590112214,0.603912590879952,0.949888116986954,hard
ResOpsUS_204,12724,1096,0.3476255730307346,0.8753652870622238,1.2654941294315798,1.5827275937620966,0.3356133696972952,,24.577598411389445,0.9776741887039068,0.9776741894075264,0.999996963833524,1.000004711629558,0.9553485143573788,0.9527464962095265,6.37157732715761,0.7823775713581202,0.9582943970555416,0.868983912757424,0.8313140521125872,0.8870185701890481,,10.135204939996912,0.760309759223496,0.9375403264893276,0.8343235539403512,0.8384403641701215,0.8469247714243935,0.7582398748901167,11.797268390993626,0.7817581427250803,0.9392583091239604,0.8599371094032277,0.8440437819963479,0.8559698610074227,0.758429414014369,11.44341614224174,0.8100471843796206,0.9489939059538574,0.8750096592910498,0.866366676080678,0.8804722145782568,0.7781641695680526,10.424696934767988,0.9489939059538574,0.8750096592910498,0.866366676080678,0.7701795845893619,0.9440348919498096,0.8533739733975994,0.8321127213180198,0.8598696826987728,0.7623212899280778,11.287429589967877,0.8189884730353802,0.9512702888257696,0.8884059635708478,0.8660695733733803,0.8862545033496227,0.798112097859191,10.169418197143209,0.7900292095765213,0.945819594823868,0.8768744090232974,0.8387787068261506,0.8685074303461996,0.776094511864508,10.93401355118003,0.8090855904542718,0.9546296982841418,0.8773389792662012,0.8609168540514394,0.8894817169098783,0.8081710315269992,10.02411559789857,0.7296301424664042,0.8191909278114275,0.9246531016697686,0.9306948817322744,0.8444038372072616,0.8976997351212932,0.7921237413774092,0.8680023599705835,0.8120581936121354,0.8503933736959574,,,13.15715399698122,11.738853272713996,0.6233517569862912,-0.284409670871858,0.9734118241994738,0.951074430769566,0.7647604720707346,0.7133318772172776,0.7165173582226652,0.5617729353275638,0.7719065393268845,0.6677647494650429,0.787937509661372,0.7156872881536158,0.7872942319271075,0.7161615737959695,0.8433487690335573,0.7671073620707174,0.8603032571729234,0.7857854646854849,0.8534095152834336,0.7976892252575025,0.9776741887039068,medium
ResOpsUS_506,11058,1854,-0.3608047968034955,0.1369186214305592,2.0455699643947525,1.1168917384832326,-3.6342360622322873,,3.765905150131141,0.9891568870530568,0.9891569582193744,0.9999777597641284,1.0000323835711666,0.9783143974777068,0.9856044338768284,0.2576119754229947,0.6159023949733233,0.816478779408587,1.0249129446859453,1.3364970682887771,0.540051259365898,0.500345694919595,1.1864106001139234,0.6370912139535307,0.7997675610972347,0.9781889232232784,1.3018841405748445,0.5408770293101959,0.6572351739064187,1.1853451092761762,0.6218061690813079,0.7789121943372288,1.0011644735565912,1.3068377420290942,0.4881770999250736,0.6135457254461403,1.251526811323108,0.9125622797279928,0.9645915968882076,0.972924399296362,1.0752230799819824,0.9262126407015796,0.9291772688502378,0.4751943686029611,0.9645915968882076,0.972924399296362,1.0752230799819824,0.6337537773222501,0.7864607480709238,0.9929467420346096,1.2974685446620602,0.5109103461839279,0.6336481554143629,1.2234170795564536,0.922917458325506,0.9720244173472584,0.9671264601672704,1.0638624724318255,0.941812821990154,0.9415670652488468,0.4219820219925979,0.6667309306227284,0.8056270687584822,0.98384477469116,1.270234055772757,0.5636523334762791,0.6788474557233718,1.1555709888920225,0.9148351968036806,0.9685618001688178,0.9646153468608546,1.0707997854309237,0.93441577999492,0.9346976269640256,0.4480020282247866,0.6380592609214815,0.7817168169308053,0.7186553975689144,0.836060994360943,1.0160974775440257,1.0322628224824026,1.227128123543339,1.1404658703257335,0.3892565294994011,0.6456869062934958,0.6384094456758485,0.7864961877959328,1.3713452199856877,1.0445061027907936,-2.749759027588756,-17.402412105147103,0.9650067661093852,0.9513327306250148,0.0175125777516603,-0.4054188140809953,0.0420572337720361,-0.2919256418032276,0.0077024097574392,-0.4479125252130038,0.7904631175293764,0.734592779234708,0.0238337744016202,-0.4045961046277024,0.8302577031051068,0.8213780198399521,0.0069223761517028,-0.2826738760672018,0.7740459846346739,0.7797535715466363,0.9891568870530568,easy
ResOpsUS_1755,11961,1482,-0.4167532115659664,0.0025391287406069,2.005302700265555,1.0403479073523794,-4.012899865490495,,97.77129930823796,0.9295669138607546,0.9295710325975164,0.9993364119342238,0.9996260687265882,0.8592349380762121,0.8907514542293775,16.3837876246558,0.7966083770240281,0.8996806396532551,0.8231546064710125,1.0054667196743,0.803535161389481,,19.35571816613088,0.7741234977748968,0.858368884130502,0.8260058716881794,1.0262081015721791,0.7349715937820336,0.6767610801078432,22.48086845402974,0.7804306186663831,0.8543879559185761,0.8373957756493968,1.0238267089837316,0.7290468559364884,,22.730760668795323,0.8939194698329844,0.9307392263983492,0.9250751374571704,1.0290222172404877,0.8652891546511782,,16.027587357252234,0.9307392263983492,0.9250751374571704,1.0290222172404877,0.7774357937048436,0.8565491500740294,0.8325586041081546,1.03033246645263,0.7320585203613716,,22.604080619678285,0.8982612766602234,0.9293283048430324,0.9333007811021108,1.0301246332568497,0.8626071732809582,,16.186349043754415,0.7743852333635518,0.8590438417726136,0.8249169659387455,1.0194760254184625,0.7363619330547971,,22.42182358612821,0.8912699534200541,0.929277027903986,0.9241305695539468,1.0326238221392765,0.8623234948088119,,16.20305061093214,0.7724400048956128,0.6800578015984395,0.8249330526475088,0.7580581235910753,0.8589347588908617,0.7907078672735472,1.0351527106694414,1.0048930498224529,0.6779842393417808,0.5735594881310843,0.6400850598200829,,24.721893250527597,28.4493527798169,-5.405008953302844,-56.01979136811299,0.8038662141317006,0.6158882515274566,0.5497340378116721,0.2868923550608895,0.3092028569134667,0.1124347272384882,0.328984412284764,0.1032185264554701,0.5797910519582171,0.4945512036734745,0.3566074897876415,0.1476444656281005,0.6082641527833046,0.5003115212824785,0.3281234530803532,0.1857451485980704,0.565320961286383,0.4852995566377095,0.9295669138607546,hard
ResOpsUS_567,11559,1718,-1.020859962535286,0.6644086170867249,1.758231837556929,2.842915595573361,-1.2066195557263693,,17.203952570390257,0.9785673788160172,0.9785673883723756,0.9999978304775512,1.000020122840292,0.9571348696832636,0.98273494772214,2.397820006235874,0.7549584771314135,0.7802725814045307,0.9076210791598582,1.0568449156173023,0.5921779913697753,,7.3960499386682415,0.6575433479777477,0.6872632539056728,0.8797727436448998,1.0708356759404989,0.4346036767310779,0.522227999705948,8.708452657912218,0.6691977583980144,0.709352584615164,0.8499593013813037,1.0494165127971062,0.4830861302404063,,8.326713036927636,0.8456879670658133,0.9272555457770272,0.8676197133737067,1.031558003752198,0.8561139893974308,,4.393127329559351,0.9272555457770272,0.8676197133737067,1.031558003752198,0.649619648803254,0.6821540228959369,0.8595148531417892,1.044768837998606,0.4336107430108904,,8.716096078021959,0.8582768281883195,0.93006511258851,0.8813228043729348,1.0333210472404548,0.8624976661196923,,4.294568557021214,0.6501813865446381,0.691399487000155,0.858911443814666,1.0850458994284984,0.4490112529570815,,8.59678112811186,0.8571220847072893,0.9473330555085288,0.873527230217431,1.0405577383473064,0.8917738927819215,,3.810048675126315,0.6861699382109165,0.7926736547688008,0.7790130712838226,0.8606467915228851,0.9997806786997088,1.000344656231788,1.222831857949662,1.1535082340662612,0.5514434230102627,0.7180274037606486,0.5318747486047745,,7.817261283843817,6.197969933169224,-0.8538717210181548,-2.513464828992503,0.961427646275504,0.933063087012442,0.3333475929124916,0.3985021965234256,0.3165234585662952,0.1146774093245011,0.379372985386098,0.2069863964855115,0.7558088099527616,0.7796261451172704,0.3311040153710862,0.0973590141961616,0.7832018421519873,0.7851089687096346,0.3125473286473793,0.1254804991379352,0.7992392489402217,0.8326504735075088,0.9785673788160172,medium
ResOpsUS_1782,11689,1643,-0.3941262764771343,0.0685162463040569,2.037084677175521,1.0195310965452435,-3.87073564087372,,80.06455452894141,0.9509429858677296,0.9509458884902824,0.9998991320049052,1.000524027874769,0.9019015415235656,0.9177311324361184,11.36250542636666,0.900839699852812,0.9542340207875506,0.9139558563130032,1.0182933214364571,0.9087924603649512,,10.956160417783904,0.8265272491614366,0.8708737184200649,0.8874754000016153,1.0275211388579966,0.7578109529732802,0.7285164917568465,17.853372293221057,0.8472228305338748,0.8785902143837327,0.907323958186925,1.0034174172344532,0.7710899795846621,,17.35703000510994,0.941634042694531,0.9592065831593448,0.9586109046274126,0.9945755277779996,0.9200639206571304,,10.256860146373713,0.9592065831593448,0.9586109046274126,0.9945755277779996,0.8466479719511005,0.8763065292808231,0.910030138534841,1.0110541320823785,0.7667218920910618,,17.521851860670772,0.9575713361880064,0.9633183188856628,0.9792106979984714,1.004738217574837,0.927719701821567,,9.753331376253808,0.8392848546565108,0.8849007062244152,0.888758689129175,1.0143833678559977,0.7829430195300833,,16.901680615479126,0.948160735687334,0.9614768356871,0.9664297707590644,1.0087358367951091,0.9243794742672956,0.8813835535540214,9.976147423789572,0.8140115550630589,0.8482703404461609,0.8514685983079091,0.8774639065744335,0.927244442690929,0.9163172882973576,1.0850691086240525,1.0316859457554477,0.7160942299797339,0.7679945599857486,0.6685779706249568,,18.46444741305959,16.69161233463038,-5.079147698695591,-48.49787483772794,0.83202561923882,0.7461483703376637,0.8506415595305624,0.7229086816180645,0.6310043114394792,0.6111140012856765,0.6596092059430021,0.5936002261607304,0.8031571219555211,0.7139152279368505,0.7193562042395653,0.6369358810528927,0.8206871680766682,0.7669547801970185,0.6820507849563966,0.6254294986977615,0.8177068980444382,0.7597272056393167,0.9509429858677296,hard
ResOpsUS_391,10881,1827,0.8932055035489697,0.931793789023383,1.0821751430400912,0.9995276412561712,0.8456248844694267,,31.241850253211894,0.9982431509427688,0.9982431519574158,1.000001289944335,0.9999986211577728,0.9964862993787388,0.9925928377840314,4.7133585292884055,0.9485867838484396,0.9941693976985116,0.9497342645532698,0.9909072164961285,0.98631339547353,,9.302420301282536,0.8854868705384336,0.973634378360366,0.9008043429608876,0.9492227172919232,0.940011624248292,0.9098833080177424,19.47518761580326,0.8765883866539087,0.9715945746089206,0.8915126928921625,0.9484824077277798,0.9348570671920354,0.8984232213627317,20.294658703787324,0.9589917422907992,0.994432168058878,0.9623975524646844,0.984613889797175,0.9876259853693942,0.9825444853489338,8.845113522054886,0.994432168058878,0.9623975524646844,0.984613889797175,0.8821438584646862,0.977403075792414,0.8951641153668832,0.9511237643926994,0.9461000312080652,0.913441043520308,18.46045306522327,0.9601663405947604,0.9943852167071542,0.9630243299264588,0.9862888930862734,0.9876253751517894,0.9829110013985894,8.845331615277166,0.8756215728071801,0.9743457234345448,0.8895479055771495,0.9488904501832736,0.9394760852133066,0.912551058986752,19.561925661742283,0.951390527843535,0.993585612743336,0.9548076146476908,0.9832851944187168,0.9854216959224644,,9.600671299832522,0.923689110738738,0.9380290070461856,0.9706632624597524,0.9863778149570708,0.92957722319489,0.9426100814597582,0.9981723902503864,0.9809937564920808,0.940495581818668,0.9706443894477303,0.9336554284524452,,19.41711448653788,13.638155675050909,0.7418164072443725,0.3352385753995198,0.98672686507425,0.974000256951136,0.9138735084100846,0.8858501522911292,0.5796696267928078,0.2718714308739177,0.5808876088019681,0.0713904352029904,0.6756554871584168,0.7415673415893713,0.5743163132727964,0.224223331113809,0.6706754724753938,0.7404345950730783,0.521852514280351,0.0747652028303509,0.6672284871821841,0.6828768574411892,0.9982431509427688,easy
ResOpsUS_361,10553,1827,0.8900950504665055,0.89396544788238,1.028348191872871,1.0056702475002928,0.7810989863091239,,2.104534601884921,0.9772875246586668,0.9772875270504476,0.99999536948152,1.0000093383522732,0.9545752643757176,0.9773598476963138,0.9586904219419076,0.9727801512170796,0.9746538484287656,1.006123372056145,1.0078100629290097,0.9489284639109145,,1.0165333807229335,0.9861328524361798,0.9872343186951728,0.998245028146063,1.0051239863555868,0.9744968790264468,0.9217595052329756,0.7183380142094677,0.9620978939794276,0.9850610947922576,0.9734772250332676,0.9774181231946306,0.9699492575614908,0.9256812670437128,0.7797579070857584,0.9861364981788242,0.9919598998217796,0.9888608970474728,0.9981361713375608,0.9839730547875684,0.96489988007631,0.5694525740947335,0.9919598998217796,0.9888608970474728,0.9981361713375608,0.9605474959153484,0.9845828218378476,0.969562202906798,0.9801921428675644,0.9689761939512992,0.9130818863431232,0.7922818784794651,0.981569791787624,0.9916635537596412,0.9835796841210006,1.00074125924414,0.9833309726895528,0.9611307000906724,0.5807474524179081,0.9710698038675968,0.9878858223931614,0.9763182133994218,0.9886256458392588,0.9757181382141248,0.9193294135463096,0.7009276232083356,0.9824543813788172,0.9917978338668596,0.9846405834221628,0.9978409432817016,0.9836093227679514,0.9579296651575124,0.5758781931568067,0.9767341486508584,0.9480630061951284,0.978505917820422,0.9818891972358768,1.002574886271157,1.020713134468607,1.0085249182370573,1.0440501556093926,0.9568563583213509,0.9615802809210788,0.8929383287332762,0.887627298570438,0.93827221940748,0.8854163761093512,0.8621204924113386,0.8167907787878557,0.8289362206600562,0.6728711248685949,0.8960192278965714,0.9213475404261916,0.9340957721718164,0.9205611912810854,0.9265208929542604,0.9042009503362692,0.9511741941968302,0.9155355382719262,0.9141226552131908,0.911187293705506,0.9484294790420346,0.9151614123765356,0.9593321649192024,0.9222835871899192,0.9445122169694922,0.9237553531740632,0.9772875246586668,medium
ResOpsUS_413,10502,1827,0.9968315948637234,0.9969677173475302,1.000805223480926,0.9995576560513808,0.9939296217566652,,13.850411563580677,0.9958083270459358,0.995808354568366,1.000012131811445,0.9999908595160472,0.9916166071649676,0.992162759469776,16.276638230648448,0.9875009685786356,0.9979685589152202,0.9948971993059468,1.011227664880468,0.995750631532332,,11.588227100901792,0.9888697610938322,0.997098854819706,0.990451953550696,1.0049295419415154,0.9941270193740668,0.9514630150091362,13.623355397264245,0.9844037550504066,0.9968812526421608,0.9858823017928628,1.005848663845519,0.9936020912884014,,14.219156094045644,0.996583325282458,0.9978923975108676,0.997406226124376,1.0007099401069277,0.9957882762542472,,11.536783452864352,0.9978923975108676,0.997406226124376,1.0007099401069277,0.985730196946103,0.9968390391502184,0.9917328225868112,1.0111932740215728,0.9934819249496124,,14.352067908782216,0.9954194287890694,0.997770351805186,1.00284899654227,1.002809540931879,0.9955085373842404,,11.91375587964998,0.985138459845624,0.9962733724015518,0.9919692703655713,1.0119367082581976,0.9923373213603212,,15.561272519591212,0.9941773817402112,0.9976197583183029,0.998886911677226,1.0051959953157834,0.9952047732330216,,12.310037536086568,0.9784783621685886,0.9216024742908956,0.9922703528359216,0.967153072552808,1.0200136279415637,1.0421620133434,0.9983005452986436,0.942644825643892,0.9838264686333448,0.9248664998084088,,,22.55894825169484,48.6220461478972,0.9566343478097324,0.9185810264990792,0.9105268082825358,0.8238554655306465,0.9593063246346872,0.9174403368919484,0.9496108302686064,0.90984209163984,0.9350760041806851,0.8786886728797209,0.9543511287505374,0.9104154128032018,0.9159420194516256,0.8800560021922215,0.9060202982051124,0.8872289900428758,0.9190309024272886,0.8493148598215444,0.946733386980744,0.8933461775341621,0.9958083270459358,easy
ResOpsUS_310,12053,966,0.7389216423656568,0.8869110801563529,1.2330679376573277,1.0324367302575836,0.6588755278057971,0.5826847172375405,714.907421645634,0.958356173146648,0.9583562274440398,1.0000386645553103,0.999944978626064,0.9167092103542503,0.6564082673135851,353.2578789519748,0.908868469479168,0.9359099584086532,0.9384911636514532,0.9796509097270548,0.8728072338426323,0.6921930606226583,436.5405320656986,0.914094551884802,0.9287927472067826,0.9527160850445155,0.9914265204264342,0.8615309524385452,0.6687770120982831,455.4804276659567,0.9229334775756928,0.9392192775082516,0.9532542762191396,0.9922676032072332,0.8814863028319537,0.7105290605286427,421.3836111211807,0.9526339640592796,0.9571112091042242,0.9801633254080204,1.0032556592831463,0.9154507691051732,0.7456206987619013,355.91656223275714,0.9571112091042242,0.9801633254080204,1.0032556592831463,0.9226424743232784,0.9409254385701762,0.9503557836830344,0.9945378798097312,0.8850274187524584,0.714031670351438,415.0405292091095,0.9569083057784042,0.9574605380801589,0.9966063192959193,1.0059809047590342,0.9149293220815656,0.7386346649175306,357.0124110990069,0.9244658215824104,0.939878621335469,0.9551835040196788,0.9909273143589024,0.8825186583000222,0.6958743678066919,419.54429137154926,0.946969901911592,0.9618922755718134,0.9631229872916724,1.0002803138980032,0.925234644332775,0.7453121869491445,334.6906416072368,0.9030385639477856,0.9131239312047774,0.90416549685647,0.9131369728959068,0.986915106821893,0.9989043859436232,0.99321371537158,1.001032221616364,0.8103223339024348,0.8264550907536141,0.5972387483433106,0.6399232410642408,537.2390551412828,513.8843802925616,0.3423544506662257,-2.651378932404152,0.9161501001511866,0.8412390495589245,0.7670652094422798,0.5139463716200936,0.6886194551707674,0.4464663394430145,0.6384135637546602,0.4111190964317976,0.7933819188533613,0.6423328250777431,0.6576143126751264,0.4132565538521775,0.8152915768439818,0.6276439046604361,0.6059044379959873,0.3830860575736988,0.7982352467280737,0.720685614656642,0.958356173146648,medium
ResOpsUS_7308,11323,1616,0.6620292437969986,0.6878516237305785,0.870807474147862,0.9901554835193936,0.4394977339014341,,118.41136450897034,0.5890947059420576,0.5890947709010615,0.9998109756125626,1.00013286750546,0.1783448174547627,-0.2022581437592481,143.3670994264176,0.5600546086206963,0.7155354404113484,0.6699311955747529,0.9392838894591292,0.503472157223453,,111.44908380644644,0.5857684426792404,0.7423009668292403,0.6847768915886729,0.9237544538563848,0.5375475534785477,0.2987017263480493,107.55689095744668,0.5909929488177326,0.7405200143083626,0.6948978115852799,0.9171171937804334,0.5342895457486219,,107.9350986675255,0.6216636209709421,0.7489953501200025,0.722550444348997,0.9438143656750242,0.5547807199532826,,105.53382541719463,0.7489953501200025,0.722550444348997,0.9438143656750242,0.6071148192548822,0.7448781364045569,0.7112050564794133,0.9233900753057857,0.5434581235464989,,106.86734232268292,0.6328373615142462,0.7470034955789556,0.7381695851890213,0.9526079570975924,0.5540131186696208,,105.62476152124964,0.592202778571185,0.7505742962911949,0.6873274097606994,0.9204937521481752,0.5483203809808805,,106.29674028497637,0.6266028978284124,0.7587207938329876,0.7190821985907913,0.9520945782507684,0.5700775046725589,,103.70502110921512,0.5372808612290222,0.4786550778674984,0.6325806256935147,0.6049376124501825,0.7196412520412603,0.6756054448336505,0.9773951949312952,0.8975577706450694,0.3916575359433785,0.3420368721196399,,,118.69434101310632,123.4402309505095,0.4000324205418035,0.0315747396832558,0.5769691139622735,0.0254414360092015,0.381010710805996,0.2330384700177691,0.3847434587804642,0.2335885209791628,0.3865985899316254,0.2035538258727117,0.401914657174045,0.2533442881516912,0.4299616181402382,0.2427600215089583,0.414804465110149,0.2075149198569378,0.4055215640137599,0.2312277000401991,0.4099737646663691,0.2782079208388455,0.5890947059420576,hard
ResOpsUS_1709,11757,628,0.3559181331875232,0.5146177572387772,1.42165828130804,1.03807654623361,-0.5591552982032506,,74.44898310529446,0.8642530608819508,0.8642532026702257,0.9999911010278012,1.0001959985633446,0.7285087877775851,0.8205042834769106,31.066474485275403,0.7006924845514555,0.7035047015127491,0.9695348618420382,0.972661343559842,0.4234950965639448,,45.27053067558245,0.8284124177222738,0.892885708217106,0.8726364004771655,0.9581987990082634,0.7953112015866648,0.7208380364664337,26.974979355841427,0.8318123075981319,0.9129305212103676,0.8736396753820732,0.9311590666738216,0.8277659718784347,,24.744208250291702,0.8909442626443413,0.9444741636789578,0.9196586642432332,0.9514685141392344,0.8893618497961401,,19.832001003179027,0.9444741636789578,0.9196586642432332,0.9514685141392344,0.8106565759664465,0.9139985750621986,0.8517992975030826,0.919431774794042,0.8258643922827855,,24.88042964524404,0.8861602199475351,0.9385873332274084,0.9178094104435836,0.9506777243971763,0.8783931973661949,,20.791844460536325,0.8068405139995205,0.9182427844801888,0.8430982891388308,0.9224874341074002,0.8322840670524002,,24.417502670542344,0.882935537799669,0.9445635230267364,0.9157529054120342,0.9405583278790725,0.8882892074756504,,19.927905228521485,0.6456847862809003,0.7013225127792221,0.8087795422101302,0.8069452402693824,0.710335353966862,0.8201133133343941,0.9288073035070256,0.8600754450486205,0.640021685090596,0.6339462697540854,0.3929721787605048,,36.460730057236766,36.767119694445206,-0.5365105556557326,-4.813145817738403,0.6050354870541534,0.2291759679089778,0.2349574330695683,-0.92019007198844,0.7650936660560427,0.630904490349194,0.8434598723305158,0.6954586896705857,0.8665573452309699,0.7455066747687038,0.837971815597993,0.7521417780892916,0.8538682519466692,0.7136679255449474,0.826867387910954,0.72096201955355,0.870406716467013,0.7560224858446469,0.8642530608819508,hard
ResOpsUS_1699,11666,624,0.5883639471118695,0.6934863463655475,1.2736133264293086,1.025087203376768,0.143811272109102,,33.952035062538165,0.8770653283939037,0.8770699814707775,1.0001512229488738,1.001058847922742,0.7541017543849668,0.884212432179687,18.195281246417103,0.823017848730687,0.8735579900199998,0.8836721706675882,1.042460995077139,0.7613835027856775,,17.923849592078138,0.9333501920859778,0.9572453364866904,0.949169081914551,1.0055184607845018,0.916226082697251,0.9080721378411598,10.620267839637028,0.9300308802497188,0.9715052354234536,0.9360971553204648,1.0003905793384331,0.9425685534345172,0.9043038855895158,8.793381905964608,0.9288868343435608,0.9646056205406668,0.9383221605137476,0.99959460059572,0.9297730354386908,0.9289481447424938,9.7237325784309,0.9646056205406668,0.9383221605137476,0.99959460059572,0.9461303032942044,0.9658979615096176,0.9606465465968412,1.0137949591960362,0.9327605389673154,0.898917479435353,9.514657720055082,0.9464327414698748,0.9657724992237,0.9592086695069282,1.0058306718006285,0.9326429313547956,0.923504331752912,9.522975062903187,0.923975120211454,0.9680924521879556,0.9312957587591232,1.006435679839799,0.9358118352643778,0.8708918360548497,9.296265894974196,0.926245427221366,0.967119197838188,0.934033038232286,1.0026362492468592,0.9342186128516564,0.8836833312990514,9.41093061487496,0.8972060540476117,0.9221680211215147,0.922645816073462,0.931298352812887,0.9341874945432956,0.9640301413769728,0.984136845237056,0.9933614850638224,0.8509214545574066,0.8662066116123092,,,14.446841220291043,13.686192765778616,-0.2882219092374651,-3.5916205903067557,0.5718566585002967,-0.0161950483212538,0.5273279503337932,0.1108264091437205,0.725410713686437,0.6739267116410954,0.7898017791142624,0.7956396874749067,0.7234112387365622,0.6988463428336386,0.7430698424451956,0.7459550503246899,0.7513593597462507,0.7301013553526925,0.7576211191101193,0.767791937480788,0.7718824182773997,0.7423534176962663,0.8770653283939037,hard
ResOpsUS_438,10311,1852,0.6454533631686314,0.7128941962324078,1.207811355420295,1.009381667750405,0.2632192162091391,,7.2715893015792865,0.989010689427966,0.9890106945189464,1.0000055000637504,0.999990964403588,0.9780212680720086,0.9787664944739436,1.2559186592792153,0.7606063215848855,0.9367546517024914,0.7701691938002228,1.022071694665488,0.8494490259368811,0.744662217850641,3.287017238393295,0.6664315622482975,0.7663753476071202,0.7619253589083909,1.0028088658777137,0.5873063579607245,0.5835954859783128,5.442194836281952,0.6349475805825793,0.7622482687909582,0.723868669472487,0.9778895605941146,0.5792388051881485,0.6043948803303005,5.495130829367868,0.8841999877617586,0.964319836421276,0.893766166519096,0.9708291003682792,0.9243942463038556,0.9582727245647782,2.3293654007917364,0.964319836421276,0.893766166519096,0.9708291003682792,0.6337646667972853,0.7526955428033347,0.7309502007627572,0.9758954305749812,0.5657085390051404,,5.582784216711304,0.906292591388637,0.972269966540065,0.9130150267045848,0.9788874896385168,0.9415145220844472,0.959630141228992,2.0487276008716213,0.6186434119263347,0.7406280146081852,0.7218635546591161,0.9717309668677384,0.5476699860326611,0.5816236305282583,5.697546781726395,0.8930908552826455,0.967347681884796,0.8999997834187848,0.9809383098962912,0.930994930247324,0.948913959480133,2.225362146625737,0.8516990733016494,0.8987910751632864,0.8625817362116182,0.9129599533795032,0.973952318009452,0.9626117525635576,1.049304197589004,1.0356285798838043,0.7300614145535111,0.8302042445762408,,0.902888112538394,4.415301119798566,3.501799354433643,0.2602623383311534,-0.8873659375524308,0.953252357365532,0.9181412303520936,0.5209225128229894,0.619842493770406,0.3845629723204392,-0.0453297862493242,0.2964528638764544,-0.3274627703874877,0.8402704358911683,0.8013287071507756,0.2891157821595386,-0.3362808934465244,0.8946044845487601,0.858736616006837,0.2424448766618285,-0.3776349839857664,0.871298059272166,0.848308374841006,0.989010689427966,easy
ResOpsUS_320,11019,1586,0.3499757965472096,0.355069674730867,0.9943943029845206,0.9189758259304324,-0.2842070199789686,,2.752135214971826,0.9873142099367614,0.9873142099367614,1.0,1.0,0.9746284198735216,0.9841209778090694,0.3868352174997881,0.4253930450060295,0.9680587243975662,0.5426510810345035,0.6536116717303772,0.7279191755275725,0.8496730179940334,1.2667800494778036,0.4213232285217051,0.8204689747103268,0.6149559408773473,0.6070922635766349,0.5945903973006135,0.718895045710161,1.546319609040029,0.4224484372918839,0.82185709686171,0.6209744049613124,0.6022934348623126,0.5978587083517988,0.7268908462333199,1.5400739744707097,0.7772178560113021,0.964430365757356,0.8240360153725941,0.8680782015204027,0.9063182551849892,0.9600185502598608,0.7433267003881558,0.964430365757356,0.8240360153725941,0.8680782015204027,0.4252266893580948,0.8109316639675861,0.6422707646111607,0.5917754085257643,0.5899315306334216,0.7011332953070661,1.5551791895559444,0.8036000298534358,0.9670197404429828,0.8512722349558485,0.8760431419481168,0.9181123917414123,0.955269126795294,0.6949624521062173,0.4179463216314468,0.811485450202924,0.6228861647249342,0.5987097007635254,0.5850283217972768,0.7054691598779772,1.5644492382817752,0.8086628354124104,0.961535089847215,0.8497791278597443,0.8879105231844777,0.909102503419097,0.9568287582408076,0.7321974445122501,0.439948111265899,0.3113606446389253,0.8523233428192584,0.71372969882239,0.6712714150047705,0.6322532449028775,0.5712958591224133,0.4930130173945943,0.6494080825803878,0.4408617438330945,0.7079696717255197,,1.4481256120937829,1.828794423303271,0.2101549481209368,-0.5637918295589421,0.9756740917006717,0.961320591623023,0.314001116904396,0.6124925168971216,0.3997051269262307,0.5412188775755334,0.3394482063930099,0.5089227786390302,0.6098697119396026,0.8152693081312665,0.391732911176551,0.5284627913575906,0.6606206810437232,0.8449260494059194,0.3941836886095645,0.5104840721199473,0.6034169931884228,0.8138511867478229,0.9873142099367614,easy
ResOpsUS_531,9922,1790,0.463031725034862,0.6736316494564614,1.4264012056346598,1.0007999473948603,-0.112882637897403,,5.488592994851093,0.9841864918724398,0.9841874238606854,1.0000325011815856,0.9998314211994792,0.9683738084920376,0.9690816059762518,0.9252514868761252,0.848025888247331,0.8725599302122449,1.082550395431651,1.0063711435066895,0.7172500985383885,,2.766543954320415,0.7425387433311486,0.869413950130567,0.8005308075874605,0.9028114021950544,0.7477062496445955,0.8069558621125423,2.613301933471342,0.7142083025815074,0.8695064499948492,0.7733084433802311,0.8848511143010817,0.7419732881907932,0.8165139012417517,2.642826649395672,0.959479854144796,0.9824265903321197,0.964181205421767,0.992923881873922,0.9648109315774764,0.9600909826210156,0.9759784498731886,0.9824265903321197,0.964181205421767,0.992923881873922,0.7505592780396351,0.8843354281239121,0.7948821612903368,0.9177257462634512,0.7715895815073196,0.8235219938303366,2.486533405852459,0.951744350898268,0.9798261162617868,0.956359899622348,0.9958570874767874,0.9595023230480662,0.960846100965398,1.0470113733947055,0.773726072415994,0.9187335143148926,0.8020565688887497,0.9264197941794812,0.8284920500311428,0.842197625678727,2.154658621176868,0.9766239830495544,0.98411862022481,0.9831870729675968,0.9966021433951988,0.9684843990239208,0.9606878188774868,0.923632359538032,0.6827542779337121,0.8961720965142089,0.8683852677878432,0.9553232627609012,0.7487163783093851,0.9098778812982274,0.857947362206362,0.9742662398272834,0.7323502938747537,0.9103336796530392,,,2.7087355546467013,1.567826124652461,0.151980470647228,-1.3936584803690777,0.9486129170241848,0.9079344184932694,0.6699828584213874,0.2967367172097332,0.5151353295845376,-0.058522610118076,0.4774271529033004,-0.0984337995600843,0.9106713255086544,0.8767680307330186,0.5129299825986826,0.0453493704716637,0.8873433799486606,0.8598652922017853,0.5998766457208516,0.3286837853923152,0.9439835026739848,0.9026110480822834,0.9841864918724398,medium
ResOpsUS_374,9472,1591,-0.7618590552063529,-0.0040350295978543,0.8466965403027644,2.4396385098342974,-2.1724558633208764,-1.6811674418886635,14.158086888419554,0.9427939287875136,0.9427944640992952,0.9998996642202804,1.0002262269050184,0.8856003618813436,0.92454660379201,2.6885561077814377,0.2899973603405236,0.5952086800816214,0.4738553979802398,0.7481675290840567,0.2952161773004633,0.1070900477402925,6.673209238642879,0.3275729281410626,0.5046798061014778,0.5928817582668793,0.7973406559439038,0.2182134445507089,0.2522772146180283,7.028309496031072,0.2679184978487154,0.4830592090900165,0.5390665957302512,0.7628166504289512,0.1908862201788546,0.1797693910954128,7.150091141129797,0.3669367968701774,0.5439255383911727,0.5750455141340296,0.8896424467125239,0.2863735106166178,,6.714941911988492,0.5439255383911727,0.5750455141340296,0.8896424467125239,0.292215485529042,0.5390800523084578,0.5219449417085735,0.7551018946849597,0.2483908430417797,,6.891326239915256,0.3794890469295492,0.5501018877545674,0.588871869682323,0.8833844266837125,0.2916030800606997,,6.69029258438864,0.3359620517668531,0.6082690775879567,0.4967207084887934,0.8150588313655523,0.3336400188649139,0.258162374599433,6.488752848455337,0.4053522934957524,0.6307491878996502,0.5420281383634188,0.9132733803084776,0.3847155470297972,0.1817690836556733,6.235119043872073,0.2815643718782307,0.447148637062903,0.3387116359355942,0.4591667506722102,0.7494964975997161,0.8859780809126468,0.8731321688018037,0.9880405731497064,-0.0652779385954787,0.0285661404625798,-0.214561843856784,,8.269276852067998,7.896646266545708,-3.6511112656278426,-13.81542222419526,0.6904559171492484,0.4133736310698287,0.0573752653373126,0.1097057960200285,-0.0041254505110195,-0.0911804584414199,0.0524238343206877,-0.0801430772177906,0.3908297477076436,0.1484126861921086,0.0480881650100772,-0.072631417766813,0.4310344556998127,0.1636633879371651,0.0016358814720341,-0.075749623114012,0.3193311069496277,0.163612513195936,0.9427939287875136,hard
ResOpsUS_1151,10289,1525,-0.9632516216448788,0.057527286553787,2.7039294843282144,1.2504524440638662,-7.026084779895603,-0.4308565750308277,69.04526690132172,0.9692103776392236,0.9696180899038996,1.0039556940253715,1.0030484207074075,0.9389763248036016,0.9376924743962668,6.020481430725032,0.2779901399979697,0.6890682174278109,0.3903386412265213,0.769928941096217,0.3636776862585237,,19.441090310114756,0.6511333331908101,0.7577505324036451,0.7878222623852641,0.8658219305529805,0.5658335067134492,0.5818183039132563,16.058692911662607,0.6833450618977952,0.7851694483617069,0.8035047996516019,0.8754696015129608,0.6097393780118658,,15.22507383695688,0.9043541639056852,0.9199223047536488,0.956994523971,0.97023059090724,0.8445160739716615,,9.610031039769762,0.9199223047536488,0.956994523971,0.97023059090724,0.6783243720429353,0.7635543259451362,0.8233551969535685,0.8720731990589913,0.5726688441969856,,15.931780711039249,0.9046858964705,0.919747096579878,0.965581409574389,0.9617951513890338,0.8432301046368513,,9.649690307924216,0.6043692215780836,0.7597285703741545,0.7456901820765597,0.8152843551616957,0.5628752228016918,,16.113309659891744,0.8902463542638218,0.918533082572214,0.9398019924655232,0.9577483254050696,0.842512128216631,,9.671761942539238,0.5655315355295495,0.4554328422957867,0.6567758536637887,0.5446062312897324,0.7604490598730117,0.7792891632935416,0.8834865712659431,0.7988616614609741,0.4153232945626608,0.2257754703858416,,,18.0457244240786,20.7658584274805,-6.69362945974667,-61.88837485216521,0.8916838678141494,0.8259946859839546,0.1850724623674565,0.0660048818573665,0.4196864958949714,0.153131902409349,0.4652490235666849,0.2064447273982095,0.7519670291710845,0.5472406695425606,0.437707278588734,0.139539510966637,0.7690010065045969,0.5488619023566781,0.3815100169376568,0.1552220484980518,0.748860015993071,0.5172405986782185,0.9692103776392236,medium
ResOpsUS_469,9593,1852,0.4459812811782928,0.6803159841740479,1.4335662831770797,1.1294571316005837,-0.11626614729956,0.1698821977000749,1.0774759833056289,0.9924839420653384,0.9924839420653384,0.9999999999999998,1.0000000000000002,0.984967884130676,0.9877787387537672,0.1250356277520267,0.8371583646327485,0.912921792444069,0.9890981581417382,1.137171184372027,0.8144762685375095,0.8085371557385335,0.4392618202225239,0.8265300077594152,0.8917613875565752,1.035432597676196,1.1308463679518368,0.7626343093297195,0.7880419487431707,0.4968584659852094,0.8293370674431112,0.9029185091469212,1.030857520065808,1.1369263821841833,0.7857932357261381,0.8006300122852422,0.4719981669308944,0.8629484875838006,0.976286909940866,1.0683136398346835,1.1164218752123165,0.9351967072875944,0.9530812905218982,0.2596105027232792,0.976286909940866,1.0683136398346835,1.1164218752123165,0.832562051819241,0.9044830629567246,1.0263077350987733,1.134981051643652,0.7905177409784973,0.805331578370686,0.466763992351101,0.8722450198788394,0.9774660109083244,1.0595236570284037,1.1107722372047228,0.9401326946996388,0.9551624354136328,0.2495275926723461,0.8359958274454495,0.9075531567326888,1.0161771981115093,1.1344962752141223,0.7992142087974611,0.8096983525643395,0.4569726515934593,0.8634568821923518,0.9754207882689564,1.0663435653808837,1.1167836320032318,0.9336493118811344,0.950357224134408,0.2626917520775373,0.8317607236605096,0.8257244639283052,0.8977123291797474,0.9561803346669244,1.0376040014946648,1.0952904882614922,1.1281702991062763,1.1391816160635455,0.7745775543998796,0.8810851163691308,0.8282668214230925,0.9090114543252142,0.4857486583557721,0.3528020815219014,-0.0184905700234849,-2.655977467775257,0.9812894659331632,0.9659389237975052,0.5246238064362336,0.4720021056364148,0.7174237583977432,0.4311424104403233,0.7643836669559233,0.5286631158748196,0.8828407720279732,0.83888484885088,0.7627859261488006,0.5269713279686061,0.9052600406307344,0.8656284487739168,0.7742196407307876,0.5491266104391455,0.8800733304612856,0.8385728165742743,0.9924839420653384,easy
ResOpsUS_1691,10552,652,0.7144423141574463,0.7255218960583223,1.0773980847074358,1.0146457804147375,0.4024629003389235,0.5789970944494963,7.295034562943474,0.8098885088923705,0.8098907959945678,1.000127124083196,0.9990761801827586,0.6197328340058825,0.7988913432247053,5.819549016822735,0.7406483258960772,0.8297571396915429,0.8067039925736456,1.0302871736471608,0.6875281051064481,,5.275339289476538,0.8327397704085125,0.9389411694354782,0.8462126581057574,0.975561156201787,0.8727271814861306,0.8102641600103238,3.3667645635133576,0.8354911041796174,0.946830517520694,0.8486563293529935,0.96351334090363,0.8862151292618752,0.8230986314075125,3.1833704217682244,0.82413194509766,0.9540502189949148,0.8390925580254172,0.945898378232132,0.8956010228857246,0.8602541319358946,3.049250040429995,0.9540502189949148,0.8390925580254172,0.945898378232132,0.8230828367908465,0.9479031129558264,0.8372758933024294,0.9541037899412322,0.8852776068466797,0.8327203084906658,3.1964580963344518,0.8239825246201936,0.9536206863209882,0.8395091110652044,0.9445582695917264,0.8949054365312809,,3.059391401663899,0.8421827100080701,0.9529846014716932,0.8542974883028926,0.9617034282634116,0.8977412429522571,0.8081558889190872,3.0178327778851357,0.8348148549576117,0.954258268261689,0.8475805504495291,0.9557039785196602,0.8982931954369451,0.8449310449354146,3.009677221659837,0.8479686693695432,0.8288538863928769,0.9300988504462412,0.8889295181760561,0.8659240329350032,0.8698520456287915,0.9841573411348912,0.9960187636079908,0.8608482789747545,0.7898243379567604,,,3.480021785237664,4.2768979097604,0.2664551564561003,-0.62100068588516,0.5961681497865584,0.1907417140543539,0.5475854785954865,0.3919926788079576,0.6715225099106219,0.751726487801761,0.6956490104213029,0.7487271176650021,0.6925364510315868,0.7543371052541978,0.6837376368869212,0.7406784049853968,0.7125137876199795,0.7627193059721933,0.7159630100119052,0.7931173963076209,0.7110812703261382,0.7799870648138278,0.8098885088923705,hard
ResOpsUS_987,10600,567,0.9154060684285092,0.916232603016189,0.9898546277937722,0.9939810396183574,0.8340242441196477,,8.847906834940588,0.972383568143311,0.9723843040024808,1.0001234602856215,0.9998406242627478,0.9447617474209472,0.972832663430076,5.104323359780343,0.883818633841754,0.96419670821868,0.9786644833166078,1.1084482819959394,0.9172152928746212,,6.2487517557442604,0.7846232815272319,0.9337709006762278,1.0173871568761954,1.2042021646276613,0.8215018369537552,0.6719068133034098,9.175613020075849,0.7552451021219877,0.941068393748637,1.087964974121187,1.22066759877193,0.8133096175338336,0.7410943898682602,9.38380957653521,0.8730420046221974,0.9729255394508972,1.0738680019151523,1.0996434868387706,0.9260525283674272,,5.905815538899845,0.9729255394508972,1.0738680019151523,1.0996434868387706,0.7799274992398484,0.9334111463521104,1.063494581972101,1.199915652766048,0.81270446391343,0.7579262047176908,9.399005999346205,0.8972460426390924,0.9733141931769012,1.0510736814438035,1.085074805502595,0.933754926344708,,5.589783753662724,0.7868649319933159,0.9519003365876758,1.0738192826296178,1.1940713608595652,0.8520182567781693,0.7573153368506842,8.354535003357,0.8902237474532674,0.9771989589096872,1.064644949525833,1.0857436216240277,0.9396129471558974,,5.336913093096107,0.8219797136914357,0.755279870534296,0.935607928873948,0.8852072281795044,1.031317937496229,1.1631393551871922,1.162984877533049,1.141760756532214,0.839616259336484,0.6862332218052525,0.6655537884479402,0.8077715046713874,8.901630582953883,12.450674432913225,0.7890026626122207,0.6989725488595812,0.8960384593188709,0.8036411253944672,0.7564564596852625,0.8381238310542031,0.8252905470968944,0.8089554408077105,0.8691929973085906,0.8014935126221348,0.8875193715077608,0.818472368428782,0.8561353547000685,0.8183773493776765,0.8706267042275879,0.8256709769911954,0.8572817107852062,0.7968752465650226,0.8966858116467447,0.8505018402332447,0.972383568143311,medium
ResOpsUS_364,10160,1096,-0.0067382426438651,0.7026315830349553,1.9618161447701945,1.0019019602418016,-1.091898825032963,,12.265934116672977,0.9887703208074904,0.98877204771591,1.0001546891077242,0.9998781248473676,0.9775404163058596,0.9819032637896006,1.2709578289304917,0.7738671691767234,0.913986264924264,0.7909425624709007,0.9942831504973048,0.8198317546572298,0.6944701306636716,3.59972574532185,0.5758041822482968,0.5930985666231438,0.8801536574387709,1.0031889635608762,0.269241011375535,0.1925913441498929,7.249655551464107,0.5891275879295238,0.6029596305014286,0.8949071875943612,1.0114273693264164,0.2767311678261464,0.2241182041717679,7.21240598149123,0.9628117859364356,0.9642208318281624,0.990370930603308,0.9968226720782182,0.9289146168957176,0.9324314675000728,2.2611035082271176,0.9642208318281624,0.990370930603308,0.9968226720782182,0.5846160917589422,0.6019470297662631,0.8813961614179562,1.0055455917015077,0.2838725944539256,0.2288501205312531,7.17671064953893,0.9690874149149902,0.9693345073142742,0.9974689211485446,0.9970319846989302,0.938710192677138,0.9378407137226312,2.0995412789273136,0.6199055353734708,0.6402224813795174,0.8774071025644914,1.0017089860686883,0.3535925904109448,0.2860038836334818,6.818415342342533,0.9729165951483554,0.973261474126118,1.004304071362194,0.9998075885685196,0.9462738017567685,0.9369285189114608,1.965727642177684,0.77776634163459,0.8675764010073259,0.7779122782989383,0.9099487684387212,0.9992965418610904,1.0970520773169237,1.0080217159481204,1.0027712006313851,0.5553557253179311,0.7929059295912807,0.4234879631783832,0.8510813411518907,5.702120148446697,3.89147140724546,0.0646491004477679,-5.435871997786823,0.963014185271402,0.9300988426791624,0.7356322087024421,0.7960063540493185,0.5834242804997727,-0.0284451048866771,0.557613792921903,-0.0909624538407338,0.8412975137596301,0.7721589763287358,0.5647551461140734,-0.0868977362930518,0.8515580356132091,0.8172665235882178,0.6311792961732828,0.1345507727821178,0.8841878611822067,0.8454314447543336,0.9887703208074904,easy
ResOpsUS_1712,10500,521,0.6999389292734417,0.7281914832903047,1.124904727895984,0.9764291417450672,0.3726596737279495,0.6826481034111065,6.235339641381063,0.7885123104664121,0.7885123848230822,0.9999779951621436,1.0001759739249867,0.5770340643027788,0.775317229221496,5.11989680985565,0.7376481676919591,0.7660204702635103,0.9119002800869468,0.920498409255417,0.562983587413396,,5.204240831095508,0.8263776407497956,0.9429916472261564,0.8449503771390279,0.9465735477849188,0.8784818163603082,0.8864277963334677,2.744284588069412,0.8005005063179771,0.9375570545640908,0.8323970062180658,0.9116248732956806,0.8648371363565401,0.8887214648653995,2.894257745004545,0.8177219117948746,0.9544125574621738,0.8442112877583515,0.9170725397671876,0.896014041891067,0.9084499535006452,2.5386092651554177,0.9544125574621738,0.8442112877583515,0.9170725397671876,0.8037363439241298,0.940870093899062,0.8337718600620899,0.914027432319697,0.8708162413756788,0.8787630577798976,2.829518058652781,0.8260904315299361,0.9491246392408244,0.8550871567264507,0.9184126019078724,0.8893375621520444,0.9081260921706182,2.6188379671675124,0.8020524384857713,0.947514741305854,0.832960063656981,0.9076626056477762,0.8812581455371029,0.8749958499604269,2.7127540813878386,0.7931151299660599,0.9518541052312338,0.8226593910624251,0.9049545861836285,0.885729152926419,0.8995126973104813,2.661192159827121,0.7678905585865695,0.5625988684042975,0.8843374640243766,0.5849018663615605,0.799051647869472,0.9488625921062572,1.010804181642665,1.1280556710380067,0.7747347662798201,0.2034176233632545,0.6175234127813308,0.2147530572181364,3.52644235274321,6.631397339220818,0.3304693839553677,-0.6165888827262651,0.5845272180354567,0.2156328851726292,0.5500871433496366,0.0954719494689368,0.6811383457598942,0.7447741601717657,0.6442935880489606,0.6640330473424669,0.7123559041039468,0.7609924942953716,0.6556576364864202,0.6882171312655672,0.7274339687505154,0.7474078844776217,0.6653907359131341,0.7216411224442386,0.6681637077389805,0.734114353046998,0.7885123104664121,hard
ResOpsUS_1733,10462,631,0.8428196609893845,0.8663427455472766,1.0826955229393131,1.0016875394648717,0.7037390820274874,0.709685025236608,15.55419019547736,0.8745297940316868,0.8745303513242444,0.9998918281529274,1.000357974531045,0.7490877389279909,0.8658397920103932,14.31433461346728,0.7020937154593615,0.91402531176026,0.801136062055499,0.7955259392096565,0.7911853222686228,,13.058423050255948,0.9287856232085137,0.9759273975136896,0.9362731633832064,0.9792421685585324,0.950537056269515,0.8594173951156567,6.355507019890432,0.8989544495592134,0.9627761897616676,0.9197863909725196,0.9511086087126916,0.923288188915614,,7.914825442068324,0.8824672447995914,0.9664514210152046,0.9022807211055353,0.9439697945261136,0.9275442387939632,,7.6921312295780435,0.9664514210152046,0.9022807211055353,0.9439697945261136,0.9088124112649214,0.9752345648377404,0.9307118445285564,0.9461390580113308,0.9469136272483274,,6.584180818031257,0.887823878660106,0.9740123050798976,0.910705341886056,0.9372737220623114,0.94172660367896,,6.898352590676609,0.8804717315161624,0.9734920063116376,0.8992055453874641,0.9414781138656354,0.9395868428190224,,7.023862308243801,0.8791965725172078,0.976446883746694,0.8974960167645585,0.9405722941111068,0.9445533833551444,0.8902642453711528,6.728956928006502,0.7824087588966724,0.8411762230869416,0.9529649143869016,0.9477276120736766,0.8513975396026191,0.9202184484764316,0.8481745815414963,0.8730059308081629,0.8803078199322725,0.8851742232783157,,,10.054873541415631,9.848348766860006,0.3201632578152321,-0.7873777831479052,0.5465291333140172,-0.2709427850071193,0.5228171509052839,-0.1866347593058499,0.7066050627842455,0.7834041329561938,0.6983620484849168,0.6054967117028046,0.6595013468007223,0.6318780089931406,0.7831009914450885,0.7994266664182842,0.6835978337318083,0.7261155247559108,0.7107381005292446,0.7528686875407372,0.7039803213300159,0.7589744693711518,0.8745297940316868,hard
ResOpsUS_868,10289,1096,-0.2186014835094591,-0.2164187931434642,1.068302830521319,0.9745123825823456,-1.6040190758900388,,9.24182530272537,0.9952969571601054,0.9952969571601054,1.0,1.0,0.9905939143202118,0.9914661792551922,0.5554438203736187,0.8550866221417113,0.8930781156789306,0.9030056251210022,1.0126368104109968,0.7974047839597169,,2.5778062193025786,0.7685464302919528,0.9429059837728916,1.160985321052021,1.1561882026512704,0.8285004458104516,0.891218402096417,2.371740511939445,0.7652399743642426,0.9409878096273384,1.154887109108245,1.166252261506461,0.8249615165296162,,2.396086239981031,0.9754007210436908,0.9890483254931484,1.0197837115464623,1.0096845293180754,0.9772218966814432,,0.8643595872105457,0.9890483254931484,1.0197837115464623,1.0096845293180754,0.7667626609593197,0.948031693467269,1.1624400397680024,1.1590980355600509,0.8392911260837735,,2.295913930586569,0.9683172278096792,0.9871368013756476,1.0288257184449108,1.00272289018305,0.9726971439776902,,0.9463236930005484,0.8106032425446512,0.9482072073047064,1.1327274226550783,1.1247880989307986,0.8567427440554544,0.9170210167544208,2.1676740982414824,0.9737727436119028,0.9905265021575688,1.024246254786811,1.0032001476668253,0.9800002670337632,,0.8099305353353947,0.758323141312538,0.7798292533995573,0.9159213234520576,0.9565940474863172,1.2072299197436582,1.1833001308927609,1.091620088070373,1.1139830819011003,0.7493841564954166,0.8564531732556555,0.8223810883711808,0.8961506410594873,2.884641160503123,2.1831538033270745,-3.299713574163839,-10.870747448389666,0.980874300802874,0.982945964481433,0.722556349154311,0.6688799814230502,0.8260900772275175,0.7134673425861082,0.8043137497994386,0.7250449762580365,0.96108879560347,0.9451800596942208,0.8565815654845393,0.827501283729012,0.9452199625637618,0.941186317894076,0.9112620260125668,0.8569277340928181,0.938033379373326,0.9631238523793404,0.9952969571601054,easy
ResOpsUS_450,8903,1854,0.0733687193009853,0.0969563306076963,1.1995596621002522,1.0577373605459512,-1.2097166986342502,,1.9989580392590651,0.9945010699146086,0.9945011974669248,1.0000245692214564,0.9999717309422754,0.9890021233165954,0.9912974786289912,0.1410229521435561,0.7481677041032795,0.8107862870075779,0.8513685334526527,1.0743395132094604,0.650119029463492,,0.7954182300252824,0.8491776696352469,0.8512443463241095,1.0226526218593317,1.0102951230692698,0.6951285762377801,0.7777033806573064,0.7424953505290429,0.8439206543848987,0.8454599968197569,1.0215893153074715,0.9965285436423204,0.6837688393696346,0.7499381481571425,0.7562018055889471,0.981723339265266,0.9831788485381568,1.002337956827197,1.006754194917565,0.9662272799802628,0.9675541835817092,0.2471259767407579,0.9831788485381568,1.002337956827197,1.006754194917565,0.8524258200530763,0.8551204565090231,1.0255285947458963,1.0116767853090198,0.7020536888660671,0.7701925822658322,0.7340140710109304,0.984474029410524,0.9845887251130108,0.9984479517906332,1.00106748089385,0.9692217230130854,0.9657056458714712,0.2359160732261357,0.8633042289369981,0.8682550132257092,1.0135229530729983,1.0338544240319645,0.7316008464602413,0.7822307399990285,0.6966681401117171,0.9795294623020996,0.988759938629329,0.9830132855876514,1.0020384963816564,0.977608975021886,0.9735134435906124,0.2012205659743312,0.8730297079448563,0.922495861539845,0.874235214848362,0.9442059415767176,0.9885423615651888,1.020596873212541,0.9868319932477256,0.950304091345698,0.7510406415115489,0.883119200972608,0.8058614608321608,0.902002559106254,0.6719531409069955,0.4604116944018346,-0.7702762103112724,-6.164132521532173,0.9704629210448596,0.9486156988760772,0.4344669084789047,0.1981131629811957,0.4287364497941015,-0.275593212819849,0.433786965336377,-0.2708399413220235,0.8821420597314555,0.8480537505210173,0.4305369271794789,-0.2666367903408617,0.909161760033682,0.8630023508009125,0.4521770832943823,-0.1530714489705547,0.8861745432669794,0.9107563928729852,0.9945010699146086,easy
ResOpsUS_1742,10431,695,0.605048675825946,0.6085499711218636,1.0520786275461458,1.0064218308179744,0.1735961583713613,0.3740336640341607,10.56766475799692,0.8180067002945444,0.8180096982994465,1.000092361921311,1.0010405257790171,0.6359852650044207,0.7652720332992193,7.0136218377849,0.7017352191228658,0.8355072099072761,0.7563438669759677,0.9496443611998516,0.6906224715899592,0.590820184633009,6.465874139210375,0.783311446039348,0.930360214815048,0.8021011761689463,0.9457756026936428,0.8477479987927127,0.7698655576922458,4.535909371943024,0.7856719563656818,0.9477837029511808,0.80663716745399,0.9237059399402064,0.8756559968153612,,4.099163928469996,0.8017248596047986,0.9537961544702646,0.8185077488632176,0.9348939424146702,0.889446598522174,,3.86517283449401,0.9537961544702646,0.8185077488632176,0.9348939424146702,0.7796729037738643,0.954133280483102,0.7986750223785125,0.9231330580944798,0.883446505271329,,3.968674802395512,0.7906710869037987,0.9482208545877052,0.8090582220868638,0.9315986008492516,0.8775737438730628,,4.067430568289598,0.7763092207222274,0.9554613587249512,0.7958552032250512,0.9201327594255032,0.8844563531512434,0.7965682192196353,3.951444616786362,0.7894623014552047,0.9570363021138228,0.8070968233952435,0.9274148250103472,0.8909786400853047,,3.8382977494820953,0.6239286958227859,0.6401099258368357,0.8172940960361694,0.8731748425174768,0.6949583559203125,0.692415847449609,0.87753460137871,0.8627839877763572,0.6461411488525963,0.7211453493362032,0.6730220249954701,0.5873166986365088,7.025239109615801,6.236415248678696,0.1398077051646215,-0.7445096995757794,0.6761025280438409,0.3449008075020828,0.5378444211909081,0.4424816637823089,0.6524027680628502,0.7433341773350386,0.7089830396612213,0.7991515106890515,0.7252886510647243,0.8248715839281092,0.6991622708820115,0.8150430302329791,0.7013721883024078,0.797822968853496,0.6844660491621658,0.8171875326386149,0.7037562081175416,0.8363034302778384,0.8180067002945444,hard
ResOpsUS_1726,10353,697,0.7408073779655002,0.7669634773786874,1.1130777684273252,1.0093921631790437,0.4683910990630885,0.6912582367323901,7.1888343158442565,0.8006926138847381,0.8006928854713049,0.9999320402327672,1.000321931380456,0.601412801100112,0.7680312443155826,6.22478026981359,0.624139199454783,0.8474958497459355,0.7488308173188915,0.7656330500836753,0.679389359767552,,5.582790336516671,0.810758897077438,0.9234794190872262,0.830975726570653,0.9627496211589645,0.8435215453471987,0.8470936593195244,3.9002246846598574,0.7964621775775043,0.90627005521663,0.8333539301715659,0.9302043696343784,0.8134256144713052,,4.258810953582929,0.7672555187409019,0.9264133910732744,0.7968757385165334,0.9134232193944122,0.8374873175192656,0.8863131602727038,3.9747148911254,0.9264133910732744,0.7968757385165334,0.9134232193944122,0.8030479270145672,0.9161874467021712,0.8348522805525963,0.9329790650298015,0.8304022838004506,0.860147332985319,4.06043303333256,0.7690936039550909,0.9233480197556656,0.7998066208476801,0.9141813038863555,0.8334039356491025,,4.024340516870391,0.7849483723408959,0.920488816353663,0.8189196449807156,0.915530601635395,0.8332000451410464,,4.026802381552171,0.7660918998749344,0.926022222485318,0.7973929313843796,0.909497715580814,0.8366286275073171,0.8605350193078307,3.985201922976068,0.7879140140195193,0.6545092594312478,0.9112145996951472,0.793757664618976,0.8188995883357749,0.7399621377856193,0.9344236396475992,0.9040403150781496,0.8195177053172606,0.6222915766107575,0.795292513819818,0.5056430661076998,4.249372339370347,6.147319981833491,0.2728746764125721,-0.8320877615198736,0.4814769061560137,-0.213013535861178,0.4179410975048342,0.0775348081385149,0.5451468041248455,0.4968161425232712,0.5654721359745569,0.3422483431694303,0.5669113228859908,0.4541195269938313,0.5731067144528825,0.4224439761201081,0.5475326316313376,0.4326872408544885,0.5673657312691656,0.4369123011575032,0.5547928816468363,0.4647834520837937,0.8006926138847381,hard
ResOpsUS_1619,10155,696,-2.040510066424825,0.3450864038496581,3.944859233969284,1.3789376435694478,-13.804978455348463,-4.400065820091895,4.079596964260636,0.96591781611152,0.9659180909877014,1.0001202922097092,0.9999346817800836,0.9318279392359708,0.9357073950017248,0.2768321854626842,0.2000341987836668,0.6376020550869792,1.7117656586156815,1.0447510877397872,-0.7607593831086916,,1.4069004734768074,-0.1268416187787908,0.7427845967387947,2.094104008544573,0.9190760318330904,-1.3183765297103047,-2.8744851937353264,1.614378465680396,-0.0885010976754572,0.7541341482767957,2.0587636111155843,0.9416541486086072,-1.1562339541824986,-1.583873631297546,1.5569021212888587,0.0700494413660731,0.7566914642986715,1.8965818839749455,0.9581679155866604,-0.7385368057725286,-1.2833526447871697,1.397994023438465,0.7566914642986715,1.8965818839749455,0.9581679155866604,-0.0567382193730705,0.7628680868485366,2.027868315813109,0.937144249297162,-1.0448281431607818,-1.7105899632177564,1.516148626949574,-0.049423201992685,0.7526231931496024,2.019143122334657,0.9620385918194996,-1.0473225546611786,-1.7387246359140258,1.517073092395927,0.0134465364350615,0.7761535107226495,1.959232622230857,0.9447436686134928,-0.8177957540966974,-1.4795695996989051,1.4295057691963586,0.0326665053648639,0.748433876305996,1.9336627582331671,0.973121958013419,-0.8494727261154522,-1.4712055399292057,1.4419072838518543,-0.4356766610706122,-0.4543487775047248,0.6051300775413424,0.5577863188890928,2.379501396133728,2.3842658238877075,0.9528712662439268,1.0581855281347057,-2.797302007894691,-3.047904138470492,-3.081860820822155,-1.972293065763505,2.082447619600605,2.150065182274949,-4.860513877332646,-85.44786174613894,0.8470050364821332,0.7557505096519116,0.1831059158220972,-1.2224217647145372,-0.0150598455804935,-2.0673118683111515,-0.2152514887320076,-2.826688719714892,0.4517542188512315,-0.2157626865604269,0.0181252287116724,-1.8929273393598456,0.3640491744309646,-0.4803869505476248,0.2059105816039173,-1.142823768991546,0.435170375646684,-0.3327155686242318,0.96591781611152,medium
ResOpsUS_1650,10314,676,-1.25798956174217,0.1857780951493147,3.069736446934755,1.3895517819594905,-8.4398650229728,-1.321715721874786,3.3559024934967923,0.7640712856125275,0.76407533679734,1.0005744213773595,0.9987423810918,0.5278776652817871,0.718291801884452,0.7505052154398175,0.3072982471055289,0.3719537707365323,1.227224735473902,1.183745944063612,-0.6281055236676394,-0.3770686098473865,1.3936949179748157,0.5218127874781172,0.5609066217481582,1.0877365019757372,0.8321836670168998,0.0078997897910887,-0.5004785791059578,1.0879381656313822,0.5682529658104186,0.6208171480742625,1.0817144653530426,0.8103988067309962,0.1357568808807483,-0.3924632834131374,1.015416945648911,0.573834811381533,0.6056852098028588,1.1164327958430127,0.8878571523717302,0.0929669369891705,-0.215847747229932,1.0402506615071778,0.6056852098028588,1.1164327958430127,0.8878571523717302,0.5566396676737567,0.6143559942195967,1.086076105228546,0.7989080081287038,0.1130332215847665,-0.3493418276306337,1.0286795786591838,0.5362682142245683,0.5793043266839089,1.1683357282153652,0.9013825461807384,-0.021436746020383,-0.1361896432019287,1.1039062197175589,0.5588429807534685,0.6135376430079026,1.0507966521531518,0.7933939439691349,0.1410245450642966,-0.4198615432139838,1.0123176725398524,0.5653787487509623,0.6127446906625929,1.1449716955352227,0.8661636636749535,0.0736394721086445,-0.1822455763876105,1.0512753040070997,0.3928120693866351,0.2070261996504436,0.5150986604176641,0.4041789250620595,1.3451029402014034,1.5226052920117583,0.8797842164350163,1.026237443890744,-0.4385082770985469,-1.088228010702062,-1.2502336030711398,-1.703370778595199,1.329348080824037,1.601664275096277,-2.29720466736042,-15.554973510164093,0.6711899762783763,0.4725917222957705,0.3786833449979787,0.3070884186874056,0.5248915074107952,0.401509962746067,0.6060195092304435,0.3631344735028851,0.5963748225527364,0.3837315306559217,0.5982511555500365,0.3699121249732439,0.5983587021940008,0.3442221235394831,0.5805880634637273,0.4351355612408603,0.6331355527805155,0.4802234584274211,0.7640712856125275,hard
ResOpsUS_1631,10142,696,0.8652725125495677,0.8930288102392654,1.0819025003968603,1.000800540206074,0.7618268621501209,0.8002935762611226,15.106659994650224,0.8010617092507117,0.8011131108334968,1.0018214778449512,1.0041389687580078,0.6014897353702227,0.77707471974931,19.5407766849884,0.655677850413027,0.7634740347106006,0.7497745933244806,0.9993245044910268,0.5827046970550651,0.710045018179836,19.99603156490732,0.7665938697404887,0.9071339306463057,0.7895371520399896,0.960506906501562,0.808277026323696,0.8470471291075975,13.553739791258437,0.7799978051096124,0.901923410229763,0.8060467026596372,0.9658815776093094,0.8036869183461918,0.839799356410673,13.715027594088394,0.7927628295859486,0.9032806534288774,0.8186206184859104,0.9736536005943128,0.8083988418841541,0.8527593901245734,13.549433268363083,0.9032806534288774,0.8186206184859104,0.9736536005943128,0.800049450014177,0.9067023691787937,0.8251369396800747,0.9735673561985724,0.815104197813334,0.8433434780703197,13.310230948325142,0.7981836904831886,0.906619258592461,0.8229339490674079,0.9743587533785808,0.8146239462534134,0.8534566386603955,13.327505850299936,0.7816011826335758,0.9094700243969762,0.8052948932923991,0.9600965118523406,0.8154809087329824,0.8500940434085693,13.296664750898891,0.7861707303979054,0.9055687438891136,0.8107901718566181,0.968292976458878,0.8105651808754714,0.85529961534681,13.47261716956704,0.6578810680070553,0.7310443466703473,0.7653022917799469,0.878386186392487,0.7519833674432416,0.7641844895911374,1.0212155452311242,0.9559742251808672,0.5852884715550635,0.7575654152704225,0.7046900672597476,0.7590877428961831,20.311290307445788,15.529652815741292,0.684663991439584,0.3524043256476914,0.4038411396007858,-0.14722368533908,0.2414875262904772,-0.1924944837908289,0.4739085269696864,0.5108544485547274,0.504901496671128,0.4945483374537128,0.5181339084094256,0.5013924789330757,0.556455284802414,0.5445470772992934,0.5366019345831012,0.5399386097572983,0.5281597236347542,0.5527486050251875,0.5080504360589242,0.524382393731105,0.8010617092507117,hard
ResOpsUS_1595,10118,696,-0.3573141928431584,0.4533171510685563,2.233594443972448,1.147256336291452,-2.9869100190033238,0.9292456313618144,90.05450086446693,0.911408755224153,0.911543172075342,0.9953910598262234,0.9984012770984168,0.8238777730320146,0.9086277631639604,18.927545135650025,0.3711508456504114,0.5979496931200305,1.46994897668032,1.113819018538358,-0.4165911179482118,0.8851372447748488,53.67962380880769,0.9548886842764674,0.9621778378676076,1.0114406136631506,1.021762978126851,0.9228565891495876,0.9726215153425032,12.52669850589,0.960957771995901,0.9689662242130552,1.0136448639973543,1.0193653818558632,0.9365012604736684,0.979826681147094,11.365008336258112,0.9621440897928276,0.965558960999466,1.00191982190655,1.0155948406219597,0.9307238257298122,0.9770906967103204,11.87077721431261,0.965558960999466,1.00191982190655,1.0155948406219597,0.954696185603288,0.9655225754941166,1.0186199974547137,1.0227384804487745,0.9288656426472356,0.9759609508542816,12.028927644206114,0.9558205790282882,0.9605966592556032,1.0063529260589636,1.01894302790121,0.9202713791364068,0.9667765825742672,12.734864613717106,0.967458414396848,0.9726284776887504,1.0023961295992612,1.0174359720943682,0.94479731578664,0.9779529189625908,10.59661862433132,0.9654931454424336,0.9676836821957892,1.0020093858085302,1.0119306740675773,0.9350823520420846,0.9742717356330548,11.491284965836982,0.9413241103757612,0.912650576976194,0.9414589954428412,0.9288258343887128,0.9964346693281828,1.0424745293650266,0.9982395381756066,1.0275694433630485,0.8833195499891806,0.8490251035528713,0.9470926957090204,0.9602704008485652,15.636704988573484,17.786830442751043,-4.602027545521342,-49.88801727329785,0.4469643742548453,-0.4577892432321748,-1.4097247475031676,-11.119767839667489,0.5526977806152661,0.4151147809227145,0.6383848062296544,0.4431523958373196,0.5815841427230898,0.4806424309273738,0.6218051458608098,0.455266059957215,0.5188285073679534,0.395306809707875,0.6199163332102653,0.4996716900298036,0.5497629332743454,0.4228347166158327,0.911408755224153,hard
ResOpsUS_1617,10042,696,0.36319793635007,0.4108229216616818,1.140546924129183,1.1965548288579002,-0.3794044251398618,0.1239597971151779,3.677040080986868,0.8953213219202373,0.8960046886471845,0.9905264121881594,0.9927300622334908,0.7938685914278779,0.8318858664092075,1.4214272660608245,0.7152289983284339,0.8095612017182895,0.7882798795386257,0.9985241633334796,0.6549355604912058,0.5446171801740722,1.8390886290235704,0.6052140739062141,0.8692808569269217,0.674844936578896,0.8182237149472293,0.7044307547594253,0.8232142235280803,1.7020886577654886,0.5902804346803234,0.8644920667039475,0.6937106860862406,0.7640030118797786,0.6955719231553765,,1.7274079280158623,0.6709139338500743,0.8952048280398104,0.7614562177686733,0.7989714576816492,0.7670981905546896,,1.5109113642423138,0.8952048280398104,0.7614562177686733,0.7989714576816492,0.5753414777356147,0.8628115216473851,0.681233560313071,0.7552508654389458,0.6871568431714308,,1.7511199111626876,0.6873127061004012,0.8956326219962324,0.7792354717307235,0.8046955780507862,0.7731256197006364,,1.491232240153055,0.5765883865173238,0.8552421497673582,0.6753612565756324,0.7699299117749662,0.677594993937356,,1.7776794201622557,0.6852419163507988,0.8899916576808669,0.7727329291973479,0.8120625253668222,0.7639977471543646,,1.520934918417562,0.5128013722463776,0.590817949896892,0.7745542563963816,0.7950784680492042,0.6619042070859342,0.7505392227602494,0.7312474104499951,0.7485910970381896,0.557846371683697,0.6044400320259391,0.6299152772368171,0.6731880216246184,2.1168127141115898,2.002174866207038,-0.3846786698319027,-2.4522016050995705,0.6370177675403007,0.7019977875933561,0.4522700692235545,0.4500759727143401,0.2815494880562239,0.2654444723148949,0.2998993261895969,0.2559830202034663,0.4009482320326245,0.4330238390008298,0.2842890097003585,0.2619592338925627,0.4335700761412828,0.4758097231408985,0.2700798502214916,0.2428713939177541,0.4029159161647158,0.4415764955304773,0.8953213219202373,hard
ResOpsUS_1636,9998,696,0.1148322310345544,0.1972707563735664,1.359315774887866,1.1001993740446048,-1.3171635962992938,0.208585073511008,7.904582245481079,0.8730013527682052,0.8734060021607783,1.0090971386383678,1.0044562516068214,0.7444146251636619,0.7944514771954583,2.6252373444971653,0.5625939737953836,0.7773492002420569,0.6288329900271482,0.9368675690704464,0.5799396987543095,,3.365552687866407,0.6999289460184206,0.8308294919184368,0.7567869286861539,0.9523410178966468,0.6834988543052155,0.7276111222464877,2.9213811139347907,0.7469521157099059,0.8376778792731931,0.809746933045756,0.9614185098661456,0.7000744469484512,,2.843854077225407,0.7750729297848988,0.853953591281903,0.8290928872758564,0.9926930008627002,0.728588205493665,0.7536575677497463,2.705296884329879,0.853953591281903,0.8290928872758564,0.9926930008627002,0.7329253079356055,0.8399302787305365,0.789978726569843,0.9600295086247036,0.7020757922033983,0.732647988948492,2.8343499515478108,0.7702541537099351,0.8549925999897637,0.8223769807194288,0.9856448318901068,0.7298309434200045,0.723692115562967,2.699096283638231,0.7147112555126958,0.8455047663461618,0.7671302293982248,0.9426191630484106,0.7068563682626263,,2.811517597246878,0.7695456870031998,0.8761077730132673,0.8107234033320972,0.9560195904417536,0.7621856408398919,0.7590532020692649,2.5323259819479618,0.5948456615506628,0.461432394327432,0.7325900353379489,0.6402818847501179,0.7327103749470588,0.6978394328322618,0.8544039660470837,0.7366429513192669,0.525113320712961,0.3687771555769072,0.6248624014233186,0.5025441965217035,3.5634164526772505,4.108307486922095,-1.70220340245492,-12.70999089493991,0.7046763988636563,0.4339886046705891,0.5113620335960158,0.413555719452187,0.5234915352819287,0.4175909193756257,0.5957637743836315,0.4121250947784335,0.5995813978150388,0.4406061777196606,0.6083698338355201,0.4664963277787756,0.6046763559820876,0.4748679294102039,0.5835419612714964,0.5067109640030512,0.6679413139141244,0.5805465303066943,0.8730013527682052,hard
ResOpsUS_1620,10022,696,-28.933432239671347,-0.0300248145220134,30.793483942571832,3.701430934186423,-957.6375159187324,-1.883524231371902,35.382223613649046,0.9914602777498062,0.9914602784609464,0.9999975436016416,1.000002472242893,0.9829205988634512,0.9855715501271362,0.1493462189124595,-13.621001861957788,-0.0007875498239015,15.507108211330786,2.5218183440310526,-242.89073227802217,,17.846602935582816,-0.6112406234303591,0.6082485109095925,2.12839943943542,2.081361097168532,-3.15061269248488,-0.3958853916856444,2.328166400508568,-0.4580775302113926,0.6134743722335732,2.046351830668989,1.9390079177742747,-2.588969895184843,,2.164924823246269,-0.3723155481260016,0.5774271779367649,1.9600802634850056,1.884832222146348,-2.388270580668663,-0.2634817145668806,2.103521498124047,0.5774271779367649,1.9600802634850056,1.884832222146348,-0.4644518166312812,0.6304058034284726,2.068440538929403,1.930835145376212,-2.566905819006929,,2.158259859606804,-0.3504332971034336,0.572147355004105,1.961164505259957,1.846625653948692,-2.343541839622837,,2.089591021277491,-0.3173296613288929,0.6735328390458571,1.9698669068880388,1.829538915518052,-1.9387321686561068,,1.9590156971090704,-0.3588006882237997,0.5676884189974309,1.92859561398123,1.892836039227446,-2.354480863766576,,2.093006474428688,0.0359328426300451,-0.5219799514051502,0.6844847233519662,0.4826538324772462,1.711329186038819,2.077932481894672,1.5691101679028865,1.941720489266924,-0.94884535119032,-3.305771385819547,,-0.5979816168536485,1.5961258837410188,2.3724875133296965,-75.01378374183406,-5930.135058649767,0.8415505677117023,0.939404857086352,-2.1676518368074,-14.350855911185992,-0.5368617383010412,-2.0872710246062374,-0.6473270859498812,-2.936527037050165,-1.0552654945439444,-5.661676206359698,-0.4865303567887324,-2.272841471921468,-1.1389331718056472,-6.1473380244069045,-0.6819764261675143,-3.2667307867512765,-1.1321077597061295,-5.975969024486193,0.9914602777498062,easy
ResOpsUS_1706,10063,665,0.5234610322909017,0.7126985818201645,1.3800271723744992,1.0112530491046223,0.0625441509203584,0.8085167355780593,10.640821877636096,0.8434982970513106,0.8435197252076733,1.0009716188826845,1.0024005381697736,0.6867313485512601,0.8772535518414422,6.151177092928753,0.8132488541654692,0.9222160564630644,0.8368958149903543,1.0471452376247294,0.842015146641924,0.8964313054730622,4.368250019335795,0.9410064181777592,0.9859970517156444,0.9446944633298462,0.9849847494463346,0.9703638008225236,0.9923281635689056,1.8919559223859312,0.9214743061952466,0.9822342516094013,0.9255008795577312,0.9826638001578156,0.96140484325479,0.992821336524509,2.159067232661537,0.9189895053002156,0.985000579503827,0.923028629110112,0.9796745061655542,0.9661648505853588,0.9935814508281612,2.021546852012926,0.985000579503827,0.923028629110112,0.9796745061655542,0.9217818138480476,0.9839272954782374,0.9258904212387534,0.9808291066956136,0.9645482449569704,0.9928765116298296,2.069277005403702,0.9228221083713491,0.9820902475093728,0.9274757046093818,0.9806120062909388,0.9613176334766508,0.9927224767888412,2.1615051749320284,0.9453884856485526,0.989331938888428,0.9466670422314843,0.995080082567783,0.9769444567819122,0.9926228503870754,1.6687352554907835,0.925897099657334,0.9891427189415966,0.9274520769028316,0.9895043751257376,0.9745387162015976,0.9921707329287206,1.7536378502551238,0.9145664191397912,0.9312885814753682,0.9849877331826314,0.9747789156839484,0.9172217169031868,0.9372773995745352,1.014875632125924,1.012289480764346,0.9654922697537376,0.9487081718173632,0.962912004481668,0.9294942232926174,2.0823487750325334,2.538746653564035,-0.2387936526901863,-2.6790817876026387,0.5737922257001771,0.0636974050996701,0.6688015159537352,0.5083975311679416,0.8164761226315327,0.9068471175999264,0.7922445950328678,0.8622065585562211,0.790598185645179,0.8717720422189688,0.7941075171392101,0.8815654922243673,0.7752304912278182,0.8565730530078917,0.8583875572228711,0.923543809809088,0.8014548871296836,0.9020483423112524,0.8434982970513106,hard
ResOpsUS_1600,9997,655,0.6031422445294734,0.6655700897049026,1.210663511360695,1.035687507033971,0.1447424155596548,0.7545669759612814,6.196487727392445,0.8959515705387218,0.8961324171665781,1.0055313445638006,1.0026467219380486,0.7910790548801291,0.9043372475028384,3.062584764491369,0.8025866709657227,0.9065230845138984,0.8264116868229856,1.0100591391261309,0.8152777372998233,0.7947568632254485,2.879762994408193,0.8951029975196511,0.9314304378163868,0.9244236071597004,1.024285903659503,0.8669975353394146,0.8915178925665505,2.443582303182659,0.8996826242519762,0.9260721072462048,0.9414938434017626,1.034282243072122,0.8563434543421706,0.8863747569510917,2.5395679434060368,0.901590275249426,0.9309717643245716,0.9312175811223316,1.0137315497435009,0.8665433955026577,0.9152648745722034,2.4477505807676825,0.9309717643245716,0.9312175811223316,1.0137315497435009,0.9023155311692628,0.935168372002244,0.9360221673294086,1.0352980507773113,0.8734490523138669,0.8896361855941585,2.383580521057024,0.9113487711611232,0.9360386300634462,0.9405060734917576,1.0151147689070674,0.8759484790786908,0.9165950238561372,2.3599248499728462,0.9066181369160748,0.9388958989451964,0.9354694921243548,1.0286753333131555,0.8807943481036811,0.8964386588721447,2.3133724024251383,0.9007418550314896,0.9421613570793808,0.919594220460314,1.006463849031835,0.887122191984272,0.9141991240503072,2.2511343265557344,0.8406798558547135,0.828706496406931,0.9137550174663238,0.916060578480247,0.8679817449864388,0.8546569109231389,1.022713248587885,0.9657797670125756,0.8324134278478514,0.8343986970439554,0.7784674260363353,0.8900670874584893,2.7656590734857307,2.749228952055464,-0.1131991280339452,-2.85643654522675,0.6853548691527227,0.3429810704845292,0.6616303987147754,0.4234333419032979,0.7373019008432496,0.625475080878749,0.7242933888591323,0.5503744895825982,0.7210374490566512,0.5601052029512514,0.7588085063618657,0.6492752589765138,0.7627283261306488,0.635776982844581,0.7487967425980573,0.646253934215145,0.7368883544612906,0.656471182432216,0.8959515705387218,hard
ResOpsUS_1723,10142,656,0.7296863199777166,0.7634626460073786,1.1290244418536086,1.0217315249746417,0.4490312931103156,0.7979644903067973,4.93095557082635,0.8290481508035521,0.8290481515389095,1.0000055572284896,0.9999851494569018,0.658094402912609,0.6603666175563547,3.884371223287609,0.7055275395342541,0.8729695783803124,0.7344109722937461,1.0063063712165867,0.7428598397264382,,3.3686243065589565,0.8085468549435431,0.9502851307925048,0.8302490050154004,0.9267378799554038,0.8862635952162038,0.8983380233333566,2.240357734595033,0.839608786513802,0.945243830939919,0.8605945756710488,0.9426133205255433,0.8848665136576617,0.8932967657237678,2.2540754590935688,0.8325920157570689,0.9504418137195872,0.852909472975975,0.9372800173734724,0.892090398299092,0.9042939513051788,2.1822156580795657,0.9504418137195872,0.852909472975975,0.9372800173734724,0.8233558997718096,0.9541383771231966,0.8406906151569298,0.9390051674856352,0.8958671857417416,0.8909860809529698,2.143687253914219,0.8237914291168319,0.9486645176208968,0.8445920578111867,0.9347121741345928,0.8872514889647385,0.8982653282632793,2.230606844672794,0.8199284733861736,0.9530815067661594,0.8360251360694834,0.9422362251175652,0.893189104583235,0.8841525696895977,2.1710778712124514,0.835455408245822,0.9531302323852828,0.8510019461831619,0.9482532366414462,0.8968448945820392,0.8901296476819929,2.13359992043974,0.8176511471081651,0.4997077455676464,0.9071958034640336,0.6800109769994452,0.8448939499889924,0.6313263373446062,0.9759043882363504,0.8905509457856573,0.8188717764800668,0.4548674991727082,0.8292259364047061,0.5000986427735234,2.872520813050897,4.98334733288502,0.1149880909918121,-1.4687552180097034,0.6269406789906129,0.196966180385958,0.6311520327123691,0.3847875809771756,0.7198093069307869,0.6412125514116475,0.7576763526875305,0.6285795425935321,0.7464057702313482,0.6581742314228829,0.7476086436469758,0.689771601068119,0.7359637698299866,0.6312562727298883,0.73570868722679,0.6664733607188624,0.770682730677635,0.6793002542434372,0.8290481508035521,hard
ResOpsUS_42,9466,1705,-1.2447901982738898,-0.1398139811183253,2.9251948076154504,1.183117654649223,-9.635721412632744,,111.16462844495013,0.9300190200934044,0.9300227825979196,1.000435422489662,1.0005805175318885,0.8599818133149897,0.8633108522657561,12.754850385435288,0.1628850480764966,0.2840641558249372,0.5792308886876812,1.1055967079253473,-0.0932200187991867,-0.0798450932618242,35.639937363195706,0.3629846551701183,0.4042843584098293,0.793572594086321,1.0910996706980516,-0.0526943325078168,-0.0255109661945613,34.973112635635744,0.3666481571876649,0.395710982254988,0.8331575711248456,1.0901828351383365,-0.0980735466671307,-0.0313907562645112,35.718964392831,0.3883477359678468,0.4064059225707189,0.8890768270543504,1.0972656827468408,-0.1414402977732956,-0.0679399565205409,36.41746778139534,0.4064059225707189,0.8890768270543504,1.0972656827468408,0.3554893738104477,0.3885030857864935,0.8183671077361204,1.092059565643479,-0.0998116859061633,-0.0320478896465097,35.74722296659411,0.3998804055574797,0.4196386128424961,0.8805796077734109,1.0951995685437734,-0.1069098320540784,-0.0429393193708336,35.86239310272137,0.3627019835242282,0.4073830082773109,0.7848886157928674,1.0931716443452335,-0.0441161212935448,-0.0210943497570728,34.830326446181,0.4114022346708277,0.4374411680344145,0.8583567764823115,1.0995594654441747,-0.0629640059209573,-0.0446942625050623,35.14329058702251,0.3132112994593854,0.2553894812931429,0.3447102823004709,0.2758412389622425,0.8190100434821991,0.8767051910258444,1.0975537836643054,1.1218084703999744,-0.183818808941341,-0.4060637781664364,-0.074416523086408,-0.1332516290907273,35.72558916736613,38.934920471524926,-3.144347572546815,-78.48327463352098,0.8665694673595263,0.7307981484541035,-0.1510697114009056,-1.9411113914179905,-0.0302967232520312,-0.6395146222570822,0.0089409393627678,-0.7834322824199991,-0.1618964170139136,-1.220394366110531,-0.0053460148645378,-0.7387211047508797,-0.1182872598063005,-0.9838419040540896,-0.0119432708084614,-0.6856149886977392,-0.0868054291520896,-0.9233657390007444,0.9300190200934044,hard
ResOpsUS_41,9421,1705,-0.3885761682129673,-0.2067346871665278,1.6865953108843288,1.0228483870275598,-3.543618051244936,,109.76302140724316,0.9076088029931758,0.907611291839702,1.0000015633868014,1.000678149232013,0.8152208335177151,0.6033601217874347,22.13510808268752,0.5723244380956529,0.8193227793181729,0.6139341860735834,0.965138624607987,0.6252436994351156,,31.523150586597986,0.4742220953717887,0.5458394105964607,0.7443675375745767,0.930483036730761,0.2431717197160019,0.1816956482779047,44.79750442251,0.5269233423168592,0.5792647487174404,0.7975749182945515,0.923793316110754,0.26943522390149,,44.01335853145296,0.7314757255806634,0.8497015548136968,0.778638540366923,0.9773115113741652,0.7153071157425409,,27.4753637757383,0.8497015548136968,0.778638540366923,0.9773115113741652,0.5168772451487972,0.5830343786413668,0.7702071617287265,0.9178871609353528,0.2834712056668069,,43.58850450060128,0.7454214217047197,0.8554364042447211,0.7921519475664879,0.9733390471148072,0.7255079447203785,,26.978638855650345,0.5048880026212139,0.5939511873787745,0.7308397289291648,0.9116088228702748,0.3092138731322389,,42.79834236543415,0.7459091659091321,0.8647594559779391,0.7863460504634059,0.9750172645808256,0.7396770702712673,0.6140843281957756,26.273102290541114,0.5156405245098219,0.7010116485890698,0.5656813397095203,0.7199644126656605,0.7891153926884616,0.8985758329343351,0.9612819781024192,0.9737846907175712,0.2653328143895171,0.484273802061405,0.1714676612814261,,43.706587978495634,36.61939622959479,-3.432518817179832,-34.663162083165204,0.7482147140635904,0.5647200124020628,0.3553884079721814,0.164425342669945,0.2655126649302755,-0.0297753982571156,0.3771851430026108,-0.1243725536664457,0.6103175644967179,0.5244015659322279,0.3661644923346563,-0.0390481522918768,0.6243848920733408,0.5307189563265973,0.3986700987631218,0.0912331934035109,0.6913427595528934,0.5720569545527684,0.9076088029931758,hard
ResOpsUS_182,7809,1096,0.6867545831399675,0.7678649807019161,1.2098289286936603,1.0144168194330268,0.3941762413404842,-0.0053361463847543,174.3427550408702,0.9706589433602408,0.9706601088097004,1.0000960068864948,0.9997567463120902,0.9413145439189452,0.9456472703233374,54.26202487339846,0.9048183008961947,0.9709920408858892,0.9110615841914378,0.982448579949626,0.9390734347294424,0.7738687916078726,55.28841016063521,0.8332955925870988,0.9177544814971932,0.8724516435527225,0.931025722876646,0.8377430224092582,0.6467535808440308,90.22615392211482,0.7168058227933454,0.9115105954306976,0.7534791915895104,0.8923150042793189,0.7998378328709782,0.6638323942541218,100.21246646514436,0.8750370860572542,0.9548924226333146,0.886647497432842,0.97293994665687,0.906780778331936,0.8783061943335343,68.38856488852312,0.9548924226333146,0.886647497432842,0.97293994665687,0.7928191625556243,0.9183519032745088,0.8321494573346584,0.9100906955192736,0.8317289694569986,,91.88305601128629,0.9382755361495392,0.960245866957764,0.9564473611951352,0.9817603180723988,0.9218844168291698,0.8598204492614403,62.60364120314647,0.7148817542313826,0.9065483370275288,0.7520215384839847,0.8948054973774604,0.7921876894479293,0.6640331421480057,102.10955643029077,0.9413853787632612,0.9414876267812486,1.0033901400227137,1.0006949486760042,0.8825667786901151,0.864913611751132,76.75845791810339,0.6789841401249895,0.5485206623268716,0.8782392464165871,0.8160514685773291,0.7223357258266027,0.604611192486851,0.8945104174534176,0.8831059410126443,0.7410115964398234,0.6138819309621049,0.7060450358977735,0.738039396533301,114.87771800922226,140.26706296787447,0.4769530598041746,-0.1549004026658351,0.9442426457632004,0.8931930881627548,0.8608898399470697,0.9054546645434666,0.7726153942209313,0.7535326727710542,0.5882863199975914,0.663720043106321,0.8049076977497049,0.8168292046310561,0.7194938908692576,0.7459173992178545,0.8977730283014074,0.8578426670702325,0.5720698487727564,0.6450127213829637,0.880141262214336,0.7602353516329319,0.9706589433602408,medium
ResOpsUS_530,9466,1671,-0.0768464457869824,0.543001190294654,1.8876542471660995,1.4035099666921975,-1.802418983264652,-1.834076211226836,4.2497803861306895,0.9904319042169027,0.9904516167271068,0.9999403955015882,0.9993890326586278,0.9809037051877908,0.9761120023379304,0.3508120561543852,0.6628858789791542,0.802545784893515,0.7281712018120947,1.0276923816971115,0.6371861601999843,,1.5291210866987142,0.8206134333432197,0.8397476477616146,0.9338060890451496,1.0460118468600563,0.692569057896989,0.4830474113573947,1.4075821237872996,0.838327678280257,0.8562244895751175,0.9302495558599836,1.0245238201466873,0.7265725164415169,0.4790030948057044,1.327458759040949,0.8429625061179803,0.8811113644061963,0.9086029073858553,0.9533862866414768,0.7717423761195427,0.5309139458751226,1.2128653827556923,0.8811113644061963,0.9086029073858553,0.9533862866414768,0.8537930067999729,0.8759670938145078,0.9299032301553248,1.0328445718668438,0.7624932974770133,0.5108826795760313,1.2371942410181578,0.8684872317066945,0.8920629063345259,0.941122040197506,0.9533247615462416,0.7895001609586569,0.5591972019845713,1.1647315474493336,0.8563827838176101,0.8749869560446486,0.9415318538070367,1.0397381366668716,0.7583693502597811,0.4990030820392711,1.2478890261194076,0.8674239335761447,0.909880535744846,0.9074380666518536,0.9702143651126948,0.8263009379914614,0.6538888956429413,1.0580317277807627,0.8043665178976329,0.7520112583022711,0.8332434415053739,0.761135512047533,0.8984248820251897,0.9438715769514016,0.9878671962461726,1.035941237181074,0.6897832402599959,0.5436288827959412,0.5013551049777528,0.4852978296920663,1.421720601361453,1.724410678003524,-0.585131856632974,-3.1548029480313438,0.9795094604178872,0.9759743718216816,0.3542774352866801,0.4941889744175307,0.6972606933867973,0.6889596270344125,0.7209380320683182,0.7487927022428676,0.7331278564403909,0.7985620776153276,0.7272757542697769,0.7712548304076693,0.7757883145549473,0.8207305453300778,0.7395408586210159,0.7956288482420887,0.7551157389213163,0.8363957582830415,0.9904319042169027,easy
ResOpsUS_132,7799,1065,0.3202950264707351,0.3990809432580837,1.3064915935385937,1.0834148750223704,-0.6701861404786613,-1.206259148485901,320.8634854243791,0.973077328785567,0.973077604996876,1.0000548486245464,0.9998910768866625,0.9461522433437316,0.9056563339152304,57.61315604298088,0.6355531654877422,0.8772566139787737,0.6590342961545391,1.038703296697035,0.7206540798611614,0.4062173551505763,131.22271692557942,0.717266268884194,0.7800845544066561,0.8368292389125198,1.0703623637058786,0.6010017458918673,0.6066675942806417,156.827910693117,0.7332028024462713,0.8004769981852685,0.8330792876077255,1.0592350584014023,0.6366457706469137,,149.65904474249038,0.8697822840904099,0.9122535987521784,0.9177248440263056,1.0498800693090058,0.8300106294611415,0.741899083248535,102.36435207885827,0.9122535987521784,0.9177248440263056,1.0498800693090058,0.7306689397470996,0.8151049049964005,0.8105862303358855,1.0497538714291776,0.6622204698125616,,144.29607655256245,0.8826389881570449,0.9355358231075368,0.9116594829270414,1.0425902575909298,0.873077994237663,,88.45172812718229,0.7494231394172294,0.8181773136586533,0.8393054767026276,1.0625023517426646,0.6655666909721007,,143.57956128977682,0.8698795427454734,0.9262521298610724,0.909091235625842,1.0568170890319348,0.8548380658353141,,94.59413976749973,0.673347123316058,0.7491930746322886,0.7120926693906743,0.8358981250010865,0.9753381505086844,0.8127480125093166,1.1523261763682615,1.0301890976187542,0.4169283776456063,0.6973708211673866,0.4028341212377616,,190.7308827643331,137.4090907853421,-0.2470349320396068,-1.4058764433573718,0.93420853605445,0.9193241737568072,0.5273253453540405,0.6451900651967382,0.6166137006440046,0.5483284605010863,0.6345858033616841,0.5747957365493137,0.717790381210531,0.7231319688998139,0.6613025876043936,0.6384930895446186,0.7646059797367315,0.7992135100441249,0.6578047603154611,0.611616791873218,0.7359654716539273,0.7695587632509193,0.973077328785567,medium
ResOpsUS_419,8363,1851,0.7956941661621678,0.8064205073346216,0.942310517490469,0.9693442115193702,0.631507361605557,,2.914397064504906,0.9924477332504976,0.9924477332504976,0.9999999999999998,1.0,0.9848954665009948,0.98570712538337,0.5900488538409024,0.7108686044086656,0.9503917988686756,0.7200838357976708,0.9472465042356302,0.8491942707067095,,1.8644177689515489,0.7404933518136265,0.9439123081575118,0.805017323064999,0.8381988041701506,0.8621910519488012,0.8945954356848911,1.7822680491481149,0.7195833554283964,0.929387147735476,0.7797609691413465,0.841437428961603,0.8322609073457933,0.8659139223172259,1.966307598459257,0.85188420742102,0.9793868831048578,0.8738532284610195,0.9251643169774012,0.9460317199411072,0.9656510094498372,1.1153305587225153,0.9793868831048578,0.8738532284610195,0.9251643169774012,0.770171406337779,0.943945891855816,0.8280906396571937,0.8581328394185548,0.8703175779577619,0.8741172722516736,1.7289198848859912,0.8654797728473761,0.980697228968922,0.8871423670403553,0.929386621476795,0.951207510789862,0.9668411690340192,1.0605003107675666,0.7125260771418503,0.9310479796878808,0.7738445974710191,0.8364744389238028,0.8324465587985976,,1.965219155330013,0.8483379714182164,0.9804536416028472,0.8701525349010678,0.9241122763924666,0.9470359493829336,0.9676941585916824,1.1049049232400154,0.8323954481107866,0.8074075093721595,0.9286955702205172,0.9385548848275111,0.8635906934433955,0.8382418240926607,0.9336715355782064,0.9154384378407974,0.8566076631896598,0.8681746210601106,0.853059752163965,0.8711876548858002,1.8271328609627704,1.751889345985974,0.6326324198760478,0.3847221665720176,0.9681405439667288,0.96045813747884,0.5008068781553217,0.6658620741122632,0.6919785952253931,0.7096574252412449,0.6274102397424617,0.6074107676215834,0.7698401819344746,0.8451943382261049,0.7535794869354808,0.7786013525478404,0.8026032330920122,0.8479609142020558,0.6013409043462818,0.6079494201058261,0.7543086529159757,0.8392334891957283,0.9924477332504976,easy
ResOpsUS_493,9064,1854,-19.864750411587984,0.122745160433883,19.90392775770663,9.786907818779456,-523.998079566291,,11.952749588435305,0.9278652870676144,0.927865304326148,0.9999727444904012,1.000041797316139,0.8557345370422212,0.9106727029376436,0.198139083847696,-0.2474174444371,0.1387054076476982,0.4809671234575173,1.7381238235815883,-1.0344216260603476,-2.1432419722974165,0.7440625488225059,0.0807384509153696,0.102729008469837,0.8016150241559915,0.9757108101550408,-0.4789025203628938,-0.3216294451969201,0.6343935199850228,0.076998844769809,0.0839269110858654,0.8871255926239847,1.0007723231814645,-0.6380854209313571,-0.4629618709445107,0.6676628873304775,0.165116729519002,0.1916969271592297,0.7910677224314222,0.9951501386388488,-0.3225380695035162,-0.21548301286301,0.5999196051622446,0.1916969271592297,0.7910677224314222,0.9951501386388488,0.0765627014178167,0.1015825852374935,0.7866686010701892,0.991496618621716,-0.4591481188074962,-0.4700132526077893,0.6301423285779161,0.1732485127778729,0.2030693818515651,0.7806238772922778,1.0171385024806436,-0.292836918954896,-0.2491271642945756,0.5931449490102995,0.1015724559052801,0.1072508897867063,0.8992828721415886,0.994790551142907,-0.6158585565818451,-0.5469810970613807,0.6631177222425664,0.1443967101474816,0.2162427598288331,0.6568745366347971,0.9931813141923594,-0.147475352186517,-0.1161283085702491,0.5588054672462347,0.0855102987354453,0.1779998214602788,0.1104750943414955,0.20928006992677,0.821819667993224,1.224434612752499,0.8847237005359809,1.0086827589483782,-0.5166988580502285,-0.9868704740891988,-0.1330506334897732,-0.4536078597717412,0.6459750422580568,0.7393512936792686,-39.99035693832253,-2932.9205872274274,0.781178764865375,0.91198322147045,-0.4885920645515822,-0.974596365764602,-0.0875026215544838,-1.342818457898313,-0.1815606570578543,-2.3773131253514794,-0.1329867053642672,-1.4477297346080356,-0.1186396934225275,-1.2758528107041505,-0.1505710776627737,-1.430795508166148,-0.1298521604612867,-1.3250220934780894,-0.1457193890967709,-0.8528585660343184,0.9278652870676144,hard
ResOpsUS_470,9079,1854,-0.2976269551153063,0.8161016346657134,1.453929245013469,2.2016510917860894,0.1195324319652735,-0.7722278749993052,6.427428407047709,0.9667719425833262,0.9667719426308068,0.9999998805980392,1.0000017723183623,0.9335438931962892,0.9774785918661943,1.765826434342962,0.6624974525789055,0.9108504635457552,0.7104852086302827,1.1488002528353718,0.7873607266618106,-0.0716964555125829,3.158655819515306,0.6902359003631451,0.9164762357714054,0.703357885566001,1.0313214651164944,0.7944143704778969,0.5380374389611443,3.105824726843924,0.7809040447490242,0.92947751453798,0.8182980212038209,1.100070013256468,0.8505989804102732,0.5143147940501464,2.647630325981546,0.777606541146757,0.9436507848045664,0.7879862266228694,1.0365209034110408,0.8661163414649337,0.7097693800219442,2.506365200213968,0.9436507848045664,0.7879862266228694,1.0365209034110408,0.7532881889479717,0.9228434652848286,0.7819338017687754,1.0857946388319135,0.8310725735232161,,2.8153386927606,0.7572943915337064,0.9342966934596794,0.7674215534284722,1.0222790053870785,0.8450149899441182,0.7067243540255506,2.6966551621139327,0.771463096159295,0.9322270812573312,0.8118791314466868,1.1106638455727178,0.8533791789188392,0.5519808610338461,2.622879808380425,0.7939768891253411,0.9479859754175376,0.811583571275082,1.0651100057422425,0.879661752546186,0.7042461698435704,2.376196803715012,0.6783659425724453,0.5804717151332244,0.8275286009158739,0.7102378248815009,0.7476126360453701,0.6978306490116339,1.1000135086441267,1.027120969693659,0.6774427205339227,0.5042121846462697,0.3869876742651928,,3.9196313177213065,4.859479113890321,-0.3662456562340581,-0.0375762745774388,0.9553136448483404,0.9115042192446772,0.5548998063068655,0.763807950408437,0.6109733545076625,0.7486712022116417,0.7529957192475829,0.8289772583665755,0.7169259459953679,0.8365315393329211,0.7095689324297546,0.7945286053798414,0.6915430139745472,0.807079907422175,0.7418917896388539,0.824973784775354,0.7448304937330494,0.8550902327305392,0.9667719425833262,medium
ResOpsUS_442,8649,1854,0.496189302770587,0.6686053724210264,1.3767247434443377,1.0456211259328252,-0.055868315583353,-0.1737488610558395,0.9520971305820468,0.9900518003469396,0.9900518291617724,1.000010570918259,0.9999785159065456,0.98010344756355,0.9884026788009884,0.1306969018417223,0.6468455659913944,0.8689552764570866,0.672639765533621,0.9804907308794684,0.7162749587611665,0.6879743810915087,0.4935432439605775,0.738795264728437,0.837190441055322,0.7978944657607879,0.9704311942343048,0.6987268036657228,0.7435153172322717,0.5085768937650182,0.7651590147066238,0.8426158892384703,0.8258066108524508,0.9939013746912334,0.7096927439192297,0.7237826788579467,0.4992353424642409,0.9265087806375084,0.9657873209301976,0.9350024275234828,1.002401559162798,0.9317933704575756,0.95277188387172,0.2419856830814288,0.9657873209301976,0.9350024275234828,1.002401559162798,0.8466754723586225,0.8534991891481966,0.961534865808537,1.023798248839954,0.7163895753467477,0.7428691974067585,0.493443545401466,0.924263442040668,0.9681965531669678,0.9318616757712144,1.009040782729313,0.936026675008252,0.9543778871545132,0.234355871761369,0.813052416914792,0.8620535005325889,0.8739709704267771,0.993929924965868,0.7429682157697228,0.7570023515234721,0.4697532493633478,0.9364882286762148,0.9676400453993584,0.9460171484979656,1.0085105921438235,0.9358086059352356,0.9526192747434556,0.234754962242374,0.8210389145302169,0.854657759819496,0.9004526145674926,0.9150130429322888,0.8516862681739782,0.8822529962933292,1.010973837884427,0.9938986044908076,0.8083506899772308,0.836149042934389,0.8261356572652369,0.8758203428459405,0.4076463504086586,0.3769245454106901,0.1653123232381373,-0.5857044818506949,0.9811128811924446,0.9631968514792284,0.41485409692715,0.5513528450173921,0.5813295939172902,0.4525556296322544,0.6168967519611743,0.5089152414805598,0.8729208618079576,0.861599181683183,0.7439177849151435,0.5096753002665688,0.8845743200739986,0.87062185311503,0.6766766272815905,0.5501868744357059,0.8894022603930991,0.8637158229841982,0.9900518003469396,easy
ResOpsUS_1872,9253,1616,0.4207574712499046,0.5627993231813544,1.3793865505985643,0.9789448218471972,-0.3506097036693583,,240.02885282397577,0.9605587443492272,0.9605834350099478,1.000865295490789,1.001094675937544,0.921096452872136,0.7742116573735693,58.01586614459914,0.7756806097752029,0.8349484337554183,0.8575583976617666,0.9472026588325532,0.6932442666567331,,114.39179133591112,0.6928270041986351,0.8653911975628652,0.7362098004321881,0.9184497071249912,0.7241420838577828,0.7029921537698393,108.47789327380502,0.7206188019040949,0.8767275033913391,0.7617977411879623,0.9217860030032088,0.7480172134241241,0.7264502434960574,103.67736569775904,0.8189791279268634,0.9066745671446752,0.8460643708828571,0.980954218398959,0.8179448956738593,0.7681771114517504,88.12516570229366,0.9066745671446752,0.8460643708828571,0.980954218398959,0.7294342972468442,0.8795733192320013,0.7718165117216935,0.9185413617677312,0.7539838208587335,0.7299342919797053,102.44254313433004,0.8187267554191912,0.904614566618851,0.8477033614654813,0.9761810539563506,0.8144000152711941,0.7699133458343834,88.97899265970862,0.724432626018066,0.8837180369429795,0.7642011048698765,0.9174484177842864,0.7584018281265841,0.7327595181789788,101.51853421800956,0.8120916312778612,0.90838887729366,0.8376377555412814,0.9764318264045244,0.8194904410652837,0.753407781579087,87.75030187688188,0.7629473930518024,0.8387411295039733,0.8389626003021047,0.8724991349499865,0.8328701882553663,0.9079709185889736,0.9517452553039571,0.9642424707258004,0.7004726417346179,0.7581578247810246,0.6543756532072771,0.686737037926207,97.44587147785909,87.56110145732573,-0.2700067924366962,-3.055535442031455,0.90467057144579,0.8129797801071343,0.645087210992249,0.4014733820382971,0.563221094501217,0.3744376042055397,0.6231907921751978,0.4057936636266912,0.7070994234319216,0.5827960230557268,0.63949478003994,0.4201414762565265,0.7024482603344049,0.5683356748175996,0.6140857271474992,0.4374255206466838,0.698811369690197,0.5502891240654664,0.9605587443492272,medium
ResOpsUS_448,7445,1854,0.812124982566068,0.8379381791441646,1.0943513258713986,0.9885625307431888,0.6363471286539975,0.5073426509906844,1.3736807689227897,0.9862865063165522,0.9862865896040612,0.9999848726653529,1.000045337426808,0.972573593158092,0.9892187653444428,0.3772478425858875,0.9351050607147632,0.9813782001267884,0.9378369795648256,1.000583613478881,0.9612072151673924,0.9303256288892612,0.4486604489491563,0.9175963694051394,0.9647711652056836,0.9275787803456218,0.9825513760421826,0.9292940897414692,0.9241448957852152,0.605717563368158,0.9283484110336842,0.9674761489996756,0.9395119858476376,0.9795708673358318,0.9350827464639996,0.9258073019273524,0.5803932817390757,0.9737348158432632,0.9898387261087156,0.9757804731943536,1.000151436469103,0.9795830612422242,0.9718897708494872,0.3254899778996019,0.9898387261087156,0.9757804731943536,1.000151436469103,0.9472734014359364,0.9626084837735088,0.9633330453716265,0.993876018558101,0.9266015061295688,0.9286029866759102,0.6171431060402356,0.9700135290903352,0.9869625220182182,0.9778676461546418,1.01547163594306,0.9739289327655314,0.9715645170579016,0.3678084585915154,0.9303480359804426,0.9682821377511696,0.9409909631947098,0.980939389268498,0.9366989544874452,0.9312376967056696,0.5731228836888808,0.9528258730529122,0.9886193203582464,0.954368647935923,0.9963043142833862,0.9761902950681662,0.973997455332136,0.3514951318200983,0.9244529824660532,0.9401154189466108,0.952779374420412,0.9403108819741256,1.0358633401329371,0.9972497891938495,1.046812233579013,0.9960239997793088,0.9001086588106569,0.8809369108416877,0.9185747453512312,0.9464527764107205,0.7239674922399435,0.7903941494608016,0.5804686695076129,0.4493700358187472,0.9595716113373384,0.9338128983552162,0.8063185473933054,0.9299011537200486,0.8167279072154464,0.895040941783426,0.8452085053296741,0.9091840361385376,0.9238677648895192,0.9639074754237678,0.8745002056547256,0.8996301492857184,0.906938397634333,0.9545949739088015,0.8492091660960182,0.9045500854707972,0.8821432227224373,0.9519027296077364,0.9862865063165522,easy
ResOpsUS_777,8808,1096,-0.6475348552348508,0.1633365396066035,2.4192019340017805,1.015206044254649,-5.0623595792700495,,5.400626372667645,0.9818804983463348,0.981882183837132,1.0000947518502714,0.9997717462978216,0.963760900579304,0.9518325074433656,0.4175533621215114,0.2306803110053872,0.3258643835136586,0.7863033052322224,1.3028657740727327,-0.1493456009183418,,2.351519614735498,0.689429109666517,0.7642619598024504,0.8715223389208255,1.1561260546160557,0.5610242801600704,0.4613792997337125,1.4532607244677045,0.7356318922428898,0.7805521019718019,0.95356879589819,1.1399187611999786,0.5700364557118122,0.5093090632234281,1.4382656350232863,0.8394510688966176,0.8699968303240901,0.9209815736851272,1.051295452579895,0.7530463985741599,0.6996746882509972,1.0900112209483628,0.8699968303240901,0.9209815736851272,1.051295452579895,0.7210771776358701,0.7904975960692734,0.8823570012054104,1.14165736273641,0.6069256328691872,0.4930220754115954,1.3751834866311796,0.8443758821256862,0.8917884846632989,0.895030047362272,1.0386062566940433,0.7945689066990815,0.7098807294728428,0.9941602063077902,0.7015363276113078,0.7671997251629804,0.941879876842213,1.1775011184631703,0.5431308427697285,0.4785220679460175,1.4825836515767483,0.8523525079349751,0.8829364891859552,0.9246337107185456,1.0491511829860252,0.7766917538968255,0.7169956556060405,1.036515180434646,0.2138412715601974,0.5815531304801858,0.4162502342784515,0.6630770542781735,0.4965116019739051,0.7563749059262862,0.8457884881883289,0.952803339158011,0.1552716384013814,0.4298847625287809,0.0966446149922463,0.2198356452298335,2.0349767611321017,1.6717919914245456,-1.6100840449677474,-13.353893322457123,0.9715596961752822,0.9553832503632268,-0.0703130459811272,-0.7837869346256823,0.531701415697979,0.1439877976071795,0.5048231182214677,-0.0050341282559913,0.5827164211440423,0.2260560933597772,0.621540837737953,0.2822358277048744,0.6797714357531299,0.4401239477519729,0.5667672582834339,0.0911103081223922,0.6557524220641945,0.3637199672588838,0.9818804983463348,medium
ResOpsUS_508,8760,1268,0.627596820166139,0.6831758636501235,1.192949080925831,0.9671785566069526,0.2032715874642989,-0.2593490584941842,1.0278078184524206,0.9396144791240868,0.9396167185352404,1.0004072244418922,0.9996765509980016,0.8791837435946259,0.8915462040674735,0.4002390433204977,0.6478974587127946,0.8154130399905015,0.7081418579923612,0.9312782514831812,0.6376573149288951,,0.6931329003395212,0.4981108386346877,0.5336151332799186,0.8223702201497429,0.946844118850144,0.1919520586594655,0.1957751440748592,1.0350833639081576,0.5754165272331709,0.6117705647103252,0.8401783861843259,0.936706377266312,0.3087464870008966,0.2686324027108698,0.9573603575145212,0.8104035487773562,0.849305013997054,0.8868052367210866,0.9793897822422216,0.7184975459438865,0.694130966780872,0.6109390104177942,0.849305013997054,0.8868052367210866,0.9793897822422216,0.5743570470816528,0.6326998592296607,0.7937163236713002,0.9390937208536304,0.3620240471071521,0.3203928735657697,0.9197269641197908,0.8265516304057742,0.8605484424118424,0.8976927195269836,0.986930173553277,0.7385948218985949,0.7126566891928263,0.5887268696235027,0.6097264713603093,0.6894729484343967,0.7687654513429847,0.9508374033412086,0.46103333551062,0.4742692620612184,0.8453522574925185,0.8441006018558246,0.8704133571198851,0.9150207303290304,0.9829574633646782,0.7546619421993198,0.7190545458321596,0.5703470845931274,0.6412159130612392,0.8490438762807213,0.6638667654244896,0.8555164171440209,0.8877268537523928,1.0046089700685183,0.9440070514622728,1.0434856639406265,0.3802612460556356,0.7034404643617274,0.3969397306812311,0.7035858119872989,0.9092348962378364,0.6289667896686766,0.1154805004495298,-0.9097806412428016,0.8149289500451351,0.6228152503972024,0.4328694433404222,0.3541853650783664,-0.1057729538820875,-1.1801235455463617,-0.0040901819269896,-0.9517642435156216,0.6437328479428921,0.4817781167797307,0.0055633025624178,-0.9416294311783246,0.6724144394564624,0.4701008162278141,0.0324229498103626,-0.5378139192223892,0.7068152394734386,0.5507997807361705,0.9396144791240868,hard
ResOpsUS_368,9708,719,0.0687390623820982,0.0828832664444567,0.911245522771418,1.135153519144953,-0.6888258156191394,,6.709258685361087,0.9955566454115872,0.9955568982552454,0.9999799092072948,1.000042933019636,0.9911139736779376,0.9938907927025896,0.4866714899005883,0.7213138265831692,0.9020380934451738,0.7938777568272529,1.1599470818342563,0.7886528602974099,,2.37345113518287,0.7969527854303164,0.8782165796299147,0.8836198360022205,1.1133694283981364,0.7645427526427586,0.6806035817341366,2.505175402269434,0.8162442644738275,0.87905398137639,0.8970954481942722,1.0924601759436154,0.7679589705005146,0.6548039324671798,2.486935371779526,0.9243487451149536,0.9796611624245036,0.9416802411028524,1.0436835183328728,0.9572998097151376,0.913402365748107,1.0668344041636952,0.9796611624245036,0.9416802411028524,1.0436835183328728,0.8101004266445139,0.8777520848316877,0.8986254895346292,1.1041177402055151,0.7643683309877338,0.6329411114833623,2.506103120470085,0.9283280658616866,0.9808338967959708,0.9515205547275494,1.0491860754398508,0.9599161377934378,0.905379715113453,1.0336342413021125,0.7872636819934027,0.8764160345762936,0.8641795692721251,1.107408356686297,0.7619482055717527,,2.5189400834174887,0.9255652636224688,0.9813011210462196,0.9368095418581972,1.0346099394003148,0.9603486654946998,0.9053356389865148,1.0280423644404957,0.7690634535473826,0.9209544914046958,0.8839152421437837,0.9568871910368428,0.9114056329159056,0.934968462539372,1.178905158119866,1.012664014683487,0.7630386308836349,0.9150649195866988,0.6994709961497029,0.8889586485115448,2.543213627061716,1.522606284074322,-1.9575964679250173,-3.699525208887212,0.9746884328898218,0.9828950297748448,0.3722298948528846,0.6272852134109804,0.5579922374209014,0.6046479158593593,0.6472094535772397,0.6300548760558711,0.7917106451611017,0.8745639569272131,0.6426154302081117,0.6326645830731696,0.8084407016073791,0.8987824636499747,0.6144772026335297,0.6288290995442247,0.8151645023584341,0.876066037105899,0.9955566454115872,easy
ResOpsUS_549,9101,1096,0.3897731352352349,0.8497385390608292,0.6154345617385706,0.5506585446101644,0.5997768690109662,0.443319115996872,2.639077464060854,0.9910264731643352,0.9910265023669764,0.9999935291021868,1.000021959690338,0.9820531206643256,0.9922746290072724,0.5588503367674654,0.8961150267003579,0.9102868187815664,0.947622429996611,1.0004721797072362,0.8272280701788831,,1.7339542624979627,0.8079031020402363,0.934079236255304,0.8279651821176186,0.9455969435669674,0.8602561227742461,0.9161455621906612,1.5594355837392893,0.8786649320205688,0.9241689233629304,0.9125915934104656,0.9635086723300632,0.8535097790313201,0.9101328826130112,1.5966339608121456,0.826295973214657,0.9386863974795427,0.8397885159280982,0.9726867900296338,0.8711024039726311,0.9295073678793144,1.4976952568627513,0.9386863974795427,0.8397885159280982,0.9726867900296338,0.8983514288975729,0.924886330958974,0.9361419046201152,0.9752510124487096,0.8550836305036291,0.913225202066795,1.588033896655045,0.8432804262870748,0.9321553985757368,0.8606524471108598,0.9767536164930516,0.8636206754012236,0.9257593452256908,1.5405482791663685,0.8656675797469167,0.9332785976410352,0.8936853740923199,0.9521392236125016,0.8686768837312605,0.9211792572057792,1.511720963048548,0.8361049040909508,0.942924146768475,0.8487311217487221,0.9731359736165645,0.8799927839481021,0.929645924260048,1.44512271018206,0.8462413522244971,0.8241398178472235,0.9338654947199012,0.90471950749016,1.0493889651318735,1.071981767972874,1.129725398825019,1.129100954657157,0.8529892659272528,0.7848263127474866,0.9001839611634216,0.9005143888494175,1.6154468751007622,1.9543967803614453,0.347520302738186,0.191698003340211,0.9649812315742998,0.9546045262714468,0.6336551633606262,0.6335103753089091,0.6974222276105104,0.6705824396882722,0.7995906134709525,0.6599232091232106,0.7174149967800045,0.7014919905744132,0.8138050699790962,0.6625087818892921,0.7482661912253744,0.6884736849191098,0.7985118422688935,0.7005652695456421,0.7520471090073949,0.7329249312324332,0.9910264731643352,easy
ResOpsUS_338,7714,1134,-0.2759722500024471,0.0200608991899794,1.8162747773766397,0.9610124468750146,-3.22955882767656,,211.15644459387352,0.962191823883848,0.9621921118970612,1.0001244786735546,0.999920731560689,0.9243747809612044,0.9294374143476684,28.235151912689044,0.6756009326905124,0.9208085146134036,0.6856585011365647,1.0123646919014926,0.7922330174948914,0.5941194688660667,46.799915843028565,0.6097395832973913,0.6538537320123509,1.0476982206351533,1.1738126397916924,0.2013183280976009,0.4316167152218727,91.75794215337662,0.6766975400874946,0.7246069037586891,1.043740823307579,1.163614985574294,0.3602131905162939,,82.12482306829376,0.9536202274194872,0.9553530885918587,0.9936722079155128,1.0108487627713567,0.910954204604922,,30.638218898588317,0.9553530885918587,0.9936722079155128,1.0108487627713567,0.6485825083386576,0.6916920793776438,1.04951593817845,1.1612099605898358,0.2892428708760725,,86.56003396597161,0.9443267462836188,0.947696389167356,0.9864148442167596,1.01338981013984,0.8962074245666974,,33.07805386710637,0.7156061840818998,0.7435604174559056,0.9612275995299976,1.1166845491008242,0.4734632636308949,,74.50255118950886,0.945108009520746,0.9538516295149452,0.9705886838292004,1.0042933671459469,0.9095094251387394,,30.88577330668228,0.3920123511660464,0.846849207420701,0.5224719856403448,0.8644446408678096,1.2542652483092722,1.0572296538816557,1.2774259543348243,1.04248148531768,-0.4429651633890024,0.7058679757185513,,,121.7626346538038,54.97399130298652,-1.9814308395501072,-33.77203889206606,0.7807019914747804,0.5869578469575834,0.4422310175286559,0.5288948321857525,0.2629393462851305,-0.0940259526507576,0.3310112864088681,-0.3966120380238671,0.7788197840228606,0.6585629842488369,0.2369551235509421,-0.540960026878774,0.7008125335286057,0.5252900175479442,0.2979034861380786,-0.2997379914562894,0.6604576737816497,0.6344999821746067,0.962191823883848,medium
ResOpsUS_1735,8983,697,-0.3305634775338277,-0.0285715027493078,1.81627003020546,1.2148093789091188,-3.432342424517528,-1.0133842552960308,34.65549454898487,0.8694147549830162,0.8694150951663181,0.9999941943652708,0.9997019865463866,0.7388316493560096,0.8701570878306039,8.41231877815214,0.1238960406205026,0.3688036550002606,0.3950490524119556,1.0564240437378352,0.1332768685894781,0.0757200419813437,15.324829171059616,0.1144381628802787,0.1967451977803928,0.6617139188428778,1.156729120999744,-0.1933077099729576,-0.0221941626375434,17.981738254139383,0.104111187223478,0.1809135479214136,0.6785198905816958,1.1684181941710428,-0.233150656147743,-0.0795893578683992,18.27946655009678,0.1479938259119479,0.2278565131455155,0.6621744777113218,1.1248313777971717,-0.1467496631090727,,17.627460858159726,0.2278565131455155,0.6621744777113218,1.1248313777971717,0.1278553790455485,0.2369841455873361,0.5978161463087938,1.1291944023740448,-0.0847882215092665,-0.0337540903571991,17.144622574687112,0.1631310173447253,0.2659256422579238,0.6095926389825408,1.095218821140655,-0.0532299224072676,,16.893399125522834,0.1359023576721267,0.255358888724151,0.5831239930321345,1.1356051093764017,-0.0540650850924846,0.0203838182708765,16.900095640922864,0.1547653846635366,0.2999644135533174,0.5328954855914103,1.0786454403658858,0.0317382440194861,0.0744993582116357,16.19764355608982,0.1924132322368846,0.209602704803172,0.2772231045456592,0.273964645121414,0.6811015798992611,0.7514713661099125,1.1676118865734575,1.1892988797048576,-0.1042116898766469,-0.1758471399168399,0.0427565028227187,,17.549905366930176,18.110233186063518,-5.1093090337041085,-46.6188344887718,0.8026857836385237,0.6950782002123761,0.1022782222901149,0.1116082377543122,-0.2024033680782628,-2.274032276601446,-0.2188949092169108,-2.3215214618411024,-0.2337638322464312,-2.494458967912097,-0.0640890141731165,-1.1884506062532134,-0.0829535792575213,-1.5713255826608834,-0.1165117095047132,-1.6610639051972311,-0.0255799216393251,-1.089191962574081,0.8694147549830162,hard
ResOpsUS_518,7380,1741,-0.0238742883999436,0.5666423027642246,1.927597189044914,1.0091169934173174,-1.5311954078482208,,3.86502845456845,0.991128154577889,0.9911319817666848,1.0001076072656032,0.9997626932706144,0.9822619887493188,0.9885826168978796,0.3235506835131677,0.9003171072750792,0.9142664010544798,0.9861739963599184,1.0489415032176292,0.8283866705480323,0.8061090086819812,1.006387808779278,0.8826188534621048,0.9012263274585476,1.0321237344118412,1.0546823633602485,0.7921714764980059,0.8051500773420815,1.107496684413497,0.8995160533751513,0.9077602618957796,1.024292646581351,1.0316025563181814,0.8094791913763757,0.8262853179347597,1.06037887399647,0.9749943631335348,0.9798264833717948,1.0132623970401953,1.006513058167809,0.9589007897225512,0.9747768451810618,0.4925004108180557,0.9798264833717948,1.0132623970401953,1.006513058167809,0.8969887910918164,0.9074187759204644,1.01060126287608,1.0439048896376304,0.8108905749780003,0.8343965657379493,1.0564439143567004,0.9813652188706696,0.9820939642969104,0.9981951910239936,0.9951655799005624,0.9642266126203144,0.9754004454164684,0.459483469086421,0.9074277216590722,0.9145668093036692,1.000505125388998,1.035644655882979,0.8278134269325175,0.8416797241019558,1.0080672366786132,0.9809670507445972,0.9830081830924132,1.0067133236106771,1.005335035298487,0.9657155186815928,0.9757998200943874,0.4498198851768994,0.805460028855048,0.889048019295467,0.8380186915852739,0.9260636421673998,0.8969024555040003,1.0800585059113956,1.0312850190383114,1.0208420882817388,0.697841027760649,0.8334502737291958,0.7754046505285009,0.8996897651118843,1.3404818966230403,0.9952109997106636,-0.8633512247821438,-8.721482933393842,0.9692379238081344,0.939849010597915,0.5898181380229082,0.5407364580264385,0.8828707419432916,0.778221517546534,0.8880894669376752,0.7830266352948041,0.9369602970844548,0.8737002155495067,0.8781011896262507,0.7600562526787682,0.9441460548738988,0.8984887129382374,0.8879417471966917,0.7892911631226038,0.948058165903309,0.8998074817703757,0.991128154577889,easy
ResOpsUS_467,8252,1851,0.0921699399226005,0.5871639042139389,1.8060528538133984,1.0632500818618678,-1.1460275396382684,,11.781475105076602,0.9872759686552112,0.9872759759909724,0.9999923277756398,1.0000113056549873,0.9745521470033128,0.9912308352867796,1.2829436990164569,0.7248345395416229,0.810246829883522,0.8057675741989492,0.9554631632526852,0.653951858546518,,4.730970989994289,0.78598819863525,0.8838617052744302,0.8297815481554335,0.94221915305864,0.7740317810768809,,3.8230123916235073,0.7939149716850026,0.8772027967788543,0.8437047983348269,0.9455601642811,0.7645854091173729,,3.9021028557349062,0.9640679626909128,0.9825647843206784,0.9687408568882224,1.0031607801749864,0.9652297215140652,0.9593591846924736,1.4996368685245782,0.9825647843206784,0.9687408568882224,1.0031607801749864,0.7966268723492619,0.8775170640826649,0.8485319036494753,0.9415536549691804,0.764842407606116,,3.899972341272444,0.9706043853624794,0.9829086923288728,0.977103107125211,1.0069080864708628,0.9660149715193984,0.9606622031565069,1.482606307950033,0.8057264751894817,0.8963460374463688,0.8471580403045134,0.9396891896450004,0.7963809117917906,0.765250971275894,3.629035934965065,0.9574859209255816,0.9825091510463848,0.9633649362433608,1.0126249445929356,0.9647545898195362,0.9488116541938896,1.5098482816285623,0.692141152282468,0.8144739573133467,0.8963095704263422,0.9257038484469428,0.7302148503907525,0.8432328454378639,0.8939748238241839,0.9342424633227004,0.7613590923382161,0.8445777489538329,0.7751727559648285,,3.9485624352792414,3.1865677816513043,-0.3225241634663889,-3.3201218589586112,0.9702952610020372,0.952398595295037,0.296715738791849,0.3703259104073241,0.7378278586190631,0.7237701784887909,0.7678749675578159,0.6805940786302624,0.91163708301574,0.9326392182411364,0.7738193891910724,0.6942009410851036,0.9194737864927424,0.9336411304307644,0.7550787365066169,0.7202404562075309,0.8977233850411931,0.9358339005688818,0.9872759686552112,easy
ResOpsUS_114,7748,1792,-0.5555979309408086,0.4473326444168272,1.686235719767563,2.282000098960652,-1.9284381022105164,-1.6972047445482112,2.440500173778786,0.9450263868022932,0.9450263872294888,1.000002140431297,0.999993489430742,0.8900525391046079,0.96374236439922,0.4728826941332431,0.7222787765706501,0.8371117302526391,0.79806134331077,0.9009178701462508,0.6956849826102318,-0.0404046387887646,0.7867242023042741,0.793856114814284,0.8579811017719273,0.95117094608438,1.141214933485278,0.720244020526785,0.6566260269249777,0.7543111153322748,0.7946167849965007,0.8413973999750906,0.9022467322431688,1.0864394522968157,0.7015480332215198,0.6974445091521804,0.779108676885897,0.8812385749889594,0.912139000831684,0.9203365486724848,1.0062012432936311,0.8319164664168723,0.8781233674982238,0.5846869535242019,0.912139000831684,0.9203365486724848,1.0062012432936311,0.834524355288825,0.8596824484376006,0.9838688917629927,1.0862146220960132,0.7209467507661613,,0.7533631274984891,0.8874556350184661,0.93136749501789,0.9126019264513472,0.9821845547638678,0.86697861850787,0.8634308474499144,0.5201415474938906,0.8180344041962067,0.8540405741977265,0.9048763150184378,1.0525243622638925,0.7258045098709119,0.6507632753073466,0.7467770662685681,0.8803143032452067,0.9118170176540588,0.9219960737434096,1.021536367400566,0.831139124042893,0.8680675166039754,0.5860374060589658,0.8011059390191533,0.7600805592197534,0.8641488482575868,0.7959717634871581,0.8793143222100364,0.8762768647913654,1.080859626761998,1.0250280359579422,0.7441180838429102,0.6268917119463095,,0.7213457633333675,0.7255344747221651,0.8761040831349305,-0.8174060542735024,-2.417563239959623,0.9116974358787816,0.8282837215595866,0.5415731327344804,0.6383408065467611,0.6485483717256477,0.6175196624111874,0.6462531352745118,0.5824421988303812,0.80033107904428,0.7508024523365873,0.7086016002679479,0.615150773841568,0.8225999044302005,0.8056877186652451,0.6587065978248986,0.6192599206791489,0.8050239884640441,0.7486039089324559,0.9450263868022932,hard
ResOpsUS_524,8584,779,-110.65486934642244,0.2497006638802429,74.73082735466778,84.84516680923866,-7071.272890808467,-197.1123224848662,10.57112943426795,0.9608531952964074,0.9608532017251415,1.0000047139864865,0.9999780658463292,0.921706034248816,0.9287170216454128,0.0351727261883759,0.1569088903448894,0.236866418317004,0.6712280269319316,1.1426139734110832,-0.1369731405378342,-0.1409676455189941,0.1340346201795747,0.1784555443257374,0.4270961562431964,0.5654549010247745,0.6026499837493249,0.1290427823893137,0.1753337422727653,0.1173114213246683,0.2382236757456782,0.4544236940712602,0.5802865747216923,0.6736714795720022,0.1675755061681489,0.2139928583221644,0.1146870312176182,0.2514941425891103,0.4477954159405289,0.6042729558039366,0.6857847514617336,0.1546335286107815,0.2022337709575734,0.1155751311447807,0.4477954159405289,0.6042729558039366,0.6857847514617336,0.2382725791135932,0.4625313015878212,0.5758835072347126,0.6661119011976505,0.1769206684131844,0.2240904323158848,0.1140414507696732,0.2376486615794834,0.4454311957143716,0.589541390267577,0.6757212091405176,0.1548463571113415,0.2031638696119525,0.1155605816972558,0.2232663892949146,0.4518310889979429,0.5666650660892744,0.6608145314693374,0.1660257783462116,0.2125804613005889,0.1147937382159435,0.2518708322276233,0.4549377461896949,0.5780643700607143,0.7091826770449229,0.1734749106306948,0.2196748472042871,0.1142799142972866,0.180056988493682,0.1425792233888787,0.3282995120391841,0.3334771099217556,0.6553112325906402,0.5641303816166535,0.6801333868421588,0.6822968351801973,-0.0223809157998726,0.0350943351929914,0.033253479067031,0.0586793467841216,0.1289939444770889,0.1253156710702086,-190.9040583823092,-27759.06087688185,0.8741277346001075,0.7483763608645271,-0.4527211630130627,-0.7805406532427976,-0.0211376662365607,-0.2810378247412499,0.0609321255464537,-0.0858634300995309,0.0349398204257654,-0.1753330249090963,0.1189672623633201,-0.038009351120223,0.037401661423472,-0.1823547283052939,0.0552966128743469,-0.0976378348636413,-0.0033969957289317,-0.1271985856206681,0.9608531952964074,medium
ResOpsUS_198,6657,1761,-0.0963625446280662,0.2863059944281984,1.7882459257468646,1.2670581513784482,-2.268426214056805,-0.2457645373531234,70.16636168238948,0.9440708242711195,0.9440708416041782,0.9999657708599998,1.0000276986108565,0.8881455098333475,0.8100722025595178,12.980347718962213,0.601296518609864,0.7503943337503893,0.6894035879225132,1.0138327962933933,0.559118050835375,,25.770377135517965,0.6108204846972343,0.7319896158554724,0.7270868284894247,0.9282397746795784,0.5289562393148749,0.6450435818034563,26.637302521333357,0.6095681032837716,0.741373036116533,0.712592285539927,0.945723253646809,0.5448991574207329,,26.18264003647465,0.6800564570823119,0.8508790388688172,0.7195544520743267,0.9615668859614044,0.7047902813482356,,21.08749247724245,0.8508790388688172,0.7195544520743267,0.9615668859614044,0.6111068775322805,0.7463588032489306,0.7126076976967859,0.9343519338423748,0.5501975009846387,,26.029782977743388,0.7047054003977979,0.8602159189310875,0.7446629442961387,0.9503784399839368,0.7233538116173859,,20.413710933106877,0.6304094011211752,0.7568235646532084,0.7288601422233186,0.9371859124361652,0.5667678894468878,,25.545825100417435,0.7107421722403457,0.8913357860775929,0.7354351343439995,0.956784130307472,0.7676979289920307,,18.70622509775494,0.6261826264039586,0.6658634395191125,0.7545986379128475,0.7492974819696877,0.7387540962802946,0.779227574607607,0.8938483251300898,1.0074178628741008,0.5536796749505639,0.5604752732907445,,0.5176611253314967,25.87630237966081,25.678552648428564,-1.276519280249348,-10.0508985590896,0.9662217736723432,0.9353207549833644,0.3341400594145023,0.3796220391102247,0.5176847951580705,0.5174340011218899,0.4536558667271855,0.4681742928541611,0.4645228195038076,0.5561613964912766,0.4632156412991332,0.443144686383904,0.5760538984561653,0.648461569566583,0.5075951699177697,0.4737980330964165,0.5055263234051044,0.6017406719409979,0.9440708242711195,hard
ResOpsUS_1713,8597,604,-0.8849697173699542,0.2669096091684853,2.7231566733318973,1.2154539241323103,-5.980798166283511,0.2910984376764111,32.30790261349554,0.8814107523581837,0.8814111186342863,1.0000213103855755,0.999706029681451,0.7628171472996575,0.7978998447498398,5.95522080136802,0.4460323374634534,0.4553582985900184,0.937629272684958,1.0797212681512176,-0.0278202679637524,0.3269229835546264,12.396948956926582,0.8111568468713003,0.9285879908137638,0.8301041465606589,0.9587997522860316,0.8518858629368686,0.7837089014104046,4.7060277163930975,0.8302919717560807,0.927576277698168,0.8536973369669322,0.9536195074646828,0.8540643126761445,,4.671291597840476,0.866031022871782,0.9360538667723596,0.8853772474858134,0.9731633928358042,0.8733356584319992,0.8091171236890868,4.351945111976017,0.9360538667723596,0.8853772474858134,0.9731633928358042,0.827417161582608,0.92880357773481,0.8541960410031553,0.9412027967188336,0.8557030428293229,,4.644990294348452,0.8682406607807305,0.9337364127208306,0.8893163798485271,0.9731896157700248,0.86959805823909,0.8002384491600555,4.415686715933908,0.817195146488864,0.932844531592344,0.8368611088810975,0.9521099202895726,0.8600528540270047,,4.574443283685287,0.8556491640127386,0.9328677732697134,0.8779769599121316,0.9620420538994914,0.8666429921241978,0.7912163742198566,4.465438841586736,0.8342257607228076,0.8032630550310509,0.8471137209093863,0.8267926694736017,0.9364044381094356,0.90683245217298,1.0079049719532849,0.9950548812416355,0.7096030896328008,0.6771696806370676,0.5501169758438016,,6.725969071665882,7.091629339280924,-2.289282413226012,-17.652176811184987,0.7673275416103235,0.6989767160383089,0.3093399689569933,0.0747032882803849,0.6701394959357757,0.7432022996915854,0.718198157593177,0.7591771092297513,0.7742667974351061,0.8014993320280964,0.735890914652397,0.7686440460044583,0.777680311492726,0.7824727546784287,0.698908187947725,0.7783213774907215,0.7640058627854358,0.7882701877450417,0.8814107523581837,hard
ResOpsUS_317,8462,1027,0.8905612894820039,0.8980530283883807,0.972496627720762,0.9712387265175706,0.8006159987426217,,6.710296917320266,0.992888395494599,0.992888395494599,1.0,1.0,0.9857767909891982,0.987333986090622,1.7922367555991985,0.9724110608624672,0.9912707773029318,0.993944566265876,0.974538618338136,0.9823430559599556,,1.996890973998052,0.9692793821810848,0.9720122348664496,1.0011971665971429,0.987390156458395,0.9438904011222258,0.9422882584462016,3.559714483818254,0.975303460378298,0.9763381613106864,1.003960298145866,0.9941388996149992,0.9524590453606164,0.944420454257528,3.27665361175277,0.988695113813318,0.9944188919303578,0.9915297682220054,0.995009322888038,0.98885030642186,0.9820203521432014,1.5868214032950347,0.9944188919303578,0.9915297682220054,0.995009322888038,0.972466804238376,0.9762739802280942,1.0076917832196788,0.9883385538833082,0.9520676827301392,,3.290112864518804,0.9881201867740698,0.99486130368458,0.9922137034240432,0.9926449100554704,0.9897196775672816,,1.5237016986692415,0.971849159151064,0.976746853573576,1.0038127539883552,0.9845979245295418,0.953203949637156,,3.250881832890543,0.9936878859833148,0.994839833242747,0.9963652595204728,1.0000642187158328,0.9897039651791176,,1.5248656627305006,0.8531138386430137,0.8845210952004485,0.9351972146210468,0.9168611480827492,0.9084054561386964,0.9538083540440696,0.9052024106838172,0.9345046520776684,0.8700131331396561,0.8374253591403993,,,5.463191355835337,6.109744882063738,-0.6991924038366255,-0.1824032288860158,0.943010305968631,0.9472077458290844,0.8102312916897174,0.9259441299797044,0.8067142547169174,0.6533426246789164,0.8584040242866249,0.7267442163848717,0.9473690444287518,0.951295570477055,0.8424097078626948,0.6711689313352777,0.9497679128600016,0.9509139200762584,0.8041838759258386,0.6504227846255795,0.9760034451372928,0.9611716127403204,0.992888395494599,easy
ResOpsUS_952,6907,1096,0.1261134459889366,0.1479513359093645,1.1917797386960838,1.0301879964283205,-1.0679810571377013,,4.310244214950964,0.9443579959492416,0.9443579959492416,1.0,1.0,0.888715991898484,0.9307838194905071,0.9998733177057252,0.7475442157674514,0.9163787000450334,0.8617861150787429,1.1940059875397822,0.8246716319930346,0.6665340849099555,1.2550316975451743,0.5561816511379574,0.6415423051851762,1.1056007259258738,1.2394395424707476,0.1777985368811026,0.495485434129458,2.7178014257579965,0.5960642795823852,0.660775696123716,1.0080666749778264,1.2191480473190444,0.3005767294105164,,2.5066785131209977,0.923180011015558,0.9354003344267132,0.9707302833902128,1.029520799531382,0.873445464700966,0.8927627814023494,1.0662706528929449,0.9354003344267132,0.9707302833902128,1.029520799531382,0.5637073475088098,0.6297818622187592,1.007005608199777,1.2307395296201755,0.2372144788847862,,2.617759955546035,0.9089670489845378,0.9316735632576428,0.9689823556903396,1.0515402944709824,0.8657698455508803,,1.0981297172476312,0.6190158529999382,0.6755358385006496,0.9984049813237998,1.199673193201568,0.3392891249354898,0.5760042653793265,2.4363199815106515,0.9205067696406778,0.9378686832621574,0.9886002984587314,1.0482588847586862,0.8762753945958635,0.8848729452501973,1.0542816271706157,0.5832333085534158,0.7432104866988858,0.6115663280663782,0.776873601288014,1.0720881082508085,1.067124986050382,1.1327292818345505,1.1079337787116663,0.1560667764309458,0.5154075043849741,,0.536838796579624,2.778522108513747,2.1054656324410006,-1.651678937368228,-5.8410416194375925,0.8668818499743498,0.7707970974186138,0.4644737940696036,0.6496382686729538,-0.0346066732484224,-0.5978227397004781,0.0742984573651869,-0.406626607055558,0.7676971848001402,0.6840983225370496,0.0163833109462555,-0.6569891935931906,0.7669129935977752,0.6454389500213287,0.0809939523612847,-0.31529168822457,0.8150522863165527,0.6876369849635281,0.9443579959492416,hard
ResOpsUS_595,6086,1827,0.7981548911960328,0.8331583102499204,1.1132012581003403,1.009527521919348,0.6156369968300235,,50.48292183922487,0.9944055951063164,0.9944060026348144,1.000045391122075,0.9999500076125384,0.9888114928483324,0.9820292482132196,8.613105480713319,0.9001875809885624,0.971062542066196,0.9077271693061963,0.9752842715463056,0.9383338524190908,,20.22074269567376,0.8306750653387259,0.8783538219716117,0.8957705224999538,0.9451423944270464,0.7681613498249431,0.7140969544675844,39.20727092761288,0.8405737555674551,0.8917121393405505,0.8966152540298139,0.9452089336812532,0.792093125663218,,37.128561093549855,0.934011185007704,0.9829455799372642,0.9407687081672846,0.9764346752995228,0.9638420078936673,0.940293341653074,15.483739167072663,0.9829455799372642,0.9407687081672846,0.9764346752995228,0.817429917746651,0.8771465936933384,0.883573631990315,0.9315618795924498,0.7646122106364523,,39.506236482936096,0.9399133144680704,0.9812798273525344,0.949821414781839,0.9727589556043488,0.9611706533114228,0.9379528784244568,16.045517765443105,0.8292728412764582,0.8926097959775579,0.8833243591954301,0.9367394147302234,0.7926223859810339,0.7128261597329697,37.08127262356373,0.9328688278500796,0.9845043249301552,0.9410701228710556,0.9718264679189929,0.96656020898384,0.944402745760478,14.890369379672464,0.8320122325159941,0.8863243259761615,0.8877838651229264,0.924015383844646,0.8856963431083837,0.924848774369255,0.9493827784374276,0.961259965685426,0.7854908984042221,0.8522427094573192,,0.8064656957064119,37.73816005342576,31.320762001527186,0.3840532809980497,-1.01714924857933,0.9719748526638736,0.9528209102167527,0.8046428406165101,0.790597312164515,0.4840957092765511,0.2474712580994605,0.5097766885954034,0.3242900098513255,0.7479995859905817,0.7389003772026126,0.4469212314034589,0.1871336426765359,0.7689674193070953,0.7420844549918675,0.4897712051817695,0.3105543334915099,0.7943367491673684,0.780216204925558,0.9944055951063164,easy
ResOpsUS_148,5415,1579,0.4191121721551731,0.4618617733323929,1.2145636236327548,1.0424307547765268,-0.3541421708500456,-0.800795608940494,299.23708286399454,0.9695220212567272,0.9695223267071588,1.000051722580909,0.9998737316158296,0.9390414900152578,0.8104884672931278,63.48928734675827,0.631151160236151,0.7516803847445405,0.7295518436480967,0.9647206859424032,0.563912651911678,,169.81264407939193,0.6344308793672007,0.6768058160912256,0.8487415209408085,0.9205822818227596,0.4253569148842779,0.343055462889213,194.9316564613449,0.587849369162249,0.7041877068805897,0.7327169893428678,0.8954867379063709,0.489615764225492,,183.70962332599697,0.7444525452329832,0.7685631314137414,0.8953325129111804,0.9719608373270676,0.5742264958418812,0.4010796026670441,167.79252004467466,0.7685631314137414,0.8953325129111804,0.9719608373270676,0.5926701249996293,0.7283311339798292,0.7155178949279566,0.8942475239206623,0.5247213964361179,,177.27904864287245,0.7402586351620216,0.7482819598142468,0.9387178914702072,0.98134234668877,0.5234863396790981,,177.50923745146653,0.5623193294754374,0.7683540056236084,0.6529947952351075,0.8677430890037177,0.5683315900849287,,168.95008497426164,0.6834715398744273,0.8205800314483664,0.7441353808413852,0.949680643712244,0.666244304027851,0.4441587429470475,148.55854043658988,0.8153514303781481,0.3515624382039941,0.837194483982056,0.6864013038640817,0.91439285633189,0.4665299421204879,0.9838483694162344,0.806255769954739,0.6948016005865101,0.4036065452598154,,0.461655225416247,142.79152998706004,199.60791370917545,-0.0112585073365811,-0.9382113845030996,0.952185514301772,0.9190994671265964,0.4143618890824915,0.3704661434850084,0.5002575942825114,0.1795777066994962,0.4734915727303063,0.3335258930518499,0.6010858879400476,0.3331389699145897,0.4770173303138405,0.389873924849512,0.5720827178924633,0.2365527499584242,0.4537342449158908,0.4501275688986458,0.5528699981598835,0.5237931962785585,0.9695220212567272,medium
ResOpsUS_948,6959,1096,-0.3481105235836637,-0.162307727891827,1.4488870980942288,1.5147262404856594,-2.635178485770828,,8.497154576819954,0.9678430704827862,0.9678430704827862,1.0,1.0,0.9356861409655725,0.9646755606931664,1.130219858625797,0.3663142480744401,0.6973729180444717,0.7800555327909523,1.5114674112831357,0.4147467432569693,,3.409436205288438,-0.2265224472588516,0.8616763862686898,1.8067891700303784,1.913408521219201,-0.357245285337213,0.6447894521557717,5.192061403798854,-0.2529145317931367,0.8697576122616861,1.679340889652909,2.0446663103882656,-0.1690507929760818,0.4371296286532271,4.818671711882175,0.7226595924483347,0.9342787899231488,1.140551572909681,1.229877531654516,0.8172495658393878,0.8484752884903396,1.9051968633318823,0.9342787899231488,1.140551572909681,1.229877531654516,-0.2918261064643501,0.8667841041708931,1.7098392234454167,2.0710725891832444,-0.243358811655697,,4.9694564317484495,0.7123253425466795,0.9275847871392108,1.147314934938275,1.2362436357478097,0.7983189423820647,,2.001442898832128,-0.0380442415955935,0.8822069870548931,1.627705064426973,1.8183196231936605,0.0567839002156828,,4.328289007776832,0.8476725374119094,0.9282182775455312,1.0804657956733352,1.107593196377154,0.8355447264259178,0.8564369404338109,1.8073179060557745,-0.0558502315818576,0.6600459058847465,0.792900991750912,0.9042337422696882,1.8492165249018888,1.2953386212538989,1.5922507966624158,1.1384655508850492,-0.576887419760101,0.6597684003951813,,,5.652862429963225,2.6257622225162485,-7.259851191365701,-20.085788822090453,0.73638130552207,0.7823980799104842,-0.0424214117159926,0.209599511243428,-0.6972548851718707,-1.097265161707861,-0.7007862749002958,-0.7539214291674579,0.6335637806593627,0.8258474763399735,-0.8327491306934021,-0.9585043242477348,0.6823780701832494,0.8316266087135338,-0.3366201476952497,-0.4425026053022547,0.8535948242427505,0.8781102746219229,0.9678430704827862,medium
ResOpsUS_471,6876,1854,0.54437360546623,0.6467239916296851,1.287358607912683,0.985285933116074,0.0077210090683457,,4.178357713089307,0.9784830377954984,0.978483038265814,1.000002053773377,0.9999959973087992,0.9569659881367424,0.9810627957321556,0.8701510268918051,0.9259698334149584,0.9589569417052192,0.9513202927022608,1.0377653151426898,0.9187614502561828,0.8015497286278171,1.195555661427771,0.8483536769484972,0.904881687011106,1.033209188544009,1.1133413588476688,0.7953294742698063,0.8210965622608817,1.8976511238103329,0.8451550108095303,0.9000072525309444,1.0320027471736526,1.113816718035294,0.7855178456012814,0.8001697537357518,1.942604100361001,0.9528839926264088,0.9627463990204428,1.0266737877080447,1.0109816398679976,0.9227280779277752,0.949561469433362,1.1660027560709956,0.9627463990204428,1.0266737877080447,1.0109816398679976,0.852534509537709,0.9103139147103884,1.0497805594398977,1.1059451409200032,0.8030925075324662,0.8149575239987373,1.8613148413937768,0.9569709595453288,0.9676228207533966,1.0281935044217132,1.0028884069841149,0.9326205607010924,0.95117980127954,1.0888107893061427,0.8505763833447704,0.9148931487001682,1.053478554801106,1.1105634896905052,0.8111496836313287,0.8267185557491226,1.8228359190246868,0.9587781575240636,0.964063276991081,1.0197969241788878,1.00398422257743,0.9263030961529706,0.9511018729160298,1.1387105405864106,0.8229557057020762,0.8380423786905696,0.8550276023686124,0.952419592098158,1.0982655995266637,1.1222790043926236,1.0259144364808896,1.0949432513075674,0.6715329101688027,0.8732230985628229,0.7988224818510468,0.8889462090610516,2.413798994824718,1.4995993282768942,0.06298454830295,-1.77402239451677,0.9239104018732368,0.8478665228008044,0.7598725404060195,0.7982393513468935,0.6161135338612742,0.4532856602895764,0.6815075610571061,0.4378262758495473,0.8555511658206028,0.7215892759445237,0.718158488872952,0.4635600001693868,0.878288593628831,0.7710109299368094,0.7203635036002859,0.5027464248279756,0.8253485574208688,0.711945054505134,0.9784830377954984,medium
ResOpsUS_431,6869,1851,0.8848143404596374,0.9025222816749526,1.0612967777964022,1.0029215793108424,0.7893308385859238,0.5120863234011329,1.613313941922834,0.9713582857230588,0.9713589052549028,1.0001001858983911,0.9998404653327227,0.9427120428504634,0.9468967217947156,0.8412984166940579,0.9370368610662648,0.9725921588736216,0.9444379840651316,0.9887737141300684,0.9450499815748996,0.8500301967197861,0.8239527827642891,0.9364868011216346,0.9511402589963184,0.9672325887992036,0.9760636488993442,0.9039866357325724,0.822162293504269,1.0891413518278084,0.897660068035947,0.9557610682671572,0.9223931331436408,0.9500645135171067,0.910528356182319,0.8274546124096526,1.0513833905842331,0.9439768639991007,0.976285533937735,0.9500436923746064,0.991023185687898,0.9523854295395306,0.9430491560211964,0.7669875935730827,0.976285533937735,0.9500436923746064,0.991023185687898,0.9301719866887206,0.9555316825195128,0.958918238975512,0.96520331776474,0.912137108886472,0.826178537682661,1.0418882695853922,0.9692446983179236,0.978774643604721,0.9777563338023824,0.9992304926654814,0.9579983296725932,0.9466754403837864,0.7203634752149125,0.908499921249874,0.9577618753992136,0.9309168733815404,0.9573886534112614,0.9152491865639606,0.8325998228644327,1.0232702344432765,0.9527456180571214,0.9800884810544418,0.957376862586677,0.9955529579348614,0.9600430404468692,0.940197451635293,0.7026104756337035,0.8580041655124628,0.9288928195088036,0.9338063704902296,0.9291395034273106,0.8979244111938549,0.9955311923788376,0.926775724011677,1.003879549113555,0.866675159668232,0.8588810433309745,0.7913892878646274,0.8195409284498534,1.2878634894734575,1.3249728328098778,0.6913042608495508,0.4244321057491248,0.8850069339452825,0.786222069973427,0.7646462256371235,0.8631655916839983,0.7400402754243669,0.7280344518653945,0.7551316120016522,0.7607233393518427,0.8192848067764702,0.8334912337343503,0.7906934086023738,0.7745511266057364,0.8617838464229098,0.8532816398358005,0.7125552608338054,0.7648381284406144,0.8182503456762729,0.8666692810900578,0.9713582857230588,medium
ResOpsUS_295,7849,1096,0.1880915561939089,0.1997154594054617,0.8672810881600831,1.0335509411052146,-0.4060855414582021,,5.556680415004002,0.9885551172221364,0.9885551172221364,1.0,0.9999999999999998,0.977110234444274,0.9796975275589308,0.708973856240212,0.6209114640657649,0.7200851251910371,0.7919318000094308,0.8514624455225922,0.506932963648189,,3.290504832301835,0.4926605840150607,0.789391337068446,0.5929037237562605,0.7824916186014819,0.570748621677116,0.6745290445011578,3.0701910234216334,0.5161873475689651,0.8128557992128342,0.6038813521219233,0.7947154473241334,0.6047871759527845,0.6775978125924766,2.945947904215633,0.836374838052014,0.9793684149494124,0.8421112420764186,0.9623347448946148,0.9399096625272716,0.917171033260387,1.148713883209137,0.9793684149494124,0.8421112420764186,0.9623347448946148,0.5089353345729204,0.8095206449229639,0.5940538096499908,0.7998255474323457,0.5972242748347634,0.6642865188647322,2.97400156358036,0.8628303574850333,0.9802757472267396,0.8667155274819575,0.9742761965135898,0.9478518415116416,0.9245091141962124,1.0701115136288657,0.504495609678241,0.8292238067098059,0.5806569559948603,0.7987253019429621,0.6140245224639058,,2.9113163875804235,0.8749573044322351,0.9818073504190854,0.8764031348966892,0.994659760987298,0.952827316561629,0.9256254282752152,1.0177821722574751,0.601459523511664,0.654796403597466,0.7517337645750363,0.863105581860993,0.7018046444992068,0.6890688610870281,0.909016937261807,0.9387850663162296,0.5601138347833913,0.7135321619940218,,0.6915360411441176,3.137448122083079,2.531887105766323,-9.126046974075642,-10.330082409326913,0.8979832545001986,0.853034622302727,0.1162724350419696,0.5916566756028454,0.1460840240439147,0.3082292337198428,0.2798112750325527,0.478560591957351,0.4767456794306766,0.8026645165609091,0.2174636324853528,0.4499276405160265,0.6447298322492867,0.82047798740979,0.0947572573953949,0.4098241847916569,0.5105158199327835,0.8061509353142828,0.9885551172221364,easy
ResOpsUS_133,6711,1096,0.7325731731577232,0.7631278307559851,1.123242361149032,1.0148325173512591,0.4524104538578314,,17.034827658744852,0.8866684665010838,0.8866685082701823,1.000064563278389,0.9999272051285576,0.7733223717354468,0.7323146749242391,10.960099575935253,0.8747251841285649,0.902027871820447,0.9270150863541632,1.02772082198819,0.8120828036229666,0.7140311772093545,9.97914727427806,0.8370776187937558,0.8580361396532301,0.9760571365252908,1.0762673189642,0.7151278992117674,0.5913974301294438,12.28669645360843,0.8607679314800807,0.8783484947632232,1.0130478054136558,1.0664547586847577,0.7479091078766941,,11.558161207159332,0.8961196018929448,0.9084815454597028,0.991714084946374,1.0484443309496576,0.8155185362116818,0.7183929501114547,9.887500941283925,0.9084815454597028,0.991714084946374,1.0484443309496576,0.8674583638581476,0.8837834705324474,1.0068136477370873,1.063360695973068,0.7609887797831981,,11.254321423028184,0.9066208170112174,0.916821838934528,0.9817905423830708,1.0383338100208708,0.8345301977955911,,9.364175484476284,0.8620999075131248,0.8817022899875394,1.017223330453536,1.0687418664409456,0.7532088053168055,,11.43602247150248,0.9042706309127128,0.9140540809331356,0.9945476983626852,1.0418053047884808,0.8268615981368337,0.7371048380453611,9.57870662871273,0.8124272669556893,0.8773504671933713,0.8481672967771726,0.900518569837832,0.9936572956895784,1.0194195146914615,1.1099551295565224,1.0690596510251975,0.6835657858575908,0.7910153945672069,0.4637184314840498,,12.993344678415628,10.559330653569576,0.1115586693858117,-1.677894555140548,0.7127693120930688,0.3918468468064896,0.6511043315913572,0.4468064780199182,0.535473507187775,0.1100732855164338,0.5774834184380463,0.0745307745043273,0.644301848030568,0.2875526091041721,0.6166033649074207,0.1903886190733149,0.6858554571996988,0.4203154329025679,0.6014611220096509,0.0729412422292432,0.6908757306799695,0.3788636639104487,0.8866684665010838,hard
ResOpsUS_600,3529,1559,0.6692147848426085,0.7240901438129108,1.1590080022091012,0.910506620026887,0.3268984691735622,0.3300216747546475,72.66803975315247,0.9967326684075616,0.9967326711725806,0.999997020515726,1.0000030316883983,0.9934653617967196,0.986344382365248,7.160014959482475,0.7401374395958704,0.9171637173021566,0.7881026171699335,0.8744364713845573,0.8082831209456756,,38.78227943544341,0.7377148202731345,0.8175476964083775,0.883097603313966,0.8522214424636453,0.6415796459723555,0.7942454560096849,53.02729677214532,0.7404484515980976,0.8521762435968553,0.8531998847593679,0.8451940909201913,0.7015039672086318,,48.39187366324805,0.9252244943015722,0.9698986790111956,0.9349995452476862,0.978547083900388,0.939011165531654,,21.874005797046607,0.9698986790111956,0.9349995452476862,0.978547083900388,0.7408286920655918,0.8462574518464787,0.8633242360033455,0.8423525094407627,0.6902459919609589,,49.29599345002949,0.9363995941091876,0.9736587911146958,0.944768645143613,0.9826607444028088,0.9468669370031896,,20.41670164270765,0.7591233174978768,0.8740302956524555,0.8575377916603503,0.8521564037409427,0.7411293392502901,,45.06553924101002,0.9246041771002216,0.9828777120896256,0.9319003971658698,0.9725445549793352,0.9626730066225012,,17.112547270612534,0.8517151682014384,0.8439945387566057,0.9209492450827618,0.8949882307972398,0.9145131479211562,0.9352852803718776,0.9081775212151604,0.9044895956969924,0.8390919587801692,0.7896273296692023,,,35.52979687036284,40.62548047022421,0.2304339255449843,-2.305575670373092,0.982223361692899,0.9797497880163462,0.6917237821564328,0.4557698553367936,0.5847995566243307,-0.295559303398363,0.5668229705233649,-0.3028496322184812,0.7152540066445994,0.5406844421486701,0.5479879962222921,-0.3678052984252984,0.77465337238896,0.6694707802455422,0.568965994461928,-0.1061397382208262,0.7957314410099338,0.71852428405328,0.9967326684075616,easy
ResOpsUS_169,3364,1551,0.3753878440129893,0.7269943542097181,0.8897462968129707,1.550865122971966,0.4756751851219959,-0.0251349304088743,7.604699934777261,0.725297335436013,0.7252980206240345,0.9999750092568852,1.0006130423669977,0.4506097379934971,0.9074137617433172,7.784350008456622,0.5909960826171099,0.7321070115887397,0.9454668787357589,0.695790056244353,0.4824200397876996,,7.555628615343766,0.6949698613342037,0.7155248179246146,0.8961889798230602,0.9633867733261016,0.4792197894226609,0.824930278425329,7.57895123550658,0.6367264970990414,0.6961483310155945,0.8048443203719674,0.9605530498739788,0.4726725235131274,0.7931452828109931,7.626443843988656,0.6682519653487785,0.6928897304413458,0.8749828454737243,0.9894761271049046,0.4469286562677492,0.8372985795013159,7.810385225732938,0.6928897304413458,0.8749828454737243,0.9894761271049046,0.6551338431839668,0.7155580588500102,0.8126658155764654,0.9458580423492498,0.5023388064426566,0.7932574619427996,7.408815242780781,0.6752487055943586,0.7070061594916323,0.8610850934895554,0.9820929792681432,0.4760895394978979,0.8098257927957637,7.60169448530243,0.6348050176738805,0.7016265979822944,0.805730592427742,0.9187590905634404,0.4808689679907325,0.8196648021800421,7.566941413786272,0.6529680560471349,0.6995120226926705,0.8334471794947378,0.9510275220231168,0.4711701306721605,0.8228533176252758,7.637300252623675,0.652547380318591,0.5856802831687073,0.7052082713586317,0.6545896148821254,0.8161744594081077,0.7904255601741763,0.9945842568186556,0.9081792628020428,0.4850027481297361,0.4093281733099374,0.6489589033153959,,7.601750387413747,8.141122272819594,0.6219744418224844,0.3210449630714159,0.5968948051367255,0.1806333343590259,0.6235623713850245,0.2982612021848186,0.584266565102989,0.2674629534315256,0.4852814931026776,0.2533925354718596,0.5287083340764896,0.1985229774462802,0.531217559238927,0.3065083635670286,0.5478311579623744,0.2521058683541363,0.5063740620401882,0.2650725442586176,0.5287825958140149,0.2453501433730143,0.725297335436013,hard
ResOpsUS_144,3397,1379,0.6301916915217004,0.7344750615013744,1.2572743340796269,1.0080379772808132,0.2661236788996335,,35.819830053743175,0.978670017964566,0.9786700201867158,1.00000160318304,0.9999903965302284,0.9573399719636392,0.9317270583906192,8.63619921205572,0.9551855397659048,0.9760857779858696,0.9654839738344604,0.9843446568459212,0.952589860005621,,9.10432394780781,0.7217571693956621,0.9370495152209588,0.7614693714463188,0.8713164793356052,0.8444505651709744,0.7871521725707519,16.490973817737274,0.7043004831269262,0.9082254648555108,0.7631411720805973,0.848627827476022,0.7999733867058779,0.7654166213733014,18.700618664492,0.790694159541345,0.9540848892170904,0.826242643102327,0.8927194408299819,0.8920002101115021,0.9211061993912352,13.74116449952496,0.9540848892170904,0.826242643102327,0.8927194408299819,0.6548194894957976,0.9095348764012438,0.7179789435241283,0.8227155676647363,0.7852781926468907,,19.375376947299205,0.754476272376813,0.9530385486160629,0.7948279125927679,0.8735842673601972,0.8805662475884773,,14.450258694839322,0.6880149190222598,0.9157446855566924,0.7475366249247677,0.8372180077945688,0.8058413498696713,0.7931943501836329,18.42427704180009,0.7277533115114135,0.9600195342467328,0.7679732852071002,0.8633126729591672,0.8816159647214284,,14.38661604386314,0.4982758897760344,0.3613432113417986,0.8463146128858969,0.7439877668433332,0.618373218307267,0.5718327130089226,0.7128260386760922,0.6012356528925343,0.6503275757703995,0.4969564734247935,,,24.968604854335418,29.947899462111444,0.3537604190120134,-0.5630292648599224,0.95303975972334,0.912040316080121,0.9218970386263766,0.913551816273414,0.6566256468842875,0.6940935405143478,0.6405162332553074,0.5905736572454394,0.7399179678553123,0.7653892141701284,0.5818099521239988,0.5597746906390819,0.700407529246859,0.7435423334060531,0.6265126456428785,0.6000153730251012,0.6644392717147141,0.743293345136329,0.978670017964566,medium
ResOpsUS_592,3468,1471,0.6000763340848956,0.6764697149686826,1.2349783368528493,0.9927698937490892,0.1456691974272438,,6.881678917037556,0.9808332328695464,0.9808332328695464,1.0000000000000002,1.0,0.9616664657390926,0.9652019243379796,1.4577088958420317,0.7693008518921287,0.8395087455216812,0.8397565646185257,0.9577306778997304,0.7044263434168349,,4.047755161843373,0.6638559852071393,0.9165052117790812,0.7307851314156226,0.8168476766347114,0.7989463085209565,0.6449936224109618,3.3383925216333745,0.4971736235226285,0.8797720175552427,0.552769964235872,0.8041304203582312,0.6595846576754896,0.6115842474928327,4.343961182362154,0.8753320193516377,0.9444354727379732,0.8930448399529587,0.9681365028849678,0.8891193148651183,0.8466329572679233,2.479187214435045,0.9444354727379732,0.8930448399529587,0.9681365028849678,0.643461223630225,0.8411923968755661,0.761848607846396,0.7874348131503442,0.6924952207051469,,4.128642778380277,0.8107802550637457,0.8847790254245238,0.8783618751966562,0.9120659025977708,0.7812843911745038,,3.481939830843952,0.3751752699474516,0.8406506380386806,0.4898723411623251,0.6762972106753585,0.5632080667605441,,4.920606972558751,0.8320247562560122,0.9418185014813304,0.8663441930524803,0.9165331142896688,0.8799667269882683,,2.5794801924072663,-0.0716900057769502,0.0367161935480913,0.4276490081310755,0.5406996551943851,0.2365530994675966,0.3235672085348708,0.5120628722301153,0.4906891286604863,0.098807546996576,0.1933933491051873,,,7.124654719830134,6.740404321890388,0.189125847642691,0.0663415600115004,0.9755601665643278,0.9511195967098944,0.6426644608288333,0.6611445920414833,0.6355128276200139,0.7822654173617025,0.3792084439550738,0.593667052174994,0.8248836819255201,0.8596242281036609,0.6124668732389722,0.6443461530040446,0.7926959173146575,0.7199626941226568,0.2460693923645579,0.4638284607350742,0.8167684928613013,0.8454641048832472,0.9808332328695464,medium
ResOpsUS_191,3270,1473,0.6355606422878576,0.7814835210057227,1.2819675364041907,1.0745714574869891,0.3560593282530988,,27.894780273821468,0.9925593707375088,0.9925595797276464,1.0000285826115702,0.9999521144394558,0.9851187315843482,0.971632953656024,4.240528552665835,0.4955077146456466,0.5614201600551679,1.2432980964876406,0.9455369279096878,-0.1519907880301145,,37.3099373517351,0.7157332161531096,0.8785828820139109,0.7430339811590704,0.9941730780295392,0.7535088976097273,0.6168811491548893,17.25840436282107,0.6912846452959207,0.8578546299775316,0.726070346609902,0.9921000629862152,0.7185006369499134,0.5764474193967603,18.44330400734065,0.8504141454338886,0.9519897302995748,0.8613586633519166,1.0291465548907424,0.8974329730117334,0.8004144601684396,11.132787009341676,0.9519897302995748,0.8613586633519166,1.0291465548907424,0.6837443692234637,0.8481463513029888,0.7238635151842422,0.9734155096180812,0.7033756739765646,0.6010612647993703,18.9323009265338,0.8766349174680605,0.95892576700175,0.8861771929200868,1.0240045737343235,0.9138138749164908,0.8119620529128797,10.205133593341335,0.6620198014573185,0.8528097308177894,0.701745259334855,0.9399188137951164,0.7017551973437854,0.6350198821082744,18.98394464190779,0.7877310939783122,0.9639657668901586,0.7958726409618614,0.9542655075468788,0.8994051257466129,0.860193206669688,11.025237224341994,0.7525099358261492,0.707975914422228,0.8593997837028767,0.8474271458899736,0.8016370867302542,0.7625845070101425,0.953793229055492,0.9249435250318973,0.7336017865274016,0.7066345241199223,0.7493655738945421,0.7988663972334797,18.04799972662933,18.93947444148594,-0.2797883437477717,-3.9420903086319994,0.99148629699541,0.9881719004116952,0.3979680985403635,-0.2752133580723517,0.3623436457555049,-0.0700058569603381,0.3039748772061187,-0.3268648488106256,0.5547104399558767,0.5327268680001862,0.3175118981562779,-0.5653423236719837,0.6240758197622666,0.6195304249288972,0.3694962453562899,-0.5886618375472488,0.4818164896147306,0.3524834143983927,0.9925593707375088,easy
ResOpsUS_605,3493,1472,0.5705667701489838,0.5953535872412982,1.0693882009102889,0.8740656634740813,0.118506274764068,,23.76856570017665,0.990851435340412,0.9908776181585376,0.9997640073350808,1.0006501479303385,0.9817591869272428,0.9711411562038916,3.4191287837613915,0.5978092443053602,0.8324150063112292,0.6859853205756565,0.812736936470144,0.6466402273798249,,15.048801582153713,0.723628361694344,0.822036499788968,0.8517505674061732,0.8492273871420981,0.6587632466765831,0.6691301971007971,14.788402531521022,0.729547680140337,0.8362828652202439,0.8473419338535877,0.8482216354765336,0.6829334107415663,,14.255045344477027,0.9402331773009888,0.9742707745263508,0.951288496113302,0.9768209266544722,0.948294892006525,0.9101355187935812,5.756520922245967,0.9742707745263508,0.951288496113302,0.9768209266544722,0.7269736812312468,0.8357653262455446,0.8450256553143705,0.8465291716108755,0.6817387654943117,,14.281875215118191,0.9434652654728128,0.963303073050714,0.9705795112487624,0.9686320768590492,0.927203086579742,0.9105885077060676,6.830458319029217,0.744731701613085,0.8523239059987247,0.8508783798210211,0.8546851080684643,0.7115004536975675,,13.59771486098026,0.9217258680658922,0.9785396763485172,0.9437666450237172,0.9499589765599954,0.9545574643354848,0.9214917022272902,5.396654824621588,0.7101217203900227,0.7639775185581862,0.8538102971311953,0.9270116286495363,0.8197692575505285,0.8729549381168604,0.8262908544696538,0.8149625398880881,0.7063074747576564,0.8320035577632847,0.6627599778039177,,13.789966005173202,10.429579312719326,-0.2902518243920511,-5.237471976977339,0.9730667144762596,0.9482924692575244,0.522984741568764,-1.271492478198628,0.2248486724523384,-1.2468235033183954,0.3020977835215663,-0.957816286208978,0.7179242018237251,0.4170221126484121,0.2843507819034435,-0.9970681707800604,0.6636220735730329,0.3217941488923838,0.3651466931141923,-0.6628565256050849,0.7262866339759311,0.4585575051090202,0.990851435340412,easy
ResOpsUS_609,3448,1557,0.5146431967513523,0.5580688812700605,1.178640489239632,0.9085905455542176,-0.0772976727991812,,9.919130537005133,0.985047957807064,0.9850479630391636,0.9999953818823928,1.000011624719783,0.9700960640988332,0.9742367821821252,1.652608268742628,0.7535764190767548,0.9311677440917872,0.7634345327512685,0.9951542299878318,0.8389287378866046,0.7291504547295147,3.835436312655186,0.710145792622777,0.7617261439284787,0.8711753410483252,1.10317576407796,0.5636236601165125,0.5841166423295672,6.313008040893939,0.6779130099095036,0.7475116209777248,0.8119934913216534,1.0681410327103884,0.552598862706122,0.5756923146715767,6.392257872551675,0.8461573485567264,0.9176555610604306,0.8857786030629393,1.0619711808873329,0.8394074365806634,0.8825474452156675,3.829732674067235,0.9176555610604306,0.8857786030629393,1.0619711808873329,0.694629454790785,0.7767970333012695,0.7961468961625794,1.0433072464387707,0.6022245523426859,,6.027326688723927,0.8848082846804539,0.9561403865439948,0.914986452462216,1.06417290955528,0.910722002060029,0.8926623202158138,2.855472395871013,0.7087251865554605,0.8159082904214815,0.7756221811673151,1.0246140981450982,0.6638202053678375,0.5715174895016986,5.541043359654893,0.8614450928495624,0.9374478696094564,0.8869042114251497,1.0499403232438838,0.8751705220157366,0.890531941037978,3.376481091730987,0.5169062305648485,0.5038454610044556,0.7383183745372658,0.7557292703241932,0.68706012576335,0.6400829818852635,0.7412125349345641,0.7613352198984388,0.5132398129056803,0.5328773521138582,0.6836683900354823,,6.712721635048259,6.575920822953078,0.2299830235401654,-0.9181204530289432,0.9607308625698434,0.9263767468070728,0.6960533219897421,0.8123538458649272,0.408087008664592,0.3522597885624493,0.3311889281702856,0.3306912226367772,0.5646557286851548,0.6248928734256187,0.4905432165689005,0.5708421342937833,0.6966804028823497,0.8347667771279232,0.5335204797911979,0.6170955824267521,0.6295050319939198,0.6804326551892148,0.985047957807064,medium
ResOpsUS_193,3410,1527,0.4033779241835552,0.5563231506710371,1.3986961293116025,0.987746380412536,-0.4001219340125657,,22.48140116011027,0.9683648412309778,0.9683648486926164,1.000003289065313,0.9999785225176662,0.9367294891970016,0.965180499235674,4.779044957036421,0.6657379653688796,0.8202502755522298,0.7184925970454769,0.9867815871419174,0.6624266267836122,,11.038867928755591,0.7632088068225762,0.8362719699060647,0.8809018759409853,0.8772040791655886,0.6948336235711725,0.5428748092650175,10.49563661885743,0.8272880452985285,0.8490964369290581,0.9506651551934224,0.9320028894936826,0.7098742077641904,,10.233722004844836,0.852563448393066,0.9129472416088418,1.1160651177861969,1.0262343751500025,0.7921005296969226,0.7922917483693847,8.662976515526726,0.9129472416088418,1.1160651177861969,1.0262343751500025,0.8094295796525596,0.8481200846223124,0.9366056832757722,0.9039232753298966,0.7099320424713549,,10.232701940737789,0.8635757251002157,0.9007245059867084,1.0908252654328687,1.0225106692347816,0.7750814713856531,,9.010586549140127,0.7997529968386072,0.8763450623502378,0.8795249728949779,0.898540222186344,0.7662465358051322,,9.18585262716101,0.8999117251421362,0.9119946052603766,1.033603840490561,0.9661843946523015,0.8167538450195759,,8.133133125330945,0.4765978918271111,0.2786408236587729,0.5893645198556213,0.4413926883787937,0.8068218141433254,0.6841392569236887,0.7392118526551789,0.670532363230768,0.2884518518377558,0.1173697132350299,,,16.158456013090024,17.99646171726448,0.1260406917572981,-1.0111383586056797,0.9554522980614588,0.9116576812091362,0.5550162157442489,0.5394621983479033,0.7257033969014908,0.5919364216625052,0.7895377311981175,0.6163973815085502,0.7943626138653757,0.6988315616104008,0.7850851548904334,0.6186985515598127,0.8118867833679868,0.6761736817538249,0.7765495248499181,0.6953425849022115,0.8645808843456828,0.7410134333363623,0.9683648412309778,medium
ResOpsUS_585,3417,1558,0.5049079245517439,0.6501540550713157,1.2601858892089928,0.7654210558359011,0.0394662260234807,,10.00942718285533,0.979269123877694,0.979269123877694,1.0,1.0,0.958538247755388,0.9616221127091872,2.0795852603204885,0.6496884206547753,0.873830404887008,0.7209653600717542,0.82988502237462,0.7343768206607014,,5.263636499805539,0.4093934271971835,0.842286680487704,0.5322277368162863,0.6757597457404656,0.5921124375659534,0.6095807388581111,6.522635891164286,0.3147547788312631,0.7696242125289687,0.4568328748756338,0.6514924909477209,0.4699933586303185,0.5729126565640126,7.435215497033602,0.690629588772392,0.9323977982485494,0.7524595751294988,0.8271887396133365,0.8309664224166078,,4.19893736315892,0.9323977982485494,0.7524595751294988,0.8271887396133365,0.3859663215894242,0.7457234627613073,0.5350723512399749,0.6898015437646461,0.4923279922253595,,7.276868273793153,0.72720298585635,0.9219017876329646,0.7845012372869481,0.8520839311639605,0.8266124672910913,,4.252671511158398,0.366437399669178,0.8350440162544008,0.4876995038070851,0.6657257210538513,0.5541201426179518,0.6444448085435347,6.81964599611975,0.571099437028803,0.9097489615257736,0.6352807398506113,0.7931418257660192,0.7436824970609457,0.8904779682946278,5.170613029599873,-0.0535069555713514,0.0161012196875702,0.1662256701965388,0.1535428154300699,0.4859900453140707,0.5886834913575978,0.6120682548672055,0.7129707779537793,-0.1056562252530415,-0.1827636212334034,,,10.819592996364833,11.190509119561415,0.3007263763211738,-0.1057723336573819,0.975779773857346,0.9531284241151396,0.6370392480843223,0.7281306065223236,0.2510315780337747,0.4947185011935056,0.0752255947717174,0.296750427325979,0.5804196575828664,0.768096590394518,0.2275712711183565,0.329258166918414,0.6661303146571486,0.7616169115672118,0.1570803973202863,0.4184417815683825,0.3761014426720075,0.634941406635896,0.979269123877694,medium
ResOpsUS_533,6802,1663,0.8813976964797453,0.8924830116725596,1.0500606302905875,1.000732745669915,0.7716943409437422,,1.1836531837030808,0.9934460005284372,0.993530953778998,0.9994749755449068,0.9990885728853374,0.9870670643116096,0.9874190814385364,0.2817180614471144,0.9424641715033124,0.9770073202604704,0.9473709274816547,1.0034480378557145,0.9536455178759295,0.8888678702999349,0.5333496310804501,0.9343230371077428,0.9756164262085252,0.9418851762057738,0.981518332346006,0.9501302319164268,0.936182839768274,0.5532033566179301,0.9427456757784316,0.9804670782620828,0.9500314551064506,0.9800083234402356,0.9597348419215168,0.9414167479394482,0.4970852042092326,0.980596988189576,0.99135614411129,0.9838430075872104,0.9936193872658086,0.9826638841074572,0.9780462019404326,0.3261685125551213,0.99135614411129,0.9838430075872104,0.9936193872658086,0.964150031010928,0.9751958978990714,0.9784327997335556,0.985688023611282,0.950661113632032,0.9385615932108082,0.550250953351894,0.9848807377361796,0.9880183777641331,1.008341421270719,0.9960689045822364,0.9757419809658776,0.9773236457804028,0.3858280504720091,0.9425423228023668,0.981373777700056,0.948353104924202,0.983057546198676,0.9615340391737536,0.9448061780868848,0.485852480988969,0.9702479371026396,0.9911398738605356,0.9722437607501688,0.993977160624141,0.981941780686774,0.9784144215507984,0.3328921804837185,0.9314187231965116,0.9695382811676194,0.9791058797525198,0.9705718143199782,1.0496062456897053,0.9928020527455288,1.0424976194115991,0.9968238770289836,0.9507145817021706,0.9414989108272936,0.9222894700103796,0.9463372912126538,0.55343973642614,0.6029663699468943,0.7400653091852641,0.5369506517733302,0.9701751412833453,0.9655995955533538,0.8669128864174724,0.920293965191716,0.915954786374798,0.8926620146679994,0.9252872832690952,0.922418497527078,0.9626700356386104,0.9616342696365668,0.9410433589170496,0.8900382784524954,0.963108745484954,0.9376216852094768,0.9251771509038272,0.9201036039763416,0.9463431450559432,0.9591861239172907,0.9934460005284372,easy
ResOpsUS_612,3392,1509,0.7813917982346916,0.8455712248243661,1.15453156371536,1.007829118245432,0.6194875381335068,,25.136643234688645,0.998285832475906,0.998286120385721,1.000017072146568,0.9999736274720704,0.9965721814312468,0.9896144741427484,2.3857874650444355,0.5359562908164244,0.933667821133486,0.5985297260137303,0.776934482303828,0.721534558673664,,21.503467234891914,0.5399189691261842,0.8563571148200321,0.6167111466653332,0.7899263666794809,0.6423181677838183,0.7838577745368295,24.37088384047699,0.5353907397050943,0.8685983111021442,0.6067043504798335,0.7904435804488898,0.6524406717129334,0.7722679098211201,24.023557153142345,0.7337252552343145,0.9626142971232882,0.7582426588360601,0.8948432745194701,0.8764395417750788,0.9009147313704896,14.323943326928145,0.9626142971232882,0.7582426588360601,0.8948432745194701,0.5825113913396253,0.8699502766228473,0.6579393500784959,0.7990564268607234,0.6811227571538127,,23.01095282509137,0.822612768340951,0.9654400545295196,0.8406306290971901,0.9301913777332546,0.9127868548420696,0.8931107799828999,12.0341054655349,0.5638853400907444,0.888913209367513,0.6387065003603241,0.7824621213377885,0.6915340667167642,0.7856254305915925,22.63218283288888,0.7853896515208731,0.9689903413414196,0.803426224216427,0.9196585199389496,0.9066164686188554,0.9091524543942476,12.452541148629129,0.7127268850068129,0.581191722969298,0.8896356990703583,0.8987552473407897,0.8123853892327197,0.6606448519516929,0.8125264778566255,0.7764201340426377,0.758229486041744,0.7123007533524748,0.7743942429697909,0.7954546690944946,20.14624146132797,21.97666207715556,0.0580651263621226,-1.5391426315946797,0.98109558953888,0.9851715149233558,0.2587806158505328,-0.5885530156371162,0.1145033385986872,-1.0311140098863816,0.2053880712428399,-0.8687061824704616,0.5025596432684791,0.2452121985186586,0.2542031650166423,-0.3669738594876228,0.7021254971132914,0.4767567862628621,0.3254886101816218,-0.449936063616656,0.5042870516336526,0.3326728523802305,0.998285832475906,easy
ResOpsUS_223,2868,1120,-0.3844222125728711,-0.2990373251707361,1.3799171889479995,0.7088130840503416,-3.56100653890633,,2.9462124896090867,0.9308210914994496,0.9308595156121372,1.0022067476257406,0.9993328681873196,0.8614046454974941,0.9040112104096268,0.5135799440482187,0.3107618379434803,0.4661067477980605,0.6121387168726198,1.198924267848515,-0.1921449589217698,-0.1880688530023337,1.506254134975913,0.2106722299449183,0.2653840918699438,0.8431002604704392,1.2424051728778425,-0.8395946319025356,-0.4642233561170388,1.8710904649101316,0.2791695220738283,0.3246746930289239,0.889454212536335,1.2265213820939056,-0.7167831527446693,-0.3598378956662147,1.807554664524212,0.6231831632758118,0.7081998044947286,0.7764906690525304,1.0829888746840406,0.4293403718479117,0.3690014938033304,1.0421309481955467,0.7081998044947286,0.7764906690525304,1.0829888746840406,0.3276902409663238,0.3800656300326672,0.8737371979510485,1.2274631703020804,-0.6066757311548931,-0.2942915772364154,1.7486296403277806,0.6691797622512669,0.7483981666333684,0.7990954541069618,1.075999411775291,0.5008847119595281,0.4369868691402075,0.9746173876206672,0.2436067875818741,0.2835993681590993,0.9154242271961022,1.2274813512022331,-0.8262691656053851,-0.3662560614884553,1.864301341690859,0.6828455232771247,0.7713208163128877,0.7933506435819652,1.0747585215582065,0.5396402519275031,0.4425538401664912,0.9360140994179248,0.3106794052338285,0.4093028939255791,0.3879865167241179,0.502342585624274,0.6943280176261537,0.6927049245621902,1.0846582414709462,1.082643243240046,-0.0156658669416953,0.1471592645096425,-0.0550989063070976,0.0610008454628476,1.3706784377700718,1.2560129586194957,-1.0036541921635869,-9.153904922207198,0.7071127985661619,0.4094960676776257,-0.5432222075036355,-2.228834955099221,-0.3229707002421558,-3.178578860473997,-0.0961088405176364,-2.1819403659967063,-0.230324926055129,-1.7527791772796937,-0.1597314254200119,-2.331726020504808,-0.1121449875879461,-1.2636690154762291,-0.2575948294653767,-3.310261021189108,-0.1476884188488456,-1.2678568084355244,0.9308210914994496,hard
ResOpsUS_956,4672,225,-7177.962803701203,0.2677990170623337,6605.645070318688,2814.5688894928808,-53348950.66413879,,12073.27218418758,0.9508712958704852,0.9513737205134408,1.0019818554434157,0.9932778900825824,0.9024953011988136,0.916251408926885,0.5161486779773612,-389.4614807888753,0.2854752977854237,359.1053806170667,156.62838368175937,-158484.51098040413,,658.0468718736932,0.6775542307107746,0.8081387544406612,1.2453857140794264,1.0833449933149524,0.4533759115715985,0.8524851717986524,1.2220991156395289,0.7286860308389952,0.7789756643867887,1.1560190369285313,0.9795653959047212,0.4641287655338785,0.8135662606206225,1.2100192212054302,-0.1833182966159141,0.8409957093959142,1.9121609671776465,1.7368325431419411,-1.1066160589454983,0.5772472791706529,2.399135306652922,0.8409957093959142,1.9121609671776465,1.7368325431419411,0.6184457160805897,0.7032982049498979,1.0968476824912476,0.7805182404221808,0.2806106141067979,,1.4019872358051777,-1.401006243681035,0.8223150670350404,2.854020107099092,2.5152123578115453,-6.270046444804168,0.0234625648721361,4.456876905336932,0.768382034675204,0.7988811358932408,1.080071921006121,0.9176193479754204,0.5508115717760604,0.7818045575505993,1.1078381754409137,-0.0591420438051735,0.780345218274646,1.8467128748278616,1.59716911626584,-0.9659792535740496,0.6372301347229128,2.3176695344264453,-0.1057687271923915,-0.0256028317132581,0.3240989018336179,0.4935307308572771,0.5787165153260637,0.4123015324796454,0.2329260732659818,0.329209004900545,-0.9730324919293782,-0.5378680164252558,-1.2574454946062483,-0.2340694478949021,2.250431184593181,1.9868182980610496,-11193.486826055349,-530587358.57152027,0.9809604359963116,0.9940715320881734,-710.3505831955775,-856402.560490789,-0.1651664996612967,-2.222204551231853,0.0355045633086475,-1.4936865311183007,-0.7554275182615244,-8.718784422233876,-0.0010513684987831,-2.398949737558724,-2.037824738958025,-25.17090214146521,0.1901464779849921,-1.1066712423732563,-1.1258527944263177,-10.131912794989132,0.9508712958704852,hard
ResOpsUS_507,5990,1724,-22.016836897806183,0.0089785683646014,23.994540198699436,0.7907672285528619,-575.4013529419829,,10.690181705859464,0.9926813786395424,0.9926815445368008,0.9999574514244056,1.0000248569835697,0.9853637087124866,0.986270524202377,0.0538689007561644,-15.780311859305634,0.0650192513036781,17.752554386638554,0.7620953597804898,-312.96654405179896,,7.889768813876167,-13.532858515613365,0.0026158150862072,15.455431503134715,2.117900478888953,-241.4804568531307,-0.9713009351340722,6.933634782754829,-5.920912007938321,0.0597311292497107,7.817341125453221,1.7340146126113791,-61.33708108430496,-0.8863281166602137,3.515570590771685,-4.362263150273856,0.0511803679889996,6.239287992158245,1.6351918874811224,-39.1588356927242,-0.8061528444839077,2.821715006932353,0.0511803679889996,6.239287992158245,1.6351918874811224,-16.89182827411805,-0.0143817203933865,18.8161001649072,2.294265672053285,-358.1938431011458,,8.438923177013569,-19.96845590250595,-0.0287279424345412,21.89531741074288,2.415475912934068,-484.9771810629198,,9.815909150169118,-1.7867141453947144,0.1821476785601244,3.608067370019632,1.5430266125129426,-12.338701181759012,-0.230895431898207,1.6262202441985376,-1.1213223678440931,0.2330610181529937,2.934928857268966,1.40971148842443,-7.6072286747434035,-0.2661711730161507,1.3063340953144564,-46.60328402548649,-14.44120688940036,0.0317565805353672,0.0177391254101128,48.30541674871314,16.317936231806808,6.228068565194093,2.6813278602983237,-2388.34643193496,-271.69483746353103,,,21.90177897524269,7.399089635890856,-44.87148626293472,-2329.8153397573174,0.978926960475798,0.9751321808633396,-32.99536822718628,-1315.07350361244,-38.33058205712469,-1717.9788406847342,-17.651847125261813,-422.2287332589423,-13.164632335596032,-250.28866268931935,-46.09475601745814,-2445.304688007548,-52.464091018469794,-3153.2038173072087,-6.946758637314242,-90.23289528747986,-4.993630247521964,-54.65824812056617,0.9926813786395424,easy
ResOpsUS_931,6393,1664,-20.5094623361278,-0.0690803676343592,6.324057567028584,21.812699204567505,-49.54300738207122,-29.547273348732297,2.178538588644125,0.78131432792092,0.7813740468759942,1.0003309025555545,1.0050996369280234,0.5626027756240167,0.5868526308868713,0.2026621887288909,-9.547583329859323,0.1844466076423102,1.4977763859273177,11.504218458988433,-3.9006937586532553,,0.678365104667638,-5.603149634616267,0.1241250843446781,2.6655452445227903,7.329327552568776,-7.245745225108585,-7.247210156053734,0.8799331377218189,-6.897288336247962,0.1128293971448459,2.8459470897999144,8.627094514225384,-8.622291381799675,,0.9505478181300168,-2.6809147225164582,0.3051582484607669,1.24827847653144,4.606201038883929,-1.056814133817928,-2.6176004217008937,0.4394730434070007,0.3051582484607669,1.24827847653144,4.606201038883929,-7.142712968685361,0.1333932328473192,2.843067742723964,8.883899320593352,-8.569409851226672,,0.9479322417236092,-1.1854497739644811,0.3543398450640573,1.1096070423462114,3.0850179795669894,-0.5319402313597319,-1.5717736178802504,0.3792762323124265,-6.607965627025614,0.1754394738592847,2.597273907645877,8.392560921946295,-6.929041078050914,-8.576550124426431,0.8628693669076306,-2.557367985910509,0.3638847822903248,1.0676576534216735,4.499378067444647,-0.6081418894438779,-1.8182120334632228,0.388594723840133,-11.37470500544178,-0.1303828273851288,0.1873765792853803,0.476991803365753,2.7398363507271024,1.18868688846264,13.22480824473335,1.9841874927181704,-8.736699586187296,-0.2936157619322963,-11.99058779133525,-1.4284420141601195,0.9549752492659592,0.3480878622608161,,,,,,,,,,,,,,,,,,,,,0.78131432792092,hard
ResOpsUS_210,2757,1516,0.1052377764867352,0.735063504707893,1.4155651951786103,1.7468022888589056,-0.1390342176096968,,88.01576438464714,0.9930680462899484,0.9930680617566132,1.0000048391943852,0.9999861793500352,0.9861360563257447,0.979961563342223,9.710363154028457,0.6178986542014486,0.8126340138553595,0.6828295915389412,0.8985191757337591,0.6395313585938697,,49.51375055788802,0.6675096505720853,0.9024156052976768,0.7111930526397268,0.8672684456140202,0.7709560873778156,0.7457419867806437,39.468575899534976,0.6990509199380337,0.8827792938778306,0.7457908971170473,0.8895129561540893,0.7557996843103829,,40.753526017662,0.7993466261495491,0.9325920379328996,0.8139445819689408,0.9668137903818922,0.8552236191459845,0.7410952312407513,31.37913282459299,0.9325920379328996,0.8139445819689408,0.9668137903818922,0.7291567255408492,0.8909240371544752,0.7760563014354818,0.8936621726650352,0.7761661340089797,,39.0170991688928,0.8353090765542668,0.9442102067181029,0.8452090710638098,0.9929029900632136,0.8817121580974778,,28.363651052985563,0.6755870146118992,0.8852337608896582,0.729276253024723,0.8629556704107969,0.7520331195343819,,41.06661614273154,0.7673481388520692,0.9384107535922892,0.7894956643868085,0.9224011732654728,0.8561039931228238,,31.283580301085863,0.7376905634070419,0.6532147127526767,0.8861445969786904,0.9066793435296674,0.7852059065237057,0.7337750308841554,0.9014774891901994,0.7983181804266377,0.7712149885425051,0.7760439310089067,,,39.70375876353204,39.282512465761975,-0.4231025170324147,-6.73482760883375,0.979064058635608,0.9612418562302804,0.3290586262608336,-0.0433904977011381,0.3317168276443771,0.0267480126870753,0.3091347310356729,-0.0642952688271003,0.456086065597349,0.2662506682356388,0.4353678773657937,0.0426556683912303,0.5554064447953995,0.4277326290534738,0.2943586068608697,-0.187400376948317,0.3604153969031226,0.1963472768804506,0.9930680462899484,easy
ResOpsUS_168,3062,1103,-5.122604752185926,0.1574125106344157,7.054754292333955,1.341006940864595,-47.63858439600389,,558.6091828733423,0.915422208836179,0.9154222586195332,1.0000433691143569,0.9999191281897944,0.830837174170629,,32.943525434719284,0.5550253588139618,0.7482439282618073,0.6370647973134057,1.0538456153501667,0.5452632251175882,,54.01291872529594,0.715046698470619,0.9332836474374592,1.2543303980375595,1.1098333327697083,0.7586067526130175,,39.35321026930715,0.7152579763114709,0.9322571980692492,1.2533002706773084,1.1110311024695882,0.7564893953799946,,39.52542486820242,0.726528757720549,0.9374353276641818,1.2410340232680932,1.1130255800983748,0.7767213782757072,,37.84784694490986,0.9374353276641818,1.2410340232680932,1.1130255800983748,0.6919376836585738,0.9257428560743436,1.2720444469613494,1.124016475531047,0.7251663226869036,,41.990648497312485,0.7427277941901651,0.9346409502754712,1.2248562891501606,1.1065684368421718,0.7805352270647756,,37.5232129001268,0.7242171034997937,0.9337541296595968,1.2446004804179538,1.1088039321173284,0.766104989914995,,38.73718750589633,0.7603177450067559,0.9358566527540292,1.209175078246478,1.0978723709905365,0.793707741959661,,36.37969655430657,0.8687835608633244,0.8717343918520817,0.8852685061138882,0.8899127198671398,1.0628185294370969,1.0632330012374376,1.010405314494554,1.0182878249393068,0.752091461974344,0.7616426140019088,,,40.26754699028615,39.48423599866662,-14.10025294193192,-266.4103058158201,0.7305457914144493,0.4576654320880341,-0.0175541456071082,-0.3754247428008106,0.6290636435015065,0.0374986911858908,0.6217812863065072,0.0208541590726243,0.6483487989091005,0.1170996024535767,0.5860677244700585,-0.1079271214856407,0.6284350130830846,0.1146590436112646,0.6212617926573214,0.0421853721557068,0.649037248352941,0.1873655457138598,0.915422208836179,hard
ResOpsUS_185,6176,1096,-2.56960048977061,0.1226521788499489,4.38743245054174,1.7054146655057747,-18.397094269890207,,70.0753102244566,0.9806525625070796,0.9806526512382776,0.9999817085234968,1.000055667374865,0.961306008531502,0.979035750235424,3.129813479290098,0.3780804830727793,0.5373851060961201,0.5857855103500185,1.0346078320224603,0.2859015178462319,,13.445462501128697,0.0528533685177143,0.1403055137102518,0.6624190487075652,0.7901161437943802,-0.2727278002348217,,17.950000131226734,0.2454647863186527,0.4062149639016724,0.5681808481492526,0.8260030469066625,0.1251622841645256,,14.881970517376477,-0.5857521006111701,-0.4776991653359362,1.2363743822704194,0.4754601514045924,-2.833589601290961,,31.15297309340735,-0.4776991653359362,1.2363743822704194,0.4754601514045924,0.2235036178286238,0.3805410884496041,0.5621764484960847,0.8340848826220676,0.0994401936103033,,15.099166379469102,-0.2497740859714869,-0.0259905754136952,1.4043692312407514,0.4119828829414029,-2.200752072336599,,28.465755089601544,0.2034603018023456,0.4783744260489198,0.4189116678047038,0.8427784951366211,0.2141897250506008,,14.104430085826335,-0.0787589150374448,0.0472605802316885,0.580716422083253,0.7167868716290905,-0.3184137840881409,,18.26932738137094,0.9188579396008152,0.885105351070796,0.9503259951774063,0.9426206931228676,0.9386036393220591,0.911422578047523,1.0186283146369743,1.0454140486536685,0.9028231362877344,0.8866157655416789,,,5.010909231092872,5.412668540606352,-5.365906037293488,-24.485910571707898,0.9572154840494624,0.9511450115311068,0.1702097135597065,0.1892370747515807,-0.4694662478241087,-0.5369605511507181,-0.1461324136382289,0.0021219835132471,-1.7214180796992178,-3.487683419348773,-0.1887738148152689,-0.0428471564391284,-1.688332283708005,-2.8198104905728125,-0.1498230049109632,0.1091016088765058,-0.7835338694069207,-0.6298085191966931,0.9806525625070796,medium
ResOpsUS_437,5267,1827,0.1699433174213223,0.4071863498396247,1.5599765550648803,1.1548945778738589,-1.1686280343772086,,8.364044464724095,0.9609355233030022,0.9609355342616078,1.0000053177737471,0.9999712266520882,0.921870652833052,0.93934126528336,1.5875627375128,0.3589713558368829,0.6519725586085133,0.4619848146575095,0.9817165917568634,0.3888961945393469,,4.439982855799568,0.3141162809947914,0.4258060233018112,0.7297435421621816,1.2601906995203542,0.0734035168420386,-0.2566345551539897,5.467252386796405,0.0973215674439657,0.3712364709059668,0.8910249487909249,1.6384428050319115,-0.2258633229265025,,6.288467558669346,0.6787195123629098,0.8269746036058994,0.7298760577191821,0.982211808814269,0.6743862851895603,0.542268097085038,3.2409709894925065,0.8269746036058994,0.7298760577191821,0.982211808814269,0.1487424656328516,0.4913663586822107,0.9811564389190912,1.6823313923178629,-0.1052499914177744,,5.971096077029319,0.8753690895887677,0.9098386004122324,0.918782266068616,1.028415938298047,0.8275410684887886,,2.358667074503734,0.1165945399373213,0.4835507291140357,0.963922115011247,1.715809851625868,-0.114468931524037,,5.995946955122697,0.808326057667043,0.8983879702094972,0.8379350959173947,0.9877990805261396,0.8034122480733953,0.6861818629145771,2.5182684661201176,0.5434932003330768,0.7964434856868523,0.5713158767823745,0.8264979458388185,0.9946301228519222,0.9364007124083482,1.1568424211196913,0.9146335994726056,0.1414624815075329,0.6693185033238325,0.0831414108861701,,5.296000006738997,3.2868000498492207,-0.4901727347294855,-1.1230379643468231,0.958717499502366,0.9218334613195402,0.1499307895309637,0.2420815816941842,0.0904954887930614,-7.281662136460199e-05,0.2444423702867053,0.0920046551013213,0.6209528310411532,0.6962238655833125,0.3537628157253546,0.0952082123408298,0.8240326701901496,0.838821351613475,0.3325896771295671,0.1217076624004001,0.8120754785866647,0.8274689189913955,0.9609355233030022,medium
ResOpsUS_173,2905,1384,-0.9633209292826932,-0.1991421709002102,2.544072852372418,0.81964991850655,-7.506951239090281,,15.847623379285496,0.9940606113366944,0.9940606137794844,1.0000028152594893,0.9999954074336264,0.9881211940953528,0.9815890232979748,0.5921934000994837,0.2508930790896829,0.5680122746394207,0.3916085241315044,0.933610270492474,0.288622447729989,0.238529554329233,4.582761419058849,0.2105070428669031,0.4053995402318482,0.5649874538827607,1.2837490217196548,0.0859571254782551,-0.0951256652566396,5.194699784243822,0.2643915063822473,0.4484222127297091,0.5791386047093525,1.2444534442927695,0.1447157507897077,-0.0500245243189001,5.024957662095715,0.8094951673930305,0.9322420951344638,0.8341120611845261,1.0646695394323786,0.8566967985043505,0.7537083181238998,2.0568618179160776,0.9322420951344638,0.8341120611845261,1.0646695394323786,0.3015952595711683,0.4521108884763979,0.6267257478570422,1.2196657360956809,0.1421960885899672,,5.032353966100509,0.7857998049901949,0.917896258283018,0.8334223195978206,1.1067360085919418,0.8279090956452186,,2.254011504067056,0.3294401319066374,0.5502916550080548,0.5109704582121227,1.0909013113257018,0.2958432594061493,0.1788301185044281,4.5594435206657575,0.7911183294659526,0.9522224392423472,0.8333047144150184,1.1164540198399546,0.8836718406642678,0.6705567515347515,1.8531885063132645,0.3470922034803611,0.818962781814263,0.4359258832783119,0.9069576850524677,0.671232712417538,0.8535977030909776,0.9954117305606128,1.051807040616086,0.1346477998198879,0.8179053956497433,0.1641842458653519,,5.07668757673284,2.328801783308552,-900.6018342944435,-1494226.2820028437,0.7830199035492813,0.574600943784642,-37.550927612264665,-6992.269833519796,-137.06944662874392,-31637.246013689823,-112.75456311458966,-22585.02475438016,-69.50169231665281,-6124.9826762575885,-135.66622576685037,-30236.734160199063,-81.47004683992341,-9846.356755657824,-94.49246312543666,-14383.174566500727,-74.21688858385212,-9289.676826284083,0.9940606113366944,easy
ResOpsUS_214,2933,1667,0.2464205702704484,0.4942613686753034,1.5581138956168956,0.9751147992438934,-0.8881343114932252,-1.0757077177748036,64.82359296514825,0.9737288966463364,0.9737288993001508,1.000007860568815,0.9999911881495848,0.947457385445872,0.8677680104690348,10.813654674499094,0.4740980860661674,0.6938270501671694,0.574736653645848,0.9554799582479996,0.4651445558768583,0.4297931994048166,34.50125293851586,0.5866990191138542,0.7000595977585029,0.7181871967826083,0.9621186081642344,0.4882569415907537,0.673685596192119,33.74758010682783,0.5427393315592642,0.6906353218706595,0.6669674430854671,0.9502995888974106,0.4738385945311656,0.5824000620187577,34.21969632673971,0.6996883997450943,0.8422843515720211,0.7469079618159827,0.9645422547746708,0.6990339221995275,0.720557348842107,25.880664984565108,0.8422843515720211,0.7469079618159827,0.9645422547746708,0.5945627154002731,0.7290401606885772,0.7011702672381022,0.9592452697054606,0.5289890855445685,,32.37666727509586,0.7274004834422295,0.8653858111594175,0.7649216301028122,0.9695422161541069,0.7378312182883241,0.7450665395538172,24.15500572148763,0.619102272939348,0.7381251975807517,0.7249707280700118,0.9706135078733246,0.5437543553825523,,31.86515406226158,0.719908176490241,0.8891242451245432,0.7462466300597586,0.9579616386880913,0.7682832376545603,0.7511275463941811,22.708862598275427,0.6957353669568085,0.6460391870457107,0.768183108767176,0.7593583547113023,0.8035469270968459,0.7477255060638308,0.9843767478748804,0.9388654322886006,0.5885929389931779,0.5724818826505205,0.6688241869040343,0.7024649884245597,30.3114717781676,30.899283959625897,-0.7975582847361289,-8.748618105921127,0.94241692786913,0.8878053767544137,0.2391590663363899,0.0844341489123482,0.1461532020586977,-0.3785940425928378,0.1252952278533868,-0.4694779275446508,0.374937739107451,0.0872839623332053,0.2697310803273989,-0.2048766078361434,0.51378133239027,0.3060229136129563,0.1389523731948055,-0.373847142791792,0.484002688621771,0.3246709873529302,0.9737288966463364,medium
ResOpsUS_113,5175,1559,-0.0212237639278571,0.1516771635071475,1.5628312495485013,0.919580315672259,-1.9727403408208637,,0.7678449621012345,0.984819668294852,0.9848196859196806,0.9999871414602656,1.000019229121981,0.9696397618163478,0.9757341210052806,0.0775974836422383,0.3888675108206388,0.5814711475819974,0.5758570952214375,0.8642822216869323,0.3255729289016155,0.3266020910008255,0.3657316522513353,0.2020841965423203,0.3652769065761486,0.6232518319985432,0.6969207331579456,0.0045175234393077,0.1040511535574364,0.4443363678324835,0.1531373677209694,0.3278422316911424,0.6216617546668525,0.6503710186914423,-0.0618342648747209,0.0131792071420552,0.4589056647697769,0.6074891291834023,0.8483752044582573,0.6896456986714193,0.8135733046664798,0.6709514990763091,0.8246825594096509,0.2554612360243871,0.8483752044582573,0.6896456986714193,0.8135733046664798,0.1802737256717549,0.3708280694793414,0.5994449770423707,0.6599271838967635,0.0067372266015141,0.0892832224305034,0.4438407060393227,0.6778981687654593,0.8995784194054204,0.7427127860353983,0.8342641096024639,0.765987149770094,0.8746913921294911,0.2154343268170135,0.1454818414448374,0.3407874035851422,0.5801826716042108,0.6544664317217357,-0.0222262048574328,0.060141887773362,0.4502653795812882,0.6191913968476705,0.8458969779705882,0.6991310217353219,0.8246565976313917,0.6731295032351392,0.8313467853309306,0.254614370893605,0.2315658060255886,0.2914512181063969,0.423099872488551,0.501827292681432,0.6581670745321601,0.6263079360086985,0.6247299580135987,0.6620361390389232,0.0252501922897872,0.1564403863527405,0.0907415716533007,0.2682110027421953,0.4411303822490702,0.4103725290623145,-1.2628614777803668,-2.3282420271299893,0.9769988965744592,0.96201388413179,0.1178551377017597,0.1889083470547468,-0.6110557399098682,-0.3755972834475412,-0.6983393429334002,-0.4241853073057513,0.1603206782875964,0.3715626616248598,-0.5074611890404221,-0.3217633819903243,0.3376972653862091,0.5632723636661743,-0.7110313948982216,-0.4382665568514625,0.1452306812311452,0.3704041850252381,0.984819668294852,medium
ResOpsUS_500,5109,1573,0.3261584559761983,0.6845580439530897,1.5948047315812142,1.0276790553718875,-0.3607824637818164,,3.57072480884782,0.9778134635992776,0.977955358778803,0.9985009833316232,0.99799272824032,0.9559700743072254,0.9553536507050848,0.6422971652144096,0.8179987190803378,0.9071252477040864,0.8534599736381199,1.0549978846523207,0.816627933700435,0.6831263977011479,1.310776414809619,0.7783285411976604,0.8038813826926283,0.9215787686567156,1.0672743195253962,0.6273327255336112,0.4157516540898133,1.8686271628060411,0.7899578570707925,0.8157662491810601,0.9196861952493836,1.0610353965495294,0.6505267775468554,0.4036473945274789,1.80954330674841,0.9496268090630482,0.9596484709499252,0.9782857540578066,1.0209213764282736,0.9200904211661431,0.9290341518775156,0.8652895321180576,0.9596484709499252,0.9782857540578066,1.0209213764282736,0.7873957877227488,0.8163597030801657,0.9121683136697344,1.0613383020763327,0.6530741565778916,0.4432432640971827,1.802936186101508,0.951065006364102,0.9647904952356676,0.9694887627416428,1.0149662546203144,0.9305491966091768,0.93029481400736,0.8066788415685301,0.7851670765899392,0.817366155499299,0.8972174775888107,1.0472632723221762,0.6592236652029465,0.438540182134206,1.7868855744449446,0.9452114249051912,0.9593657859754582,0.9746850080406044,1.0266420681183532,0.9193576140473096,0.9270750226785494,0.869248026467935,0.7663236274425497,0.8192908863848228,0.7956351529735874,0.8764096953484981,0.9318506329124104,1.1025540498593525,1.090528007583511,1.0828485799345855,0.6053920882057602,0.7093406831913351,,0.8383238652985423,1.9373617707716664,1.662723196654572,-0.31110932178117,-5.687646776594876,0.963142130451864,0.9364226821084184,0.5220895839203801,0.5899102908911223,0.6068995368375433,0.39068254509075,0.6603413225558696,0.4554644186598537,0.737203222459492,0.7167784355852158,0.6296808417912274,0.4249173536209456,0.7552723559796277,0.768611577257663,0.6151965806175443,0.4621333689187442,0.6843605604343423,0.6809932165499959,0.9778134635992776,medium
ResOpsUS_1109,3536,1854,0.8478791231860383,0.8729975159309793,0.9340734964386695,0.9483780440982276,0.7578319820026926,,4.404652909844635,0.9336765436081704,0.933676549976456,0.999994802872315,1.000028595860605,0.8673537891361988,0.9064541817541024,3.25987330810532,0.1044640489064056,0.418589718681825,0.3423972514974598,1.1774974637580329,0.1627629294724349,,8.189879697721102,0.8050123968639953,0.8900361335675347,0.8389878379546004,0.998211948151482,0.7895577158241047,0.6874058083693597,4.106008094566187,0.7920260298354792,0.8669518848503928,0.8500524244884966,1.0553813679801414,0.7506726753964139,0.5983584961432049,4.469286916393079,0.8893296357821132,0.9407500646023882,0.9072191043449668,1.011361341159757,0.8838591167032374,0.8197959318937272,3.050323214985788,0.9407500646023882,0.9072191043449668,1.011361341159757,0.7810103502043771,0.8577851986336166,0.8460289755830595,1.06343769092525,0.7348079104471201,0.5403547137928235,4.609285193134414,0.8865218670409861,0.9408567619897252,0.914391253491863,1.0452825195724482,0.8840782687783699,,3.0474439519277903,0.752723078998787,0.8670024576399915,0.79162027048831,0.9940487215934064,0.746003312587379,0.649192416108733,4.510942839896528,0.8771727477809047,0.9467826477770176,0.8895197010083936,0.9930321563742042,0.8931080905157089,0.83151411178281,2.926346277245223,0.3122346889398744,0.4351546601096793,0.4227105916495404,0.6134286921691582,1.0719163946738628,1.0877450121351735,1.3668597746838986,1.402385008173966,-0.2715362119256712,0.1167283793146413,,0.0470542185815058,10.161477314623184,8.469146081331848,0.7182986323834126,0.6115325132083165,0.8760470454087653,0.756275607858723,-0.1552016917586607,-0.5820990400957446,0.6481584485519883,0.6534464015872532,0.6356863884394073,0.6184313674684341,0.8057758346584738,0.8152144976307645,0.6235396397219484,0.5657584204360666,0.8256259068874228,0.826924186019826,0.5712536765963236,0.5508971897155541,0.7967330083322308,0.8183243456318656,0.9336765436081704,hard
ResOpsUS_458,4717,1854,0.8607521234830353,0.9146987201959352,1.1095970825047958,0.9898934533737066,0.7986543961412731,0.7478336244894864,1.0365553915866723,0.9695859712825794,0.9695860777025817,0.9999763887265368,1.0000769143578867,0.9391735891024592,0.9656516722314638,0.5697279617304755,0.9578259189303155,0.9773253274752528,0.9690266481389463,0.9825310614386804,0.9549944049687448,0.9416363222795436,0.4900661356000253,0.947163309815774,0.9640451904182274,0.9629401906963624,1.0112043755711948,0.9293401438310605,0.8779878291524219,0.6140557657809662,0.9494128697229792,0.9662377681719952,0.9626895372606386,0.9947943471273004,0.9335938193941468,0.8932885746170989,0.5952860291856567,0.9655982575974386,0.9806143900640438,0.9764809251639428,0.984045968327752,0.961502818403364,0.9508788737797744,0.4532480109645874,0.9806143900640438,0.9764809251639428,0.984045968327752,0.9571858914518456,0.9668850138812796,0.9751637355502764,0.9890635676149174,0.9347583021547996,0.9038767368179826,0.5900435487307738,0.9734547466722444,0.9810279137322632,0.9882877367877048,0.985593983641194,0.962294019780388,0.9509681410418576,0.448566211232536,0.9555505546829828,0.9671545850126254,0.9725744637918072,0.9879678818576804,0.9353104531505272,0.9082105552017224,0.5875414267285379,0.9692040308502756,0.9810949825379204,0.983203156051311,0.982425641861148,0.9624401686760116,0.9507571171016526,0.4476960428293432,0.9555291310734104,0.9140000072303714,0.959486311068894,0.9156572815243472,1.006999116744782,1.01657451473196,0.9830497328318284,1.0027550059733148,0.9182594911161636,0.8282414061353709,0.8720428852279776,0.817440714249817,0.6644003075437289,0.9630978076374814,0.5114514600621825,0.0594321112453773,0.8400415553469676,0.6824100090596901,0.7407000512258665,0.789315363293517,0.80232639757537,0.7658494185894524,0.8146661804451726,0.7806991314879328,0.8302452028054993,0.8194858141861034,0.8251986829852127,0.7711361817308887,0.8414251103161705,0.8330168984379243,0.820500031422959,0.7729363250184725,0.8291407559755394,0.8211166692798086,0.9695859712825794,medium
ResOpsUS_1095,4571,1096,-217.4804809348689,0.0149138712952688,75.70717005774935,206.3085212474464,-6438.349921170033,,58.305994527581504,0.850898188465982,0.8508982038728972,0.9999990232365426,1.0000677749484428,0.701796698941948,0.8642606768293111,0.3967787619680583,-12.535797529387413,0.2054213711218261,1.2280962596603733,14.510530398745615,-4.0740803483876205,-18.682153452892404,1.6367067166490514,0.3770780676500833,0.7013652305666129,1.1721725508730287,1.5188502876687031,0.2657253420818289,0.5742857463190156,0.6226177023773322,-0.543842239453125,0.8130767971743975,1.9095483611176916,2.233381674646247,-0.5667446506217066,0.0888581836446178,0.9094761296108927,0.3177133166910422,0.7775756838620006,1.193854491021639,1.615193447723578,0.4249697675199998,0.3569828756332474,0.5509821557528687,0.7775756838620006,1.193854491021639,1.615193447723578,-1.6688954221196663,0.7809277374478503,2.0633958253232847,3.4380728940449266,-1.1348637314831258,,1.0616400022637844,0.5596996833009942,0.6582195216117647,0.8116685284899072,0.7960840116204788,0.4090068940214988,,0.5585774538266798,-0.1809249875374301,0.7891185850320447,1.3730958055495828,2.100414637712849,0.2613099722857005,-0.0447407845130418,0.6244868715066452,0.2587049622185935,0.4522111634569469,0.9074000327806712,1.4907860732224625,-0.0067536645257948,-0.9509225294951564,0.7290441076103061,-27.184312881460748,-2.740543172082172,0.0424184128268401,0.210482319321847,15.830327758228002,1.8271519625425547,24.947858123170708,4.561480687153749,-259.0464970492725,-2.785848916725761,,,11.873592536503336,1.4326439709610888,-7473.847834000574,-74941307.50121978,0.7697683118559793,0.5562015444815565,-38.44914281176819,-1934.627007328248,-5.09211453770619,-47.72977427150553,-4.403392682132904,-38.263907253219415,-15.512643897586155,-290.1073157006898,-43.40471073406038,-2318.1954284857648,-25.983686903999736,-761.913978922504,-10.536984131230131,-156.43596971824667,-11.249674977512946,-180.09227479304988,0.850898188465982,hard
ResOpsUS_1916,5376,809,-0.6446806677182455,0.1572501656614153,0.0011085461121481,0.0015196151960541,-1.051876814143831,,739.7307295752319,0.9637351684465792,0.9782535256903137,1.0277146174705432,1.0086098107503934,0.954455323161198,0.9647199045468792,110.20894138264626,0.2962733533498379,0.5381602858993281,0.4705585053163221,0.959664216977915,0.2833293347900945,,437.1775304325894,0.1257704285873689,0.2335859660371406,0.8885684254507576,1.40554885805605,-0.5480259745173206,-0.1062134221286865,642.5207240209671,0.0798722336375611,0.2199060470035564,1.0919377404600903,1.4792034878927809,-0.9544451906963898,,721.954397786449,0.2228102334364445,0.3380001705899891,0.9375119838920744,1.4023374292246815,-0.4160183754780067,,614.5149641317529,0.3380001705899891,0.9375119838920744,1.4023374292246815,0.3534467852717839,0.4655309324220828,0.6390075421519122,0.9546312811005304,0.1844525026212905,,466.3614543812904,0.435921353641717,0.5047190118364385,0.7306843465254712,0.9812772642301808,0.2033109772973027,,460.9379170457841,0.3280867680256021,0.4344709780224696,0.6492418329571846,1.0928063837038349,0.1335480702734445,,480.6957196511242,0.414838605163955,0.5202626175307521,0.6832015729217072,1.1091084711135664,0.2315595605246475,,452.6923173928009,0.2789551645697483,0.6291352372602674,0.3296577086780237,0.6342071911429034,0.7458649977896482,0.9850715968438613,0.9227842773951714,0.9407257559336136,-0.0734042087167008,0.2738978710550023,,,405.9024863704405,333.8404213040747,-0.7873304866829134,-2.283632370092888,0.9200619573614236,0.9547683342713932,0.18376552175241,0.1370925088586833,-0.0140230689079254,-1.44618874828728,-0.2034318529670982,-2.974548708208156,0.0797192436218982,-1.504446525093777,0.5115170399513977,0.1229028375198088,0.4669414779775607,-0.083943517048826,0.2874814958519704,-0.2056110971163849,0.4043467659797842,-0.076658755886134,0.9637351684465792,medium
ResOpsUS_657,3863,1796,0.1798631488500051,0.1871069332260621,1.0938948579644598,1.0548914588340013,-0.7898390097141026,,31.536990748757148,0.9926625630606328,0.9926625630757084,1.0000003061139089,0.9999996428962784,0.9853251216590312,0.982934963176736,2.855620695734372,0.7299813836065102,0.8407876073981799,0.8628270721632265,0.8304563327347617,0.6817895188864834,,13.2975155280164,0.7838279660253249,0.8319427770679989,0.9283628049687916,0.884435168060554,0.6713800108668638,0.7633371710451079,13.513263786256529,0.7914017481269197,0.8286680198930487,0.921687070455322,0.9104139054134704,0.6711562280003138,,13.517864118488822,0.9205405592345648,0.960096998612874,0.9848304469258324,1.0670181905648364,0.9173231485746542,,6.778057216352862,0.960096998612874,0.9848304469258324,1.0670181905648364,0.7999297229543443,0.8305240087396899,0.9518552701319702,0.9051944667785936,0.6673416742658753,,13.596040973937107,0.927620737083836,0.9623030205778992,0.9756170057152712,1.056772925170787,0.9230860154222243,,6.537563518293304,0.7463785717002714,0.8463900421709628,0.8694751362966003,0.8460809638031581,0.6955283706035953,,13.007285767962951,0.9433171569121744,0.965657747620221,0.9692478924724864,1.0329827573835009,0.9315491673911072,,6.167407343862979,0.7940215602392384,0.8686522577208323,0.8273168630870761,0.8710326388911596,0.9750201688383854,0.9817586156887872,0.8905300958832645,0.9830618457656316,0.6520433475895837,0.7461839949930567,,,13.91980299819344,11.888580942785868,-0.5747221566671852,-6.420846012844089,0.9838159980358008,0.982691944666636,0.4932457012705952,0.3240011425975855,0.576727652181543,0.3496766788822331,0.5302595241459049,0.3606974959905804,0.5533478094436566,0.4527705419839558,0.5394058745493056,0.2414729054216682,0.5970760928735921,0.4764792417106657,0.5128762445942567,0.469119040881732,0.6717377684228087,0.6097795438040003,0.9926625630606328,easy
ResOpsUS_664,3224,1716,0.8940708066734783,0.9163064976204324,0.9545265370012228,1.0463525168803998,0.836427913966829,,9.625381260604938,0.9903189807982776,0.9904127562491224,1.000156924039516,1.001335014940441,0.9808210447719388,0.9821682805340388,3.295913592125848,0.9557412530690712,0.987649148391064,0.9683529895515728,1.028368289939776,0.9744309197867604,,3.805580364067659,0.8560753920418773,0.8922255759273698,0.9473821649063928,1.0795633692208553,0.7879303030527319,0.7935945407707303,10.959800596712917,0.8595854980901372,0.8934706771510499,0.9519026123946716,1.0778098774287803,0.7900036890902581,,10.906092515329252,0.9636530332746688,0.9844056824212232,0.9831373898731968,1.0281704034244457,0.9684143632534098,,4.229686342808735,0.9844056824212232,0.9831373898731968,1.0281704034244457,0.8623125433231262,0.8989614923438287,0.954389150008302,1.0816621458191895,0.7996933268947015,,10.651506915347698,0.963279322507165,0.9859113050653218,0.9941082839553764,1.0333946779086114,0.9710565218379716,,4.048915418452276,0.8726193653083729,0.9105665883324724,0.937642936776582,1.065871751442473,0.8249067812489951,0.7876923904511823,9.958593562574752,0.9657469705284082,0.9855953136759428,0.9854988204318988,1.0274861934618262,0.9707901803399446,,4.067502069681055,0.8531735582073773,0.931328684246095,0.9017701698910104,0.96472057417269,1.022119826884473,1.0282196709069942,1.1068626115385658,1.0517181002606322,0.7892275896885448,0.9244337093737228,,,10.94338019127551,6.552524579512935,0.0353428216830987,0.0379063590276599,0.9718717671732736,0.9486369861223788,0.7545556181586334,0.8900012423238313,-0.0497144978195032,-0.6593133510573166,0.0459472987491742,-0.800035506383248,0.6514927259398242,0.711273487509829,0.08771787519634,-0.5361318643133375,0.6859524698306557,0.7894651247853196,0.0873899541999917,-0.4545018333020414,0.6256694384466946,0.7251383996547555,0.9903189807982776,easy
ResOpsUS_620,2788,1209,-6.835077058778321,-0.0321839729529866,8.760192711417456,0.6799408732175759,-77.40953935050517,,9.30768917788366,0.9532858196781112,0.9532859723478108,1.0000452366617445,0.9998894681002604,0.9065677037903354,0.8907612593805343,0.3212964535807081,-2.874810094373808,0.0374808000876336,4.715721806979427,1.5302089308930609,-22.17182909924666,,5.059849264089348,0.208587788591724,0.4720087645045121,0.877565038286333,1.5766872841985151,-0.2815551012449739,-0.3730264979577709,1.1899427371001432,-0.5468982695146973,0.2328487383901445,2.139129386917773,1.7118689752323175,-4.097573301476468,,2.3732263436768277,-0.3889012259890956,0.2952168258282573,2.0861958309306936,1.502499661519484,-3.3785038090406925,-0.3290081029365008,2.199481364500919,0.2952168258282573,2.0861958309306936,1.502499661519484,-3.104351425899712,0.0189237182827193,4.862054450594374,1.9837303377353888,-24.444533989820787,,5.302182493035372,-3.257076496656061,0.0750922167950917,5.099583711210823,1.6787188561719195,-25.710651385756872,,5.432499066343168,0.1478238120959355,0.410150604960219,0.7361354675368799,1.555569487022035,-0.2534782419123562,-0.4154905173920691,1.176835662518869,0.623937898653691,0.803306169026862,0.8248520169209296,1.2684351410479744,0.571196758230554,0.4236726246028039,0.6883137587052459,0.2486056351265139,-0.7508225393963852,0.3127754192872637,0.0858805083719657,1.1278620939160404,2.209126979057153,1.275621392796784,1.87622889018808,-0.6454589137295024,-5.298431734036212,,,1.3578080289737302,2.656507610145513,-23.99086020674036,-662.6922922445972,0.8714893786183231,0.8084670887622477,-11.756067603028686,-182.2529767471957,-0.7588757188094488,-4.267988464192133,-1.8853985938008968,-12.264413028076785,-7.162678393104974,-78.62637492836467,-20.88355233446018,-524.307225585325,-22.05261509305884,-579.6795459244562,-0.4398664297633159,-2.5714387539928865,-0.4423061934291832,-3.1982263025170097,0.9532858196781112,medium
ResOpsUS_111,3530,1652,-877.3340171408971,0.0221691944172026,153.84555902861968,865.9323237103641,-30790.12296597864,-5063.763903799209,2.2992469988022624,0.9677963397741652,0.9677963397741652,1.0,0.9999999999999998,0.9355926795483304,0.9428004306131016,0.0033253738707317,-3.173244150870693,0.2052099080418306,3.524013931551526,4.2270155137271015,-11.07157727960736,-12.42328942832765,0.0455255156639459,0.8496221858815705,0.9965656399878348,1.1001993584886889,1.112079350055213,0.9822834298849143,0.9837082054781108,0.0017440650849709,0.5391268424593734,0.9433153960521232,1.1656982240559297,1.4263039075137014,0.8386581176289316,0.8283691553745818,0.0052631581970227,0.7722081489735292,0.9839330735949504,1.1249010612356976,1.189817560231284,0.9479089943595,0.9511977547340752,0.0029905718092808,0.9839330735949504,1.1249010612356976,1.189817560231284,0.2858612899445115,0.8671127112476613,1.5472581749077912,1.439139562877638,0.2874490558872346,0.1808975620503179,0.0110606544388509,-0.6309496972674589,0.6901676455814866,1.654637792982166,2.461317962379076,-0.4742193281995726,-0.4872142138029161,0.0159094041570688,0.9407121689927124,0.98031682740978,1.0157195707560178,0.9463295731563568,0.959740280335727,0.9567820293666024,0.0026291068546206,0.9375729712264284,0.9882204454562352,1.0507523959650422,0.965611479821685,0.9726581356377876,0.9712583063986832,0.0021666408468806,-4.368250964845197,-7.37335142694876,0.8494909783900241,0.687301462168703,3.7389062594115066,5.349132947552277,5.614526840113932,8.148445729537174,-7.833648968558755,-21.75599290186853,-6.085504941828981,-15.49040265693386,0.039287258082725,0.0630564542275776,-78601.0088503639,-41980417.84088217,,-0.0060606060606054,-783.7576150921666,-6751.281442445469,-0.1670693980081896,0.294212915545993,-5.511651657746401,-4.452414117791077,-0.2482840080601596,0.3752591209902707,-15.187181456759792,-35.05910153314998,-150.7246540315133,-1759.2048243267916,-4.551133708428741,-4.392673864510901,-10.270177295413134,-1.8203169648359203,0.9677963397741652,medium
