feature,mean_abs_shap,reservoir
inflow,0.8465794,ResOpsUS_292
inflow_lag1,2.0254087,ResOpsUS_292
inflow_lag2,0.046466455,ResOpsUS_292
inflow_lag3,0.044744696,ResOpsUS_292
storage_lag1,0.04792483,ResOpsUS_292
storage_lag2,0.12505426,ResOpsUS_292
doy_sin,0.096717395,ResOpsUS_292
doy_cos,0.9740189,ResOpsUS_292
storage_trend,3.5743132,ResOpsUS_292
throughput_ratio,0.04078689,ResOpsUS_292
storage_norm,0.01987826,ResOpsUS_292
storage_deficit,0.058238097,ResOpsUS_292
inflow_norm,0.13241082,ResOpsUS_292
inflow_ma7,0.03212229,ResOpsUS_292
inflow_ma30,0.06944476,ResOpsUS_292
inflow_anom7,0.03750401,ResOpsUS_292
inflow,3.9544885,ResOpsUS_319
inflow_lag1,8.465424,ResOpsUS_319
inflow_lag2,0.3929841,ResOpsUS_319
inflow_lag3,0.23470531,ResOpsUS_319
storage_lag1,0.29706535,ResOpsUS_319
storage_lag2,1.3204935,ResOpsUS_319
doy_sin,0.25718445,ResOpsUS_319
doy_cos,0.9068346,ResOpsUS_319
storage_trend,4.7317224,ResOpsUS_319
throughput_ratio,0.27608734,ResOpsUS_319
storage_norm,0.11706031,ResOpsUS_319
storage_deficit,0.17871267,ResOpsUS_319
inflow_norm,0.7381772,ResOpsUS_319
inflow_ma7,1.243188,ResOpsUS_319
inflow_ma30,5.2778325,ResOpsUS_319
inflow_anom7,0.2598342,ResOpsUS_319
inflow,6.8833165,ResOpsUS_1192
inflow_lag1,0.2658219,ResOpsUS_1192
inflow_lag2,0.19172648,ResOpsUS_1192
inflow_lag3,0.17287979,ResOpsUS_1192
storage_lag1,48.98008,ResOpsUS_1192
storage_lag2,1.0272157,ResOpsUS_1192
doy_sin,0.2620637,ResOpsUS_1192
doy_cos,0.52412736,ResOpsUS_1192
storage_trend,0.060067207,ResOpsUS_1192
throughput_ratio,0.52587736,ResOpsUS_1192
storage_norm,25.599855,ResOpsUS_1192
storage_deficit,1.0798708,ResOpsUS_1192
inflow_norm,1.7713796,ResOpsUS_1192
inflow_ma7,1.2064495,ResOpsUS_1192
inflow_ma30,0.46805197,ResOpsUS_1192
inflow_anom7,0.1484089,ResOpsUS_1192
inflow,0.5592701,ResOpsUS_575
inflow_lag1,2.6771896,ResOpsUS_575
inflow_lag2,0.13121821,ResOpsUS_575
inflow_lag3,0.12709701,ResOpsUS_575
storage_lag1,0.062243342,ResOpsUS_575
storage_lag2,0.28485775,ResOpsUS_575
doy_sin,0.15201178,ResOpsUS_575
doy_cos,2.1836908,ResOpsUS_575
storage_trend,3.7979345,ResOpsUS_575
throughput_ratio,0.1664303,ResOpsUS_575
storage_norm,0.027532058,ResOpsUS_575
storage_deficit,0.05893766,ResOpsUS_575
inflow_norm,0.093377806,ResOpsUS_575
inflow_ma7,1.0458386,ResOpsUS_575
inflow_ma30,1.5791076,ResOpsUS_575
inflow_anom7,0.088515684,ResOpsUS_575
inflow,9.736541,ResOpsUS_920
inflow_lag1,0.7447314,ResOpsUS_920
inflow_lag2,0.27681264,ResOpsUS_920
inflow_lag3,0.23524998,ResOpsUS_920
storage_lag1,0.18846922,ResOpsUS_920
storage_lag2,0.25940487,ResOpsUS_920
doy_sin,0.066559985,ResOpsUS_920
doy_cos,0.08788819,ResOpsUS_920
storage_trend,0.05708828,ResOpsUS_920
throughput_ratio,0.30026203,ResOpsUS_920
storage_norm,0.025954645,ResOpsUS_920
storage_deficit,0.17129233,ResOpsUS_920
inflow_norm,2.5929937,ResOpsUS_920
inflow_ma7,0.20614293,ResOpsUS_920
inflow_ma30,0.23950504,ResOpsUS_920
inflow_anom7,0.06951511,ResOpsUS_920
inflow,0.8051871,ResOpsUS_1092
inflow_lag1,6.426219,ResOpsUS_1092
inflow_lag2,5.3942027,ResOpsUS_1092
inflow_lag3,0.5050875,ResOpsUS_1092
storage_lag1,1.0869062,ResOpsUS_1092
storage_lag2,4.5045033,ResOpsUS_1092
doy_sin,0.32586306,ResOpsUS_1092
doy_cos,0.80891156,ResOpsUS_1092
storage_trend,21.380507,ResOpsUS_1092
throughput_ratio,0.49250636,ResOpsUS_1092
storage_norm,0.659708,ResOpsUS_1092
storage_deficit,0.49340406,ResOpsUS_1092
inflow_norm,0.2327283,ResOpsUS_1092
inflow_ma7,2.6136212,ResOpsUS_1092
inflow_ma30,0.507386,ResOpsUS_1092
inflow_anom7,0.7779747,ResOpsUS_1092
inflow,355.178,ResOpsUS_1753
inflow_lag1,567.53827,ResOpsUS_1753
inflow_lag2,103.58469,ResOpsUS_1753
inflow_lag3,80.500275,ResOpsUS_1753
storage_lag1,49.047165,ResOpsUS_1753
storage_lag2,19.621046,ResOpsUS_1753
doy_sin,69.07414,ResOpsUS_1753
doy_cos,61.959846,ResOpsUS_1753
storage_trend,48.699516,ResOpsUS_1753
throughput_ratio,14.527762,ResOpsUS_1753
storage_norm,15.587928,ResOpsUS_1753
storage_deficit,56.69444,ResOpsUS_1753
inflow_norm,79.25616,ResOpsUS_1753
inflow_ma7,153.25864,ResOpsUS_1753
inflow_ma30,34.256397,ResOpsUS_1753
inflow_anom7,20.714567,ResOpsUS_1753
inflow,0.99331844,ResOpsUS_1042
inflow_lag1,10.918864,ResOpsUS_1042
inflow_lag2,0.98752874,ResOpsUS_1042
inflow_lag3,0.673522,ResOpsUS_1042
storage_lag1,3.310383,ResOpsUS_1042
storage_lag2,3.710986,ResOpsUS_1042
doy_sin,1.0439672,ResOpsUS_1042
doy_cos,1.4015357,ResOpsUS_1042
storage_trend,26.287542,ResOpsUS_1042
throughput_ratio,1.2062349,ResOpsUS_1042
storage_norm,1.7135178,ResOpsUS_1042
storage_deficit,1.4693626,ResOpsUS_1042
inflow_norm,0.30946636,ResOpsUS_1042
inflow_ma7,1.9693305,ResOpsUS_1042
inflow_ma30,7.527287,ResOpsUS_1042
inflow_anom7,0.6272925,ResOpsUS_1042
inflow,1.6083292,ResOpsUS_1762
inflow_lag1,14.222809,ResOpsUS_1762
inflow_lag2,1.1880822,ResOpsUS_1762
inflow_lag3,0.63584715,ResOpsUS_1762
storage_lag1,0.89722604,ResOpsUS_1762
storage_lag2,1.8923141,ResOpsUS_1762
doy_sin,1.9678125,ResOpsUS_1762
doy_cos,1.2244885,ResOpsUS_1762
storage_trend,18.678679,ResOpsUS_1762
throughput_ratio,1.2780203,ResOpsUS_1762
storage_norm,0.3224233,ResOpsUS_1762
storage_deficit,1.9011852,ResOpsUS_1762
inflow_norm,0.47044846,ResOpsUS_1762
inflow_ma7,1.8396553,ResOpsUS_1762
inflow_ma30,7.084096,ResOpsUS_1762
inflow_anom7,0.735216,ResOpsUS_1762
inflow,1.71509,ResOpsUS_421
inflow_lag1,12.877235,ResOpsUS_421
inflow_lag2,0.7336954,ResOpsUS_421
inflow_lag3,0.54767823,ResOpsUS_421
storage_lag1,0.21906255,ResOpsUS_421
storage_lag2,0.24400717,ResOpsUS_421
doy_sin,0.5602131,ResOpsUS_421
doy_cos,0.75995696,ResOpsUS_421
storage_trend,7.7438645,ResOpsUS_421
throughput_ratio,0.3591592,ResOpsUS_421
storage_norm,0.11560925,ResOpsUS_421
storage_deficit,0.9474771,ResOpsUS_421
inflow_norm,0.2918249,ResOpsUS_421
inflow_ma7,1.9776491,ResOpsUS_421
inflow_ma30,1.9604028,ResOpsUS_421
inflow_anom7,0.1647623,ResOpsUS_421
inflow,13.800072,ResOpsUS_415
inflow_lag1,8.808746,ResOpsUS_415
inflow_lag2,0.7848939,ResOpsUS_415
inflow_lag3,0.27501994,ResOpsUS_415
storage_lag1,0.21848415,ResOpsUS_415
storage_lag2,0.16777538,ResOpsUS_415
doy_sin,0.52624625,ResOpsUS_415
doy_cos,0.8911862,ResOpsUS_415
storage_trend,1.4336555,ResOpsUS_415
throughput_ratio,1.0748109,ResOpsUS_415
storage_norm,0.043591734,ResOpsUS_415
storage_deficit,0.19166437,ResOpsUS_415
inflow_norm,2.2773125,ResOpsUS_415
inflow_ma7,0.55245584,ResOpsUS_415
inflow_ma30,0.80200315,ResOpsUS_415
inflow_anom7,0.15643184,ResOpsUS_415
inflow,1.4537736,ResOpsUS_1017
inflow_lag1,8.922776,ResOpsUS_1017
inflow_lag2,1.3601053,ResOpsUS_1017
inflow_lag3,0.3793786,ResOpsUS_1017
storage_lag1,0.82799625,ResOpsUS_1017
storage_lag2,8.613968,ResOpsUS_1017
doy_sin,0.3481419,ResOpsUS_1017
doy_cos,0.77761894,ResOpsUS_1017
storage_trend,9.083872,ResOpsUS_1017
throughput_ratio,0.3836457,ResOpsUS_1017
storage_norm,0.3484712,ResOpsUS_1017
storage_deficit,0.34474245,ResOpsUS_1017
inflow_norm,0.30104628,ResOpsUS_1017
inflow_ma7,0.43672577,ResOpsUS_1017
inflow_ma30,0.48426607,ResOpsUS_1017
inflow_anom7,0.35163188,ResOpsUS_1017
inflow,0.010641594,ResOpsUS_1249
inflow_lag1,0.0014453132,ResOpsUS_1249
inflow_lag2,0.0006799673,ResOpsUS_1249
inflow_lag3,0.0012001367,ResOpsUS_1249
storage_lag1,0.01372054,ResOpsUS_1249
storage_lag2,0.0019521624,ResOpsUS_1249
doy_sin,0.0010754109,ResOpsUS_1249
doy_cos,0.0010168497,ResOpsUS_1249
storage_trend,0.004753229,ResOpsUS_1249
throughput_ratio,0.004261848,ResOpsUS_1249
storage_norm,0.006850938,ResOpsUS_1249
storage_deficit,0.02241363,ResOpsUS_1249
inflow_norm,0.0008407854,ResOpsUS_1249
inflow_ma7,0.0016244273,ResOpsUS_1249
inflow_ma30,0.0025892179,ResOpsUS_1249
inflow_anom7,0.00050489226,ResOpsUS_1249
inflow,0.415908,ResOpsUS_293
inflow_lag1,2.5698402,ResOpsUS_293
inflow_lag2,0.07613086,ResOpsUS_293
inflow_lag3,0.033205107,ResOpsUS_293
storage_lag1,0.06811961,ResOpsUS_293
storage_lag2,0.15294419,ResOpsUS_293
doy_sin,0.10808531,ResOpsUS_293
doy_cos,2.8907573,ResOpsUS_293
storage_trend,3.6450663,ResOpsUS_293
throughput_ratio,0.03544939,ResOpsUS_293
storage_norm,0.058510125,ResOpsUS_293
storage_deficit,0.07260656,ResOpsUS_293
inflow_norm,0.045391332,ResOpsUS_293
inflow_ma7,0.68729246,ResOpsUS_293
inflow_ma30,1.0477848,ResOpsUS_293
inflow_anom7,0.038212635,ResOpsUS_293
inflow,1.8673301,ResOpsUS_1777
inflow_lag1,21.862404,ResOpsUS_1777
inflow_lag2,2.2382045,ResOpsUS_1777
inflow_lag3,1.4623001,ResOpsUS_1777
storage_lag1,3.5805054,ResOpsUS_1777
storage_lag2,2.5873654,ResOpsUS_1777
doy_sin,2.376647,ResOpsUS_1777
doy_cos,2.0207977,ResOpsUS_1777
storage_trend,23.615795,ResOpsUS_1777
throughput_ratio,3.8885653,ResOpsUS_1777
storage_norm,1.0004972,ResOpsUS_1777
storage_deficit,5.475142,ResOpsUS_1777
inflow_norm,0.61848116,ResOpsUS_1777
inflow_ma7,27.923418,ResOpsUS_1777
inflow_ma30,30.837635,ResOpsUS_1777
inflow_anom7,1.6019008,ResOpsUS_1777
inflow,1.0035466,ResOpsUS_1883
inflow_lag1,0.038374104,ResOpsUS_1883
inflow_lag2,0.015166289,ResOpsUS_1883
inflow_lag3,0.021711916,ResOpsUS_1883
storage_lag1,7.1720777,ResOpsUS_1883
storage_lag2,0.27493882,ResOpsUS_1883
doy_sin,0.02297333,ResOpsUS_1883
doy_cos,0.117192015,ResOpsUS_1883
storage_trend,0.029466711,ResOpsUS_1883
throughput_ratio,0.053211305,ResOpsUS_1883
storage_norm,3.7655272,ResOpsUS_1883
storage_deficit,0.13492946,ResOpsUS_1883
inflow_norm,0.2647252,ResOpsUS_1883
inflow_ma7,0.054464135,ResOpsUS_1883
inflow_ma30,0.05002953,ResOpsUS_1883
inflow_anom7,0.09272425,ResOpsUS_1883
inflow,0.12182981,ResOpsUS_798
inflow_lag1,0.79131424,ResOpsUS_798
inflow_lag2,0.056186594,ResOpsUS_798
inflow_lag3,0.031601153,ResOpsUS_798
storage_lag1,0.6501339,ResOpsUS_798
storage_lag2,0.14061052,ResOpsUS_798
doy_sin,0.047738776,ResOpsUS_798
doy_cos,0.091645814,ResOpsUS_798
storage_trend,0.93911207,ResOpsUS_798
throughput_ratio,0.044951376,ResOpsUS_798
storage_norm,0.36982706,ResOpsUS_798
storage_deficit,0.060154993,ResOpsUS_798
inflow_norm,0.028576024,ResOpsUS_798
inflow_ma7,0.54552084,ResOpsUS_798
inflow_ma30,0.20993926,ResOpsUS_798
inflow_anom7,0.022827512,ResOpsUS_798
inflow,3.5163033,ResOpsUS_1756
inflow_lag1,65.36791,ResOpsUS_1756
inflow_lag2,4.4931965,ResOpsUS_1756
inflow_lag3,2.3825836,ResOpsUS_1756
storage_lag1,6.0045114,ResOpsUS_1756
storage_lag2,7.340599,ResOpsUS_1756
doy_sin,4.421247,ResOpsUS_1756
doy_cos,3.5699532,ResOpsUS_1756
storage_trend,82.94179,ResOpsUS_1756
throughput_ratio,2.0436773,ResOpsUS_1756
storage_norm,3.2508771,ResOpsUS_1756
storage_deficit,8.250794,ResOpsUS_1756
inflow_norm,1.1935544,ResOpsUS_1756
inflow_ma7,15.167707,ResOpsUS_1756
inflow_ma30,55.883884,ResOpsUS_1756
inflow_anom7,2.7429342,ResOpsUS_1756
inflow,19.626707,ResOpsUS_1036
inflow_lag1,37.924862,ResOpsUS_1036
inflow_lag2,3.721325,ResOpsUS_1036
inflow_lag3,2.3908846,ResOpsUS_1036
storage_lag1,5.0592995,ResOpsUS_1036
storage_lag2,11.53697,ResOpsUS_1036
doy_sin,4.127342,ResOpsUS_1036
doy_cos,4.022765,ResOpsUS_1036
storage_trend,93.241554,ResOpsUS_1036
throughput_ratio,1.9645171,ResOpsUS_1036
storage_norm,2.8735104,ResOpsUS_1036
storage_deficit,6.912841,ResOpsUS_1036
inflow_norm,5.956096,ResOpsUS_1036
inflow_ma7,5.603542,ResOpsUS_1036
inflow_ma30,17.036747,ResOpsUS_1036
inflow_anom7,2.6976957,ResOpsUS_1036
inflow,0.018816799,ResOpsUS_938
inflow_lag1,0.4325749,ResOpsUS_938
inflow_lag2,0.014144565,ResOpsUS_938
inflow_lag3,0.009342773,ResOpsUS_938
storage_lag1,0.027337257,ResOpsUS_938
storage_lag2,0.08905797,ResOpsUS_938
doy_sin,0.048055436,ResOpsUS_938
doy_cos,0.16515335,ResOpsUS_938
storage_trend,1.1795279,ResOpsUS_938
throughput_ratio,0.014643312,ResOpsUS_938
storage_norm,0.014549583,ResOpsUS_938
storage_deficit,0.024302969,ResOpsUS_938
inflow_norm,0.0048776097,ResOpsUS_938
inflow_ma7,0.046920665,ResOpsUS_938
inflow_ma30,0.03242553,ResOpsUS_938
inflow_anom7,0.009091649,ResOpsUS_938
inflow,1.352589,ResOpsUS_373
inflow_lag1,10.876785,ResOpsUS_373
inflow_lag2,0.7936106,ResOpsUS_373
inflow_lag3,0.57254386,ResOpsUS_373
storage_lag1,0.32637906,ResOpsUS_373
storage_lag2,0.7454753,ResOpsUS_373
doy_sin,0.5313892,ResOpsUS_373
doy_cos,7.651322,ResOpsUS_373
storage_trend,11.916686,ResOpsUS_373
throughput_ratio,0.49734494,ResOpsUS_373
storage_norm,0.18700509,ResOpsUS_373
storage_deficit,0.21396466,ResOpsUS_373
inflow_norm,0.1311279,ResOpsUS_373
inflow_ma7,4.1785755,ResOpsUS_373
inflow_ma30,5.952351,ResOpsUS_373
inflow_anom7,0.23296744,ResOpsUS_373
inflow,0.86405164,ResOpsUS_393
inflow_lag1,9.826599,ResOpsUS_393
inflow_lag2,0.684514,ResOpsUS_393
inflow_lag3,0.62585086,ResOpsUS_393
storage_lag1,0.37211055,ResOpsUS_393
storage_lag2,0.58739215,ResOpsUS_393
doy_sin,0.37824523,ResOpsUS_393
doy_cos,0.58207047,ResOpsUS_393
storage_trend,11.132092,ResOpsUS_393
throughput_ratio,0.38008973,ResOpsUS_393
storage_norm,0.14610097,ResOpsUS_393
storage_deficit,0.3610118,ResOpsUS_393
inflow_norm,0.15306887,ResOpsUS_393
inflow_ma7,3.3825648,ResOpsUS_393
inflow_ma30,7.4422584,ResOpsUS_393
inflow_anom7,0.27662653,ResOpsUS_393
inflow,4.3584313,ResOpsUS_1761
inflow_lag1,25.502337,ResOpsUS_1761
inflow_lag2,4.4786406,ResOpsUS_1761
inflow_lag3,3.070775,ResOpsUS_1761
storage_lag1,7.913523,ResOpsUS_1761
storage_lag2,21.622705,ResOpsUS_1761
doy_sin,4.5583816,ResOpsUS_1761
doy_cos,5.7535605,ResOpsUS_1761
storage_trend,48.183075,ResOpsUS_1761
throughput_ratio,2.944726,ResOpsUS_1761
storage_norm,3.5797389,ResOpsUS_1761
storage_deficit,13.292691,ResOpsUS_1761
inflow_norm,1.227939,ResOpsUS_1761
inflow_ma7,14.732936,ResOpsUS_1761
inflow_ma30,69.45706,ResOpsUS_1761
inflow_anom7,4.242457,ResOpsUS_1761
inflow,0.016231203,ResOpsUS_958
inflow_lag1,0.1562485,ResOpsUS_958
inflow_lag2,0.0025429593,ResOpsUS_958
inflow_lag3,0.007545976,ResOpsUS_958
storage_lag1,0.027365955,ResOpsUS_958
storage_lag2,0.07054968,ResOpsUS_958
doy_sin,0.009548778,ResOpsUS_958
doy_cos,0.013762981,ResOpsUS_958
storage_trend,0.15223789,ResOpsUS_958
throughput_ratio,0.14253373,ResOpsUS_958
storage_norm,0.013215072,ResOpsUS_958
storage_deficit,0.022189949,ResOpsUS_958
inflow_norm,0.0013109827,ResOpsUS_958
inflow_ma7,0.0055904468,ResOpsUS_958
inflow_ma30,0.023812985,ResOpsUS_958
inflow_anom7,0.0036525996,ResOpsUS_958
inflow,0.015082179,ResOpsUS_872
inflow_lag1,0.5440127,ResOpsUS_872
inflow_lag2,0.0152906645,ResOpsUS_872
inflow_lag3,0.011375426,ResOpsUS_872
storage_lag1,0.012633298,ResOpsUS_872
storage_lag2,0.017440075,ResOpsUS_872
doy_sin,0.026866287,ResOpsUS_872
doy_cos,0.06550001,ResOpsUS_872
storage_trend,0.79549676,ResOpsUS_872
throughput_ratio,0.02066837,ResOpsUS_872
storage_norm,0.0036765959,ResOpsUS_872
storage_deficit,0.03756829,ResOpsUS_872
inflow_norm,0.0032697655,ResOpsUS_872
inflow_ma7,0.018159311,ResOpsUS_872
inflow_ma30,0.029585738,ResOpsUS_872
inflow_anom7,0.010387351,ResOpsUS_872
inflow,0.2837268,ResOpsUS_784
inflow_lag1,0.33102807,ResOpsUS_784
inflow_lag2,0.011623125,ResOpsUS_784
inflow_lag3,0.010825656,ResOpsUS_784
storage_lag1,0.013191225,ResOpsUS_784
storage_lag2,0.081825204,ResOpsUS_784
doy_sin,0.009482785,ResOpsUS_784
doy_cos,0.015965903,ResOpsUS_784
storage_trend,0.1406176,ResOpsUS_784
throughput_ratio,0.044526674,ResOpsUS_784
storage_norm,0.013397207,ResOpsUS_784
storage_deficit,0.006223772,ResOpsUS_784
inflow_norm,0.06402737,ResOpsUS_784
inflow_ma7,0.07399001,ResOpsUS_784
inflow_ma30,0.058089435,ResOpsUS_784
inflow_anom7,0.019375496,ResOpsUS_784
inflow,0.06736675,ResOpsUS_837
inflow_lag1,0.7128845,ResOpsUS_837
inflow_lag2,0.022701036,ResOpsUS_837
inflow_lag3,0.012052227,ResOpsUS_837
storage_lag1,0.25463912,ResOpsUS_837
storage_lag2,0.12422645,ResOpsUS_837
doy_sin,0.029492596,ResOpsUS_837
doy_cos,0.024953585,ResOpsUS_837
storage_trend,0.68763244,ResOpsUS_837
throughput_ratio,0.017768286,ResOpsUS_837
storage_norm,0.14664692,ResOpsUS_837
storage_deficit,0.17554891,ResOpsUS_837
inflow_norm,0.011740491,ResOpsUS_837
inflow_ma7,0.18359219,ResOpsUS_837
inflow_ma30,0.3602392,ResOpsUS_837
inflow_anom7,0.0082296925,ResOpsUS_837
inflow,5.052796,ResOpsUS_7313
inflow_lag1,32.648243,ResOpsUS_7313
inflow_lag2,2.856224,ResOpsUS_7313
inflow_lag3,1.2853506,ResOpsUS_7313
storage_lag1,1.1932825,ResOpsUS_7313
storage_lag2,1.1370783,ResOpsUS_7313
doy_sin,0.6208869,ResOpsUS_7313
doy_cos,1.4447037,ResOpsUS_7313
storage_trend,22.330536,ResOpsUS_7313
throughput_ratio,0.685601,ResOpsUS_7313
storage_norm,0.25452042,ResOpsUS_7313
storage_deficit,1.3756133,ResOpsUS_7313
inflow_norm,0.79232174,ResOpsUS_7313
inflow_ma7,10.871487,ResOpsUS_7313
inflow_ma30,2.9084575,ResOpsUS_7313
inflow_anom7,0.38026628,ResOpsUS_7313
inflow,0.004390066,ResOpsUS_885
inflow_lag1,0.07762305,ResOpsUS_885
inflow_lag2,0.0013344499,ResOpsUS_885
inflow_lag3,0.0010399047,ResOpsUS_885
storage_lag1,0.0014526412,ResOpsUS_885
storage_lag2,0.0037732339,ResOpsUS_885
doy_sin,0.0021426058,ResOpsUS_885
doy_cos,0.007254286,ResOpsUS_885
storage_trend,0.076152585,ResOpsUS_885
throughput_ratio,0.0062973215,ResOpsUS_885
storage_norm,0.00079146266,ResOpsUS_885
storage_deficit,0.0039365017,ResOpsUS_885
inflow_norm,0.0006809561,ResOpsUS_885
inflow_ma7,0.017719802,ResOpsUS_885
inflow_ma30,0.0294498,ResOpsUS_885
inflow_anom7,0.0010152641,ResOpsUS_885
inflow,0.014129097,ResOpsUS_780
inflow_lag1,0.6448979,ResOpsUS_780
inflow_lag2,0.013909797,ResOpsUS_780
inflow_lag3,0.01202115,ResOpsUS_780
storage_lag1,0.081041284,ResOpsUS_780
storage_lag2,0.6955848,ResOpsUS_780
doy_sin,0.07412974,ResOpsUS_780
doy_cos,0.027432974,ResOpsUS_780
storage_trend,0.8908029,ResOpsUS_780
throughput_ratio,0.017787514,ResOpsUS_780
storage_norm,0.050492816,ResOpsUS_780
storage_deficit,0.33345437,ResOpsUS_780
inflow_norm,0.004204798,ResOpsUS_780
inflow_ma7,0.11007183,ResOpsUS_780
inflow_ma30,0.31040612,ResOpsUS_780
inflow_anom7,0.010575006,ResOpsUS_780
inflow,0.35395747,ResOpsUS_300
inflow_lag1,6.5328364,ResOpsUS_300
inflow_lag2,0.2997096,ResOpsUS_300
inflow_lag3,0.3331517,ResOpsUS_300
storage_lag1,0.20067702,ResOpsUS_300
storage_lag2,0.3126135,ResOpsUS_300
doy_sin,0.34772718,ResOpsUS_300
doy_cos,0.159625,ResOpsUS_300
storage_trend,7.667123,ResOpsUS_300
throughput_ratio,0.38198513,ResOpsUS_300
storage_norm,0.069375165,ResOpsUS_300
storage_deficit,0.69735014,ResOpsUS_300
inflow_norm,0.12770197,ResOpsUS_300
inflow_ma7,1.2141451,ResOpsUS_300
inflow_ma30,2.7639463,ResOpsUS_300
inflow_anom7,0.092680566,ResOpsUS_300
inflow,0.41871196,ResOpsUS_522
inflow_lag1,1.2188993,ResOpsUS_522
inflow_lag2,0.18384802,ResOpsUS_522
inflow_lag3,0.060866747,ResOpsUS_522
storage_lag1,0.11932372,ResOpsUS_522
storage_lag2,0.0876768,ResOpsUS_522
doy_sin,0.060619246,ResOpsUS_522
doy_cos,0.09265394,ResOpsUS_522
storage_trend,1.544211,ResOpsUS_522
throughput_ratio,0.11022736,ResOpsUS_522
storage_norm,0.027086576,ResOpsUS_522
storage_deficit,0.052112117,ResOpsUS_522
inflow_norm,0.07202705,ResOpsUS_522
inflow_ma7,0.09316279,ResOpsUS_522
inflow_ma30,0.28227782,ResOpsUS_522
inflow_anom7,0.033589814,ResOpsUS_522
inflow,10.0925255,ResOpsUS_1026
inflow_lag1,22.200018,ResOpsUS_1026
inflow_lag2,4.5818005,ResOpsUS_1026
inflow_lag3,2.271686,ResOpsUS_1026
storage_lag1,3.917756,ResOpsUS_1026
storage_lag2,3.7122045,ResOpsUS_1026
doy_sin,2.609901,ResOpsUS_1026
doy_cos,2.3791506,ResOpsUS_1026
storage_trend,29.079214,ResOpsUS_1026
throughput_ratio,4.760121,ResOpsUS_1026
storage_norm,3.3782659,ResOpsUS_1026
storage_deficit,3.120457,ResOpsUS_1026
inflow_norm,2.2759008,ResOpsUS_1026
inflow_ma7,15.222459,ResOpsUS_1026
inflow_ma30,35.77149,ResOpsUS_1026
inflow_anom7,1.7113996,ResOpsUS_1026
inflow,0.028388096,ResOpsUS_882
inflow_lag1,0.24658565,ResOpsUS_882
inflow_lag2,0.041275375,ResOpsUS_882
inflow_lag3,0.027531378,ResOpsUS_882
storage_lag1,0.0069033136,ResOpsUS_882
storage_lag2,0.026701963,ResOpsUS_882
doy_sin,0.00721054,ResOpsUS_882
doy_cos,0.03246709,ResOpsUS_882
storage_trend,0.3298045,ResOpsUS_882
throughput_ratio,0.009409572,ResOpsUS_882
storage_norm,0.003870598,ResOpsUS_882
storage_deficit,0.033626344,ResOpsUS_882
inflow_norm,0.0062310486,ResOpsUS_882
inflow_ma7,0.16181318,ResOpsUS_882
inflow_ma30,0.10050236,ResOpsUS_882
inflow_anom7,0.0065724445,ResOpsUS_882
inflow,2.8077295,ResOpsUS_898
inflow_lag1,15.80146,ResOpsUS_898
inflow_lag2,1.6405306,ResOpsUS_898
inflow_lag3,0.33050087,ResOpsUS_898
storage_lag1,0.33833835,ResOpsUS_898
storage_lag2,0.430621,ResOpsUS_898
doy_sin,1.9072199,ResOpsUS_898
doy_cos,5.7704077,ResOpsUS_898
storage_trend,31.18437,ResOpsUS_898
throughput_ratio,0.32896718,ResOpsUS_898
storage_norm,0.18256153,ResOpsUS_898
storage_deficit,0.29150614,ResOpsUS_898
inflow_norm,0.20797627,ResOpsUS_898
inflow_ma7,1.9758292,ResOpsUS_898
inflow_ma30,1.1886692,ResOpsUS_898
inflow_anom7,0.26322508,ResOpsUS_898
inflow,0.22138765,ResOpsUS_497
inflow_lag1,1.1694461,ResOpsUS_497
inflow_lag2,0.1090406,ResOpsUS_497
inflow_lag3,0.025688037,ResOpsUS_497
storage_lag1,0.05604652,ResOpsUS_497
storage_lag2,0.11628083,ResOpsUS_497
doy_sin,0.039159343,ResOpsUS_497
doy_cos,0.029249685,ResOpsUS_497
storage_trend,1.060856,ResOpsUS_497
throughput_ratio,0.035275184,ResOpsUS_497
storage_norm,0.038778998,ResOpsUS_497
storage_deficit,0.07730621,ResOpsUS_497
inflow_norm,0.034021903,ResOpsUS_497
inflow_ma7,0.16224697,ResOpsUS_497
inflow_ma30,0.23768875,ResOpsUS_497
inflow_anom7,0.028258204,ResOpsUS_497
inflow,0.0657024,ResOpsUS_529
inflow_lag1,0.36308235,ResOpsUS_529
inflow_lag2,0.047828205,ResOpsUS_529
inflow_lag3,0.0062629697,ResOpsUS_529
storage_lag1,0.042893343,ResOpsUS_529
storage_lag2,0.011036468,ResOpsUS_529
doy_sin,0.008117433,ResOpsUS_529
doy_cos,0.00713287,ResOpsUS_529
storage_trend,0.1589176,ResOpsUS_529
throughput_ratio,0.013135865,ResOpsUS_529
storage_norm,0.010534173,ResOpsUS_529
storage_deficit,0.0113862315,ResOpsUS_529
inflow_norm,0.013594135,ResOpsUS_529
inflow_ma7,0.07490606,ResOpsUS_529
inflow_ma30,0.017856453,ResOpsUS_529
inflow_anom7,0.0073026954,ResOpsUS_529
inflow,0.04021129,ResOpsUS_936
inflow_lag1,0.17997073,ResOpsUS_936
inflow_lag2,0.032167856,ResOpsUS_936
inflow_lag3,0.035991374,ResOpsUS_936
storage_lag1,0.031395346,ResOpsUS_936
storage_lag2,0.12800278,ResOpsUS_936
doy_sin,0.11692337,ResOpsUS_936
doy_cos,0.3778837,ResOpsUS_936
storage_trend,0.5042519,ResOpsUS_936
throughput_ratio,0.11534826,ResOpsUS_936
storage_norm,0.0051704603,ResOpsUS_936
storage_deficit,0.32896766,ResOpsUS_936
inflow_norm,0.0044218106,ResOpsUS_936
inflow_ma7,0.009492589,ResOpsUS_936
inflow_ma30,0.53290266,ResOpsUS_936
inflow_anom7,0.0058836946,ResOpsUS_936
inflow,2.0665028,ResOpsUS_1848
inflow_lag1,22.733046,ResOpsUS_1848
inflow_lag2,1.1531394,ResOpsUS_1848
inflow_lag3,0.6707017,ResOpsUS_1848
storage_lag1,0.5597336,ResOpsUS_1848
storage_lag2,0.57218665,ResOpsUS_1848
doy_sin,0.8990273,ResOpsUS_1848
doy_cos,2.2666867,ResOpsUS_1848
storage_trend,36.802418,ResOpsUS_1848
throughput_ratio,1.5033904,ResOpsUS_1848
storage_norm,0.32128808,ResOpsUS_1848
storage_deficit,4.569313,ResOpsUS_1848
inflow_norm,0.51026535,ResOpsUS_1848
inflow_ma7,0.75882715,ResOpsUS_1848
inflow_ma30,1.2315422,ResOpsUS_1848
inflow_anom7,0.73612285,ResOpsUS_1848
inflow,1.0369618,ResOpsUS_1869
inflow_lag1,18.293173,ResOpsUS_1869
inflow_lag2,0.7848928,ResOpsUS_1869
inflow_lag3,0.537229,ResOpsUS_1869
storage_lag1,0.57277447,ResOpsUS_1869
storage_lag2,0.5008351,ResOpsUS_1869
doy_sin,0.801675,ResOpsUS_1869
doy_cos,3.014377,ResOpsUS_1869
storage_trend,29.815094,ResOpsUS_1869
throughput_ratio,1.2399868,ResOpsUS_1869
storage_norm,0.20972893,ResOpsUS_1869
storage_deficit,3.8186595,ResOpsUS_1869
inflow_norm,0.39361632,ResOpsUS_1869
inflow_ma7,1.2188612,ResOpsUS_1869
inflow_ma30,1.0745782,ResOpsUS_1869
inflow_anom7,0.92168427,ResOpsUS_1869
inflow,3.7193992,ResOpsUS_1112
inflow_lag1,16.829014,ResOpsUS_1112
inflow_lag2,1.1113721,ResOpsUS_1112
inflow_lag3,0.8553868,ResOpsUS_1112
storage_lag1,1.0894175,ResOpsUS_1112
storage_lag2,11.198416,ResOpsUS_1112
doy_sin,1.5084368,ResOpsUS_1112
doy_cos,1.0060912,ResOpsUS_1112
storage_trend,22.729237,ResOpsUS_1112
throughput_ratio,2.937812,ResOpsUS_1112
storage_norm,0.69410765,ResOpsUS_1112
storage_deficit,1.4912544,ResOpsUS_1112
inflow_norm,1.2655003,ResOpsUS_1112
inflow_ma7,1.0502536,ResOpsUS_1112
inflow_ma30,7.5471497,ResOpsUS_1112
inflow_anom7,1.1053758,ResOpsUS_1112
inflow,1.6598655,ResOpsUS_601
inflow_lag1,7.558152,ResOpsUS_601
inflow_lag2,1.0733191,ResOpsUS_601
inflow_lag3,0.10382001,ResOpsUS_601
storage_lag1,0.31990415,ResOpsUS_601
storage_lag2,0.22393045,ResOpsUS_601
doy_sin,0.27979037,ResOpsUS_601
doy_cos,2.2219138,ResOpsUS_601
storage_trend,10.6971855,ResOpsUS_601
throughput_ratio,0.57518953,ResOpsUS_601
storage_norm,0.07343772,ResOpsUS_601
storage_deficit,0.5513948,ResOpsUS_601
inflow_norm,0.42004862,ResOpsUS_601
inflow_ma7,3.5889373,ResOpsUS_601
inflow_ma30,1.6135036,ResOpsUS_601
inflow_anom7,0.09505649,ResOpsUS_601
inflow,1.759014,ResOpsUS_451
inflow_lag1,16.743435,ResOpsUS_451
inflow_lag2,1.1208163,ResOpsUS_451
inflow_lag3,1.2934557,ResOpsUS_451
storage_lag1,0.44809648,ResOpsUS_451
storage_lag2,1.6593115,ResOpsUS_451
doy_sin,0.56534475,ResOpsUS_451
doy_cos,1.6442266,ResOpsUS_451
storage_trend,15.089515,ResOpsUS_451
throughput_ratio,0.58578604,ResOpsUS_451
storage_norm,0.22349992,ResOpsUS_451
storage_deficit,2.385363,ResOpsUS_451
inflow_norm,0.13718799,ResOpsUS_451
inflow_ma7,2.258392,ResOpsUS_451
inflow_ma30,0.3601483,ResOpsUS_451
inflow_anom7,0.23493779,ResOpsUS_451
inflow,6.6981945,ResOpsUS_1851
inflow_lag1,3.2096694,ResOpsUS_1851
inflow_lag2,5.2571244,ResOpsUS_1851
inflow_lag3,4.8595576,ResOpsUS_1851
storage_lag1,7.487502,ResOpsUS_1851
storage_lag2,3.807284,ResOpsUS_1851
doy_sin,6.1515408,ResOpsUS_1851
doy_cos,4.5563927,ResOpsUS_1851
storage_trend,8.547672,ResOpsUS_1851
throughput_ratio,7.784905,ResOpsUS_1851
storage_norm,2.9015326,ResOpsUS_1851
storage_deficit,14.620037,ResOpsUS_1851
inflow_norm,1.2261717,ResOpsUS_1851
inflow_ma7,5.0637665,ResOpsUS_1851
inflow_ma30,23.126202,ResOpsUS_1851
inflow_anom7,2.6578078,ResOpsUS_1851
inflow,0.7918313,ResOpsUS_1067
inflow_lag1,12.412609,ResOpsUS_1067
inflow_lag2,1.1070542,ResOpsUS_1067
inflow_lag3,0.72836477,ResOpsUS_1067
storage_lag1,3.0237923,ResOpsUS_1067
storage_lag2,9.586051,ResOpsUS_1067
doy_sin,1.5183032,ResOpsUS_1067
doy_cos,2.1751254,ResOpsUS_1067
storage_trend,20.981894,ResOpsUS_1067
throughput_ratio,0.71444184,ResOpsUS_1067
storage_norm,1.6687334,ResOpsUS_1067
storage_deficit,1.9842812,ResOpsUS_1067
inflow_norm,0.2616805,ResOpsUS_1067
inflow_ma7,1.2776268,ResOpsUS_1067
inflow_ma30,3.3012402,ResOpsUS_1067
inflow_anom7,0.7372227,ResOpsUS_1067
inflow,0.45887104,ResOpsUS_1864
inflow_lag1,10.034826,ResOpsUS_1864
inflow_lag2,0.36695462,ResOpsUS_1864
inflow_lag3,0.21636386,ResOpsUS_1864
storage_lag1,0.33083412,ResOpsUS_1864
storage_lag2,0.30997676,ResOpsUS_1864
doy_sin,0.44000962,ResOpsUS_1864
doy_cos,1.3497694,ResOpsUS_1864
storage_trend,17.369638,ResOpsUS_1864
throughput_ratio,0.5967293,ResOpsUS_1864
storage_norm,0.16795696,ResOpsUS_1864
storage_deficit,1.7071247,ResOpsUS_1864
inflow_norm,0.15731356,ResOpsUS_1864
inflow_ma7,0.6719361,ResOpsUS_1864
inflow_ma30,0.35568708,ResOpsUS_1864
inflow_anom7,0.49075833,ResOpsUS_1864
inflow,2.066905,ResOpsUS_1776
inflow_lag1,5.352455,ResOpsUS_1776
inflow_lag2,0.6526316,ResOpsUS_1776
inflow_lag3,0.14985263,ResOpsUS_1776
storage_lag1,1.3052416,ResOpsUS_1776
storage_lag2,3.593181,ResOpsUS_1776
doy_sin,0.12658672,ResOpsUS_1776
doy_cos,0.221137,ResOpsUS_1776
storage_trend,1.5945241,ResOpsUS_1776
throughput_ratio,0.26079288,ResOpsUS_1776
storage_norm,0.53653026,ResOpsUS_1776
storage_deficit,0.40604454,ResOpsUS_1776
inflow_norm,0.46978122,ResOpsUS_1776
inflow_ma7,0.9238869,ResOpsUS_1776
inflow_ma30,0.33588576,ResOpsUS_1776
inflow_anom7,0.27771223,ResOpsUS_1776
inflow,3.5102284,ResOpsUS_597
inflow_lag1,72.134674,ResOpsUS_597
inflow_lag2,1.9097515,ResOpsUS_597
inflow_lag3,2.145728,ResOpsUS_597
storage_lag1,1.8536878,ResOpsUS_597
storage_lag2,2.373141,ResOpsUS_597
doy_sin,6.087836,ResOpsUS_597
doy_cos,4.145389,ResOpsUS_597
storage_trend,76.70263,ResOpsUS_597
throughput_ratio,1.8168695,ResOpsUS_597
storage_norm,0.87465,ResOpsUS_597
storage_deficit,11.171031,ResOpsUS_597
inflow_norm,0.9077282,ResOpsUS_597
inflow_ma7,6.4055815,ResOpsUS_597
inflow_ma30,11.906943,ResOpsUS_597
inflow_anom7,1.0654032,ResOpsUS_597
inflow,0.15638243,ResOpsUS_574
inflow_lag1,0.86678517,ResOpsUS_574
inflow_lag2,0.0221933,ResOpsUS_574
inflow_lag3,0.03331092,ResOpsUS_574
storage_lag1,0.01707557,ResOpsUS_574
storage_lag2,0.083811104,ResOpsUS_574
doy_sin,0.042376027,ResOpsUS_574
doy_cos,0.7946827,ResOpsUS_574
storage_trend,1.1668925,ResOpsUS_574
throughput_ratio,0.051467,ResOpsUS_574
storage_norm,0.0076770997,ResOpsUS_574
storage_deficit,0.020557184,ResOpsUS_574
inflow_norm,0.030154934,ResOpsUS_574
inflow_ma7,0.22842795,ResOpsUS_574
inflow_ma30,0.27605295,ResOpsUS_574
inflow_anom7,0.02759183,ResOpsUS_574
inflow,0.18593828,ResOpsUS_1237
inflow_lag1,0.20835133,ResOpsUS_1237
inflow_lag2,0.40495732,ResOpsUS_1237
inflow_lag3,0.25507542,ResOpsUS_1237
storage_lag1,0.74759364,ResOpsUS_1237
storage_lag2,1.8130811,ResOpsUS_1237
doy_sin,0.19630887,ResOpsUS_1237
doy_cos,0.3134323,ResOpsUS_1237
storage_trend,3.617744,ResOpsUS_1237
throughput_ratio,0.17816205,ResOpsUS_1237
storage_norm,0.48496616,ResOpsUS_1237
storage_deficit,0.26790518,ResOpsUS_1237
inflow_norm,0.06450391,ResOpsUS_1237
inflow_ma7,0.63384664,ResOpsUS_1237
inflow_ma30,1.0451357,ResOpsUS_1237
inflow_anom7,0.20194155,ResOpsUS_1237
inflow,3.1232378,ResOpsUS_1033
inflow_lag1,12.607389,ResOpsUS_1033
inflow_lag2,1.5034798,ResOpsUS_1033
inflow_lag3,0.7363077,ResOpsUS_1033
storage_lag1,6.2389235,ResOpsUS_1033
storage_lag2,3.143558,ResOpsUS_1033
doy_sin,1.3314861,ResOpsUS_1033
doy_cos,1.6932328,ResOpsUS_1033
storage_trend,17.260025,ResOpsUS_1033
throughput_ratio,1.9747801,ResOpsUS_1033
storage_norm,3.6400769,ResOpsUS_1033
storage_deficit,1.1469357,ResOpsUS_1033
inflow_norm,0.5616046,ResOpsUS_1033
inflow_ma7,1.4599359,ResOpsUS_1033
inflow_ma30,2.5915246,ResOpsUS_1033
inflow_anom7,1.1940296,ResOpsUS_1033
inflow,0.14305334,ResOpsUS_385
inflow_lag1,0.40349382,ResOpsUS_385
inflow_lag2,0.016476259,ResOpsUS_385
inflow_lag3,0.007780706,ResOpsUS_385
storage_lag1,0.018875854,ResOpsUS_385
storage_lag2,0.074703164,ResOpsUS_385
doy_sin,0.01339517,ResOpsUS_385
doy_cos,0.052775763,ResOpsUS_385
storage_trend,0.3853306,ResOpsUS_385
throughput_ratio,0.007206662,ResOpsUS_385
storage_norm,0.016495457,ResOpsUS_385
storage_deficit,0.024240619,ResOpsUS_385
inflow_norm,0.020853372,ResOpsUS_385
inflow_ma7,0.068701364,ResOpsUS_385
inflow_ma30,0.21503948,ResOpsUS_385
inflow_anom7,0.010141031,ResOpsUS_385
inflow,0.13883898,ResOpsUS_362
inflow_lag1,1.6348013,ResOpsUS_362
inflow_lag2,0.0378208,ResOpsUS_362
inflow_lag3,0.028736386,ResOpsUS_362
storage_lag1,0.03306489,ResOpsUS_362
storage_lag2,0.17049606,ResOpsUS_362
doy_sin,0.051611826,ResOpsUS_362
doy_cos,0.59782976,ResOpsUS_362
storage_trend,4.742114,ResOpsUS_362
throughput_ratio,0.026191264,ResOpsUS_362
storage_norm,0.011123797,ResOpsUS_362
storage_deficit,0.45953745,ResOpsUS_362
inflow_norm,0.024814641,ResOpsUS_362
inflow_ma7,0.3110637,ResOpsUS_362
inflow_ma30,0.7621268,ResOpsUS_362
inflow_anom7,0.020850094,ResOpsUS_362
inflow,0.40711334,ResOpsUS_372
inflow_lag1,1.0353765,ResOpsUS_372
inflow_lag2,0.09040895,ResOpsUS_372
inflow_lag3,0.014360278,ResOpsUS_372
storage_lag1,0.022540256,ResOpsUS_372
storage_lag2,0.12846732,ResOpsUS_372
doy_sin,0.020148126,ResOpsUS_372
doy_cos,0.39383927,ResOpsUS_372
storage_trend,0.8554511,ResOpsUS_372
throughput_ratio,0.04525582,ResOpsUS_372
storage_norm,0.0112180505,ResOpsUS_372
storage_deficit,0.05478407,ResOpsUS_372
inflow_norm,0.086440146,ResOpsUS_372
inflow_ma7,0.040824987,ResOpsUS_372
inflow_ma30,0.1281415,ResOpsUS_372
inflow_anom7,0.014687106,ResOpsUS_372
inflow,1.6135821,ResOpsUS_384
inflow_lag1,12.374625,ResOpsUS_384
inflow_lag2,0.35717744,ResOpsUS_384
inflow_lag3,0.24187474,ResOpsUS_384
storage_lag1,0.3112697,ResOpsUS_384
storage_lag2,0.37105075,ResOpsUS_384
doy_sin,0.35558748,ResOpsUS_384
doy_cos,9.723237,ResOpsUS_384
storage_trend,14.670293,ResOpsUS_384
throughput_ratio,0.2107659,ResOpsUS_384
storage_norm,0.075742014,ResOpsUS_384
storage_deficit,0.28803328,ResOpsUS_384
inflow_norm,0.21831158,ResOpsUS_384
inflow_ma7,3.0420196,ResOpsUS_384
inflow_ma30,2.6905243,ResOpsUS_384
inflow_anom7,0.14437951,ResOpsUS_384
inflow,1.2394894,ResOpsUS_386
inflow_lag1,5.3315935,ResOpsUS_386
inflow_lag2,0.4264182,ResOpsUS_386
inflow_lag3,0.21028267,ResOpsUS_386
storage_lag1,1.1396651,ResOpsUS_386
storage_lag2,1.7483156,ResOpsUS_386
doy_sin,0.37856358,ResOpsUS_386
doy_cos,3.011508,ResOpsUS_386
storage_trend,6.094799,ResOpsUS_386
throughput_ratio,0.33053425,ResOpsUS_386
storage_norm,0.5902002,ResOpsUS_386
storage_deficit,0.321341,ResOpsUS_386
inflow_norm,0.21132128,ResOpsUS_386
inflow_ma7,2.766666,ResOpsUS_386
inflow_ma30,0.84543926,ResOpsUS_386
inflow_anom7,0.09743408,ResOpsUS_386
inflow,0.20256905,ResOpsUS_55
inflow_lag1,2.2825477,ResOpsUS_55
inflow_lag2,0.2102313,ResOpsUS_55
inflow_lag3,0.03879234,ResOpsUS_55
storage_lag1,0.11386023,ResOpsUS_55
storage_lag2,0.7371256,ResOpsUS_55
doy_sin,0.21294484,ResOpsUS_55
doy_cos,1.1368084,ResOpsUS_55
storage_trend,6.788778,ResOpsUS_55
throughput_ratio,0.04576609,ResOpsUS_55
storage_norm,0.06712781,ResOpsUS_55
storage_deficit,0.08309866,ResOpsUS_55
inflow_norm,0.05062231,ResOpsUS_55
inflow_ma7,0.107923575,ResOpsUS_55
inflow_ma30,0.11776285,ResOpsUS_55
inflow_anom7,0.038657498,ResOpsUS_55
inflow,0.075320914,ResOpsUS_57
inflow_lag1,1.5406456,ResOpsUS_57
inflow_lag2,0.08453368,ResOpsUS_57
inflow_lag3,0.041720916,ResOpsUS_57
storage_lag1,0.11866005,ResOpsUS_57
storage_lag2,0.55333966,ResOpsUS_57
doy_sin,0.2908043,ResOpsUS_57
doy_cos,1.0653048,ResOpsUS_57
storage_trend,8.201109,ResOpsUS_57
throughput_ratio,0.08167004,ResOpsUS_57
storage_norm,0.055643737,ResOpsUS_57
storage_deficit,0.068287194,ResOpsUS_57
inflow_norm,0.040808473,ResOpsUS_57
inflow_ma7,0.25307202,ResOpsUS_57
inflow_ma30,0.08719509,ResOpsUS_57
inflow_anom7,0.030311642,ResOpsUS_57
inflow,0.3038744,ResOpsUS_60
inflow_lag1,1.6978906,ResOpsUS_60
inflow_lag2,0.28661716,ResOpsUS_60
inflow_lag3,0.102411374,ResOpsUS_60
storage_lag1,0.06803467,ResOpsUS_60
storage_lag2,0.11841453,ResOpsUS_60
doy_sin,0.07152107,ResOpsUS_60
doy_cos,0.054712467,ResOpsUS_60
storage_trend,1.8553624,ResOpsUS_60
throughput_ratio,0.10059754,ResOpsUS_60
storage_norm,0.027772712,ResOpsUS_60
storage_deficit,0.060551364,ResOpsUS_60
inflow_norm,0.052564748,ResOpsUS_60
inflow_ma7,1.8382322,ResOpsUS_60
inflow_ma30,0.65158844,ResOpsUS_60
inflow_anom7,0.08634336,ResOpsUS_60
inflow,0.53854454,ResOpsUS_572
inflow_lag1,9.785505,ResOpsUS_572
inflow_lag2,0.098675296,ResOpsUS_572
inflow_lag3,0.34285232,ResOpsUS_572
storage_lag1,2.8489661,ResOpsUS_572
storage_lag2,8.150165,ResOpsUS_572
doy_sin,0.08889079,ResOpsUS_572
doy_cos,0.17596261,ResOpsUS_572
storage_trend,18.291208,ResOpsUS_572
throughput_ratio,0.13620457,ResOpsUS_572
storage_norm,1.0631661,ResOpsUS_572
storage_deficit,1.2555989,ResOpsUS_572
inflow_norm,0.046101,ResOpsUS_572
inflow_ma7,0.09496569,ResOpsUS_572
inflow_ma30,0.46245468,ResOpsUS_572
inflow_anom7,1.4743859,ResOpsUS_572
inflow,1.2028975,ResOpsUS_1101
inflow_lag1,14.966219,ResOpsUS_1101
inflow_lag2,0.55415344,ResOpsUS_1101
inflow_lag3,0.361632,ResOpsUS_1101
storage_lag1,0.55130893,ResOpsUS_1101
storage_lag2,1.4129474,ResOpsUS_1101
doy_sin,0.88382864,ResOpsUS_1101
doy_cos,2.7771392,ResOpsUS_1101
storage_trend,25.954594,ResOpsUS_1101
throughput_ratio,0.6713156,ResOpsUS_1101
storage_norm,0.22937563,ResOpsUS_1101
storage_deficit,2.4640782,ResOpsUS_1101
inflow_norm,0.30244535,ResOpsUS_1101
inflow_ma7,0.6985556,ResOpsUS_1101
inflow_ma30,2.2941332,ResOpsUS_1101
inflow_anom7,0.5572108,ResOpsUS_1101
inflow,0.009373316,ResOpsUS_939
inflow_lag1,0.11541425,ResOpsUS_939
inflow_lag2,0.0075108847,ResOpsUS_939
inflow_lag3,0.0042786193,ResOpsUS_939
storage_lag1,0.011163633,ResOpsUS_939
storage_lag2,0.038055625,ResOpsUS_939
doy_sin,0.035101786,ResOpsUS_939
doy_cos,0.076600865,ResOpsUS_939
storage_trend,0.22525753,ResOpsUS_939
throughput_ratio,0.006160664,ResOpsUS_939
storage_norm,0.004202123,ResOpsUS_939
storage_deficit,0.009027408,ResOpsUS_939
inflow_norm,0.0027509013,ResOpsUS_939
inflow_ma7,0.0075757923,ResOpsUS_939
inflow_ma30,0.013574403,ResOpsUS_939
inflow_anom7,0.003401089,ResOpsUS_939
inflow,306.99304,ResOpsUS_1752
inflow_lag1,149.15538,ResOpsUS_1752
inflow_lag2,21.18091,ResOpsUS_1752
inflow_lag3,5.8067875,ResOpsUS_1752
storage_lag1,4.903622,ResOpsUS_1752
storage_lag2,9.877764,ResOpsUS_1752
doy_sin,6.050612,ResOpsUS_1752
doy_cos,11.819917,ResOpsUS_1752
storage_trend,83.7306,ResOpsUS_1752
throughput_ratio,12.174561,ResOpsUS_1752
storage_norm,1.5240842,ResOpsUS_1752
storage_deficit,23.849682,ResOpsUS_1752
inflow_norm,74.72016,ResOpsUS_1752
inflow_ma7,13.298764,ResOpsUS_1752
inflow_ma30,7.0334425,ResOpsUS_1752
inflow_anom7,5.3077574,ResOpsUS_1752
inflow,3.2468765,ResOpsUS_423
inflow_lag1,13.697535,ResOpsUS_423
inflow_lag2,4.3758492,ResOpsUS_423
inflow_lag3,0.34615025,ResOpsUS_423
storage_lag1,0.24283367,ResOpsUS_423
storage_lag2,0.24693662,ResOpsUS_423
doy_sin,0.44331098,ResOpsUS_423
doy_cos,0.37695524,ResOpsUS_423
storage_trend,11.204763,ResOpsUS_423
throughput_ratio,0.5791224,ResOpsUS_423
storage_norm,0.11674692,ResOpsUS_423
storage_deficit,0.28182206,ResOpsUS_423
inflow_norm,0.77301,ResOpsUS_423
inflow_ma7,9.1333475,ResOpsUS_423
inflow_ma30,0.5553883,ResOpsUS_423
inflow_anom7,0.32120383,ResOpsUS_423
inflow,1.8237257,ResOpsUS_355
inflow_lag1,18.088175,ResOpsUS_355
inflow_lag2,1.618018,ResOpsUS_355
inflow_lag3,1.296588,ResOpsUS_355
storage_lag1,0.53843105,ResOpsUS_355
storage_lag2,0.7989185,ResOpsUS_355
doy_sin,0.9841373,ResOpsUS_355
doy_cos,1.3874722,ResOpsUS_355
storage_trend,15.343298,ResOpsUS_355
throughput_ratio,0.80673903,ResOpsUS_355
storage_norm,0.21126413,ResOpsUS_355
storage_deficit,1.3037852,ResOpsUS_355
inflow_norm,0.22608462,ResOpsUS_355
inflow_ma7,20.88704,ResOpsUS_355
inflow_ma30,9.089416,ResOpsUS_355
inflow_anom7,0.44972506,ResOpsUS_355
inflow,0.0063690403,ResOpsUS_953
inflow_lag1,0.059014384,ResOpsUS_953
inflow_lag2,0.003386555,ResOpsUS_953
inflow_lag3,0.005092032,ResOpsUS_953
storage_lag1,0.003600002,ResOpsUS_953
storage_lag2,0.0016506821,ResOpsUS_953
doy_sin,0.008648387,ResOpsUS_953
doy_cos,0.028980535,ResOpsUS_953
storage_trend,0.09880517,ResOpsUS_953
throughput_ratio,0.0046078064,ResOpsUS_953
storage_norm,0.0007690606,ResOpsUS_953
storage_deficit,0.0026840584,ResOpsUS_953
inflow_norm,0.0031167604,ResOpsUS_953
inflow_ma7,0.0051115057,ResOpsUS_953
inflow_ma30,0.003424324,ResOpsUS_953
inflow_anom7,0.002755132,ResOpsUS_953
inflow,0.52282107,ResOpsUS_449
inflow_lag1,2.0456042,ResOpsUS_449
inflow_lag2,0.052533142,ResOpsUS_449
inflow_lag3,0.026566552,ResOpsUS_449
storage_lag1,0.05267488,ResOpsUS_449
storage_lag2,0.11542608,ResOpsUS_449
doy_sin,0.09552194,ResOpsUS_449
doy_cos,0.34508142,ResOpsUS_449
storage_trend,3.8432415,ResOpsUS_449
throughput_ratio,0.047390316,ResOpsUS_449
storage_norm,0.017073777,ResOpsUS_449
storage_deficit,0.064504564,ResOpsUS_449
inflow_norm,0.105638556,ResOpsUS_449
inflow_ma7,0.7339854,ResOpsUS_449
inflow_ma30,0.9172031,ResOpsUS_449
inflow_anom7,0.031086493,ResOpsUS_449
inflow,0.37692994,ResOpsUS_477
inflow_lag1,1.9901814,ResOpsUS_477
inflow_lag2,0.12595144,ResOpsUS_477
inflow_lag3,0.044076312,ResOpsUS_477
storage_lag1,0.030567406,ResOpsUS_477
storage_lag2,0.10706649,ResOpsUS_477
doy_sin,0.079812706,ResOpsUS_477
doy_cos,0.47152779,ResOpsUS_477
storage_trend,3.4709003,ResOpsUS_477
throughput_ratio,0.09195081,ResOpsUS_477
storage_norm,0.016611004,ResOpsUS_477
storage_deficit,0.04129605,ResOpsUS_477
inflow_norm,0.06792133,ResOpsUS_477
inflow_ma7,0.43638933,ResOpsUS_477
inflow_ma30,1.3227035,ResOpsUS_477
inflow_anom7,0.049846787,ResOpsUS_477
inflow,0.9475786,ResOpsUS_131
inflow_lag1,13.391599,ResOpsUS_131
inflow_lag2,1.0541446,ResOpsUS_131
inflow_lag3,0.27206132,ResOpsUS_131
storage_lag1,0.47895953,ResOpsUS_131
storage_lag2,5.047427,ResOpsUS_131
doy_sin,0.7046467,ResOpsUS_131
doy_cos,2.115897,ResOpsUS_131
storage_trend,23.70197,ResOpsUS_131
throughput_ratio,0.680325,ResOpsUS_131
storage_norm,0.34817383,ResOpsUS_131
storage_deficit,0.81808907,ResOpsUS_131
inflow_norm,0.26286277,ResOpsUS_131
inflow_ma7,1.9456308,ResOpsUS_131
inflow_ma30,2.0502222,ResOpsUS_131
inflow_anom7,0.48597473,ResOpsUS_131
inflow,0.10210786,ResOpsUS_367
inflow_lag1,0.72132695,ResOpsUS_367
inflow_lag2,0.03498176,ResOpsUS_367
inflow_lag3,0.01681377,ResOpsUS_367
storage_lag1,0.025724493,ResOpsUS_367
storage_lag2,0.36650324,ResOpsUS_367
doy_sin,0.031707972,ResOpsUS_367
doy_cos,1.0017928,ResOpsUS_367
storage_trend,1.4583095,ResOpsUS_367
throughput_ratio,0.034471102,ResOpsUS_367
storage_norm,0.0136222225,ResOpsUS_367
storage_deficit,0.043795273,ResOpsUS_367
inflow_norm,0.017206794,ResOpsUS_367
inflow_ma7,0.08890361,ResOpsUS_367
inflow_ma30,0.12820444,ResOpsUS_367
inflow_anom7,0.010802298,ResOpsUS_367
inflow,174.18065,ResOpsUS_895
inflow_lag1,125.572495,ResOpsUS_895
inflow_lag2,36.790783,ResOpsUS_895
inflow_lag3,8.523081,ResOpsUS_895
storage_lag1,2.254791,ResOpsUS_895
storage_lag2,2.800878,ResOpsUS_895
doy_sin,6.19661,ResOpsUS_895
doy_cos,19.98196,ResOpsUS_895
storage_trend,24.177797,ResOpsUS_895
throughput_ratio,23.16503,ResOpsUS_895
storage_norm,0.83640176,ResOpsUS_895
storage_deficit,1.8613842,ResOpsUS_895
inflow_norm,40.619705,ResOpsUS_895
inflow_ma7,61.49925,ResOpsUS_895
inflow_ma30,3.6612926,ResOpsUS_895
inflow_anom7,1.8172145,ResOpsUS_895
inflow,7.9072065,ResOpsUS_753
inflow_lag1,100.43891,ResOpsUS_753
inflow_lag2,9.474952,ResOpsUS_753
inflow_lag3,1.4694492,ResOpsUS_753
storage_lag1,3.693576,ResOpsUS_753
storage_lag2,10.206574,ResOpsUS_753
doy_sin,12.55411,ResOpsUS_753
doy_cos,7.8967443,ResOpsUS_753
storage_trend,126.60059,ResOpsUS_753
throughput_ratio,8.254651,ResOpsUS_753
storage_norm,1.9692761,ResOpsUS_753
storage_deficit,38.50962,ResOpsUS_753
inflow_norm,1.3979913,ResOpsUS_753
inflow_ma7,7.68568,ResOpsUS_753
inflow_ma30,17.88623,ResOpsUS_753
inflow_anom7,1.3203269,ResOpsUS_753
inflow,2.207582,ResOpsUS_307
inflow_lag1,31.272947,ResOpsUS_307
inflow_lag2,5.0804334,ResOpsUS_307
inflow_lag3,0.47826946,ResOpsUS_307
storage_lag1,1.3145268,ResOpsUS_307
storage_lag2,4.939095,ResOpsUS_307
doy_sin,12.438166,ResOpsUS_307
doy_cos,5.10109,ResOpsUS_307
storage_trend,66.78556,ResOpsUS_307
throughput_ratio,2.3200552,ResOpsUS_307
storage_norm,0.41770104,ResOpsUS_307
storage_deficit,15.059811,ResOpsUS_307
inflow_norm,0.980292,ResOpsUS_307
inflow_ma7,1.2608643,ResOpsUS_307
inflow_ma30,3.772076,ResOpsUS_307
inflow_anom7,0.687033,ResOpsUS_307
inflow,39.04734,ResOpsUS_870
inflow_lag1,84.44274,ResOpsUS_870
inflow_lag2,17.461557,ResOpsUS_870
inflow_lag3,13.099283,ResOpsUS_870
storage_lag1,18.697092,ResOpsUS_870
storage_lag2,9.049707,ResOpsUS_870
doy_sin,24.69784,ResOpsUS_870
doy_cos,11.319464,ResOpsUS_870
storage_trend,120.49829,ResOpsUS_870
throughput_ratio,9.164948,ResOpsUS_870
storage_norm,7.3448,ResOpsUS_870
storage_deficit,15.509652,ResOpsUS_870
inflow_norm,9.246474,ResOpsUS_870
inflow_ma7,22.520403,ResOpsUS_870
inflow_ma30,18.693993,ResOpsUS_870
inflow_anom7,5.973535,ResOpsUS_870
inflow,1.3461491,ResOpsUS_541
inflow_lag1,6.0949864,ResOpsUS_541
inflow_lag2,0.6807236,ResOpsUS_541
inflow_lag3,0.51914567,ResOpsUS_541
storage_lag1,0.5722573,ResOpsUS_541
storage_lag2,2.0304832,ResOpsUS_541
doy_sin,0.62157047,ResOpsUS_541
doy_cos,0.94675153,ResOpsUS_541
storage_trend,9.291322,ResOpsUS_541
throughput_ratio,0.74497885,ResOpsUS_541
storage_norm,0.23061329,ResOpsUS_541
storage_deficit,0.9161648,ResOpsUS_541
inflow_norm,0.30787393,ResOpsUS_541
inflow_ma7,1.0280349,ResOpsUS_541
inflow_ma30,3.8540292,ResOpsUS_541
inflow_anom7,0.38938907,ResOpsUS_541
inflow,0.26964754,ResOpsUS_398
inflow_lag1,2.6814468,ResOpsUS_398
inflow_lag2,0.19687825,ResOpsUS_398
inflow_lag3,0.10219555,ResOpsUS_398
storage_lag1,0.09541838,ResOpsUS_398
storage_lag2,0.62660885,ResOpsUS_398
doy_sin,0.14136873,ResOpsUS_398
doy_cos,0.34938315,ResOpsUS_398
storage_trend,4.318005,ResOpsUS_398
throughput_ratio,0.0924059,ResOpsUS_398
storage_norm,0.10424871,ResOpsUS_398
storage_deficit,0.071901195,ResOpsUS_398
inflow_norm,0.06504836,ResOpsUS_398
inflow_ma7,0.17558762,ResOpsUS_398
inflow_ma30,2.6148033,ResOpsUS_398
inflow_anom7,0.061818182,ResOpsUS_398
inflow,0.30700627,ResOpsUS_456
inflow_lag1,1.8767263,ResOpsUS_456
inflow_lag2,0.12019464,ResOpsUS_456
inflow_lag3,0.017338064,ResOpsUS_456
storage_lag1,0.026538711,ResOpsUS_456
storage_lag2,0.053043272,ResOpsUS_456
doy_sin,0.05087079,ResOpsUS_456
doy_cos,0.051454984,ResOpsUS_456
storage_trend,1.8328623,ResOpsUS_456
throughput_ratio,0.08403648,ResOpsUS_456
storage_norm,0.013197645,ResOpsUS_456
storage_deficit,0.03449629,ResOpsUS_456
inflow_norm,0.056145944,ResOpsUS_456
inflow_ma7,0.32616785,ResOpsUS_456
inflow_ma30,0.25976256,ResOpsUS_456
inflow_anom7,0.026959665,ResOpsUS_456
inflow,11.269122,ResOpsUS_929
inflow_lag1,1.3688872,ResOpsUS_929
inflow_lag2,0.55621725,ResOpsUS_929
inflow_lag3,0.69535077,ResOpsUS_929
storage_lag1,0.1622131,ResOpsUS_929
storage_lag2,0.40978968,ResOpsUS_929
doy_sin,0.4157259,ResOpsUS_929
doy_cos,0.45309293,ResOpsUS_929
storage_trend,0.62238616,ResOpsUS_929
throughput_ratio,0.5340764,ResOpsUS_929
storage_norm,0.047424905,ResOpsUS_929
storage_deficit,0.20091969,ResOpsUS_929
inflow_norm,3.0803497,ResOpsUS_929
inflow_ma7,0.48848265,ResOpsUS_929
inflow_ma30,0.2686808,ResOpsUS_929
inflow_anom7,0.91137403,ResOpsUS_929
inflow,179.48111,ResOpsUS_884
inflow_lag1,18.38454,ResOpsUS_884
inflow_lag2,12.079585,ResOpsUS_884
inflow_lag3,14.431486,ResOpsUS_884
storage_lag1,10.27656,ResOpsUS_884
storage_lag2,31.260876,ResOpsUS_884
doy_sin,6.9555306,ResOpsUS_884
doy_cos,9.15235,ResOpsUS_884
storage_trend,26.535744,ResOpsUS_884
throughput_ratio,56.44506,ResOpsUS_884
storage_norm,4.2573004,ResOpsUS_884
storage_deficit,14.440669,ResOpsUS_884
inflow_norm,51.68381,ResOpsUS_884
inflow_ma7,43.794453,ResOpsUS_884
inflow_ma30,10.074131,ResOpsUS_884
inflow_anom7,8.374342,ResOpsUS_884
inflow,0.5944644,ResOpsUS_399
inflow_lag1,2.2418096,ResOpsUS_399
inflow_lag2,0.08636202,ResOpsUS_399
inflow_lag3,0.024059452,ResOpsUS_399
storage_lag1,0.014407648,ResOpsUS_399
storage_lag2,0.030130487,ResOpsUS_399
doy_sin,0.21967097,ResOpsUS_399
doy_cos,2.4869928,ResOpsUS_399
storage_trend,1.2118726,ResOpsUS_399
throughput_ratio,0.24110557,ResOpsUS_399
storage_norm,0.011306134,ResOpsUS_399
storage_deficit,0.022631561,ResOpsUS_399
inflow_norm,0.058517832,ResOpsUS_399
inflow_ma7,1.2667192,ResOpsUS_399
inflow_ma30,0.2538837,ResOpsUS_399
inflow_anom7,0.014979182,ResOpsUS_399
inflow,7.771845,ResOpsUS_542
inflow_lag1,1.549171,ResOpsUS_542
inflow_lag2,0.69182706,ResOpsUS_542
inflow_lag3,0.2570986,ResOpsUS_542
storage_lag1,0.3162033,ResOpsUS_542
storage_lag2,0.43096992,ResOpsUS_542
doy_sin,0.3530981,ResOpsUS_542
doy_cos,0.5147262,ResOpsUS_542
storage_trend,0.7976473,ResOpsUS_542
throughput_ratio,0.9433744,ResOpsUS_542
storage_norm,0.10747121,ResOpsUS_542
storage_deficit,0.25477672,ResOpsUS_542
inflow_norm,1.9703205,ResOpsUS_542
inflow_ma7,4.194876,ResOpsUS_542
inflow_ma30,0.83603394,ResOpsUS_542
inflow_anom7,0.23685162,ResOpsUS_542
inflow,0.2962442,ResOpsUS_488
inflow_lag1,1.4899768,ResOpsUS_488
inflow_lag2,0.035689216,ResOpsUS_488
inflow_lag3,0.0362062,ResOpsUS_488
storage_lag1,0.024807839,ResOpsUS_488
storage_lag2,0.07174501,ResOpsUS_488
doy_sin,0.04194159,ResOpsUS_488
doy_cos,0.19953959,ResOpsUS_488
storage_trend,2.9921095,ResOpsUS_488
throughput_ratio,0.07689923,ResOpsUS_488
storage_norm,0.024528256,ResOpsUS_488
storage_deficit,0.047957346,ResOpsUS_488
inflow_norm,0.027554223,ResOpsUS_488
inflow_ma7,0.09071646,ResOpsUS_488
inflow_ma30,0.06288402,ResOpsUS_488
inflow_anom7,0.01965478,ResOpsUS_488
inflow,4.87435,ResOpsUS_1121
inflow_lag1,7.2978106,ResOpsUS_1121
inflow_lag2,0.611939,ResOpsUS_1121
inflow_lag3,0.535119,ResOpsUS_1121
storage_lag1,1.1057712,ResOpsUS_1121
storage_lag2,4.459747,ResOpsUS_1121
doy_sin,0.83632225,ResOpsUS_1121
doy_cos,0.7517393,ResOpsUS_1121
storage_trend,10.259718,ResOpsUS_1121
throughput_ratio,1.6953361,ResOpsUS_1121
storage_norm,0.99230087,ResOpsUS_1121
storage_deficit,1.1601509,ResOpsUS_1121
inflow_norm,1.169194,ResOpsUS_1121
inflow_ma7,0.8527243,ResOpsUS_1121
inflow_ma30,2.822143,ResOpsUS_1121
inflow_anom7,0.87774104,ResOpsUS_1121
inflow,4.87435,ResOpsUS_1125
inflow_lag1,7.2978106,ResOpsUS_1125
inflow_lag2,0.611939,ResOpsUS_1125
inflow_lag3,0.535119,ResOpsUS_1125
storage_lag1,1.1057712,ResOpsUS_1125
storage_lag2,4.459747,ResOpsUS_1125
doy_sin,0.83632225,ResOpsUS_1125
doy_cos,0.7517393,ResOpsUS_1125
storage_trend,10.259718,ResOpsUS_1125
throughput_ratio,1.6953361,ResOpsUS_1125
storage_norm,0.99230087,ResOpsUS_1125
storage_deficit,1.1601509,ResOpsUS_1125
inflow_norm,1.169194,ResOpsUS_1125
inflow_ma7,0.8527243,ResOpsUS_1125
inflow_ma30,2.822143,ResOpsUS_1125
inflow_anom7,0.87774104,ResOpsUS_1125
inflow,77.86082,ResOpsUS_1207
inflow_lag1,12.547328,ResOpsUS_1207
inflow_lag2,7.705754,ResOpsUS_1207
inflow_lag3,1.9830856,ResOpsUS_1207
storage_lag1,2.3471828,ResOpsUS_1207
storage_lag2,7.656305,ResOpsUS_1207
doy_sin,7.199257,ResOpsUS_1207
doy_cos,8.40369,ResOpsUS_1207
storage_trend,3.0946817,ResOpsUS_1207
throughput_ratio,10.843951,ResOpsUS_1207
storage_norm,1.1643502,ResOpsUS_1207
storage_deficit,13.71094,ResOpsUS_1207
inflow_norm,20.812483,ResOpsUS_1207
inflow_ma7,3.428469,ResOpsUS_1207
inflow_ma30,5.804501,ResOpsUS_1207
inflow_anom7,1.9642994,ResOpsUS_1207
inflow,2.3108675,ResOpsUS_1754
inflow_lag1,3.1259837,ResOpsUS_1754
inflow_lag2,0.48148724,ResOpsUS_1754
inflow_lag3,0.35680386,ResOpsUS_1754
storage_lag1,0.57894534,ResOpsUS_1754
storage_lag2,1.3102229,ResOpsUS_1754
doy_sin,0.3871972,ResOpsUS_1754
doy_cos,0.407392,ResOpsUS_1754
storage_trend,2.9604719,ResOpsUS_1754
throughput_ratio,0.8750265,ResOpsUS_1754
storage_norm,0.43798393,ResOpsUS_1754
storage_deficit,0.463113,ResOpsUS_1754
inflow_norm,0.63807726,ResOpsUS_1754
inflow_ma7,1.0935879,ResOpsUS_1754
inflow_ma30,1.488269,ResOpsUS_1754
inflow_anom7,0.30830583,ResOpsUS_1754
inflow,0.038219266,ResOpsUS_473
inflow_lag1,0.23011439,ResOpsUS_473
inflow_lag2,0.014417139,ResOpsUS_473
inflow_lag3,0.0071843504,ResOpsUS_473
storage_lag1,0.014394286,ResOpsUS_473
storage_lag2,0.036551412,ResOpsUS_473
doy_sin,0.033012096,ResOpsUS_473
doy_cos,0.3256813,ResOpsUS_473
storage_trend,0.646781,ResOpsUS_473
throughput_ratio,0.01640902,ResOpsUS_473
storage_norm,0.0055692378,ResOpsUS_473
storage_deficit,0.017803423,ResOpsUS_473
inflow_norm,0.008913423,ResOpsUS_473
inflow_ma7,0.025491223,ResOpsUS_473
inflow_ma30,0.014340544,ResOpsUS_473
inflow_anom7,0.008623146,ResOpsUS_473
inflow,0.3860637,ResOpsUS_390
inflow_lag1,0.8481508,ResOpsUS_390
inflow_lag2,0.053563084,ResOpsUS_390
inflow_lag3,0.04128993,ResOpsUS_390
storage_lag1,0.089823335,ResOpsUS_390
storage_lag2,0.10956751,ResOpsUS_390
doy_sin,0.2532049,ResOpsUS_390
doy_cos,0.16060199,ResOpsUS_390
storage_trend,2.1117651,ResOpsUS_390
throughput_ratio,0.06262364,ResOpsUS_390
storage_norm,0.08378177,ResOpsUS_390
storage_deficit,0.12326454,ResOpsUS_390
inflow_norm,0.051488377,ResOpsUS_390
inflow_ma7,0.53856033,ResOpsUS_390
inflow_ma30,0.46719077,ResOpsUS_390
inflow_anom7,0.029041873,ResOpsUS_390
inflow,1.1131289,ResOpsUS_511
inflow_lag1,2.9315274,ResOpsUS_511
inflow_lag2,0.15330972,ResOpsUS_511
inflow_lag3,0.13108581,ResOpsUS_511
storage_lag1,0.10405119,ResOpsUS_511
storage_lag2,0.12017046,ResOpsUS_511
doy_sin,0.037004687,ResOpsUS_511
doy_cos,0.1190827,ResOpsUS_511
storage_trend,0.71411437,ResOpsUS_511
throughput_ratio,0.05636933,ResOpsUS_511
storage_norm,0.043359894,ResOpsUS_511
storage_deficit,0.025181156,ResOpsUS_511
inflow_norm,0.20660716,ResOpsUS_511
inflow_ma7,0.33886796,ResOpsUS_511
inflow_ma30,0.06554654,ResOpsUS_511
inflow_anom7,0.0509385,ResOpsUS_511
inflow,0.31774318,ResOpsUS_502
inflow_lag1,2.4991343,ResOpsUS_502
inflow_lag2,0.39364904,ResOpsUS_502
inflow_lag3,0.23585698,ResOpsUS_502
storage_lag1,0.09076391,ResOpsUS_502
storage_lag2,0.93186605,ResOpsUS_502
doy_sin,0.10685016,ResOpsUS_502
doy_cos,0.13070953,ResOpsUS_502
storage_trend,4.072411,ResOpsUS_502
throughput_ratio,0.52129805,ResOpsUS_502
storage_norm,0.044866763,ResOpsUS_502
storage_deficit,0.10198498,ResOpsUS_502
inflow_norm,0.10614428,ResOpsUS_502
inflow_ma7,0.94966245,ResOpsUS_502
inflow_ma30,0.9879593,ResOpsUS_502
inflow_anom7,0.050527275,ResOpsUS_502
inflow,0.20176676,ResOpsUS_505
inflow_lag1,0.07609832,ResOpsUS_505
inflow_lag2,0.11023027,ResOpsUS_505
inflow_lag3,0.01932155,ResOpsUS_505
storage_lag1,0.026323065,ResOpsUS_505
storage_lag2,0.18261339,ResOpsUS_505
doy_sin,0.118532434,ResOpsUS_505
doy_cos,0.4011524,ResOpsUS_505
storage_trend,0.34174693,ResOpsUS_505
throughput_ratio,0.07938443,ResOpsUS_505
storage_norm,0.013858515,ResOpsUS_505
storage_deficit,0.06994328,ResOpsUS_505
inflow_norm,0.04541498,ResOpsUS_505
inflow_ma7,0.08123217,ResOpsUS_505
inflow_ma30,0.13793463,ResOpsUS_505
inflow_anom7,0.04705316,ResOpsUS_505
inflow,0.5076702,ResOpsUS_509
inflow_lag1,1.9949895,ResOpsUS_509
inflow_lag2,0.8654393,ResOpsUS_509
inflow_lag3,0.37098005,ResOpsUS_509
storage_lag1,0.28670737,ResOpsUS_509
storage_lag2,0.30596069,ResOpsUS_509
doy_sin,0.14605233,ResOpsUS_509
doy_cos,0.23420118,ResOpsUS_509
storage_trend,1.1586089,ResOpsUS_509
throughput_ratio,0.10023539,ResOpsUS_509
storage_norm,0.120944306,ResOpsUS_509
storage_deficit,0.5060582,ResOpsUS_509
inflow_norm,0.11585631,ResOpsUS_509
inflow_ma7,1.6175239,ResOpsUS_509
inflow_ma30,0.30408937,ResOpsUS_509
inflow_anom7,0.04233914,ResOpsUS_509
inflow,7.8508606,ResOpsUS_297
inflow_lag1,48.280853,ResOpsUS_297
inflow_lag2,6.4775996,ResOpsUS_297
inflow_lag3,3.4010289,ResOpsUS_297
storage_lag1,3.6305954,ResOpsUS_297
storage_lag2,2.1082792,ResOpsUS_297
doy_sin,7.1025486,ResOpsUS_297
doy_cos,8.397772,ResOpsUS_297
storage_trend,89.92304,ResOpsUS_297
throughput_ratio,3.9656816,ResOpsUS_297
storage_norm,1.3672694,ResOpsUS_297
storage_deficit,4.9221215,ResOpsUS_297
inflow_norm,2.5611782,ResOpsUS_297
inflow_ma7,12.626807,ResOpsUS_297
inflow_ma30,21.100037,ResOpsUS_297
inflow_anom7,3.5399501,ResOpsUS_297
inflow,0.59510833,ResOpsUS_1122
inflow_lag1,3.5078192,ResOpsUS_1122
inflow_lag2,1.1367875,ResOpsUS_1122
inflow_lag3,0.21586224,ResOpsUS_1122
storage_lag1,0.76322156,ResOpsUS_1122
storage_lag2,7.4626775,ResOpsUS_1122
doy_sin,0.26936916,ResOpsUS_1122
doy_cos,0.16874768,ResOpsUS_1122
storage_trend,4.807132,ResOpsUS_1122
throughput_ratio,0.2596246,ResOpsUS_1122
storage_norm,0.53316563,ResOpsUS_1122
storage_deficit,0.13934939,ResOpsUS_1122
inflow_norm,0.18237351,ResOpsUS_1122
inflow_ma7,1.1599709,ResOpsUS_1122
inflow_ma30,0.38193893,ResOpsUS_1122
inflow_anom7,0.21119459,ResOpsUS_1122
inflow,0.11061924,ResOpsUS_957
inflow_lag1,0.017819911,ResOpsUS_957
inflow_lag2,0.012431423,ResOpsUS_957
inflow_lag3,0.016399642,ResOpsUS_957
storage_lag1,0.029543132,ResOpsUS_957
storage_lag2,0.09995281,ResOpsUS_957
doy_sin,0.014352439,ResOpsUS_957
doy_cos,0.040921547,ResOpsUS_957
storage_trend,0.18660153,ResOpsUS_957
throughput_ratio,0.017249519,ResOpsUS_957
storage_norm,0.013147745,ResOpsUS_957
storage_deficit,0.0098014455,ResOpsUS_957
inflow_norm,0.035440177,ResOpsUS_957
inflow_ma7,0.097811736,ResOpsUS_957
inflow_ma30,0.023347953,ResOpsUS_957
inflow_anom7,0.01897705,ResOpsUS_957
inflow,0.15851095,ResOpsUS_517
inflow_lag1,0.9521491,ResOpsUS_517
inflow_lag2,0.16368806,ResOpsUS_517
inflow_lag3,0.039438065,ResOpsUS_517
storage_lag1,0.043924388,ResOpsUS_517
storage_lag2,0.1158534,ResOpsUS_517
doy_sin,0.037234332,ResOpsUS_517
doy_cos,0.08461865,ResOpsUS_517
storage_trend,1.3761271,ResOpsUS_517
throughput_ratio,0.047222216,ResOpsUS_517
storage_norm,0.028449962,ResOpsUS_517
storage_deficit,0.059753574,ResOpsUS_517
inflow_norm,0.029293116,ResOpsUS_517
inflow_ma7,0.33044076,ResOpsUS_517
inflow_ma30,0.11503506,ResOpsUS_517
inflow_anom7,0.021991702,ResOpsUS_517
inflow,0.020871188,ResOpsUS_378
inflow_lag1,0.07215922,ResOpsUS_378
inflow_lag2,0.0031659305,ResOpsUS_378
inflow_lag3,0.0028882762,ResOpsUS_378
storage_lag1,0.011160612,ResOpsUS_378
storage_lag2,0.03127973,ResOpsUS_378
doy_sin,0.005168277,ResOpsUS_378
doy_cos,0.022786316,ResOpsUS_378
storage_trend,0.23946749,ResOpsUS_378
throughput_ratio,0.00864777,ResOpsUS_378
storage_norm,0.0027574257,ResOpsUS_378
storage_deficit,0.009292073,ResOpsUS_378
inflow_norm,0.004980086,ResOpsUS_378
inflow_ma7,0.03384325,ResOpsUS_378
inflow_ma30,0.0105606355,ResOpsUS_378
inflow_anom7,0.003766983,ResOpsUS_378
inflow,0.11128725,ResOpsUS_1086
inflow_lag1,0.61190015,ResOpsUS_1086
inflow_lag2,0.1827908,ResOpsUS_1086
inflow_lag3,0.066988386,ResOpsUS_1086
storage_lag1,0.087359756,ResOpsUS_1086
storage_lag2,0.16722777,ResOpsUS_1086
doy_sin,0.11158565,ResOpsUS_1086
doy_cos,0.23709628,ResOpsUS_1086
storage_trend,3.317048,ResOpsUS_1086
throughput_ratio,0.28689015,ResOpsUS_1086
storage_norm,0.041483663,ResOpsUS_1086
storage_deficit,0.14747135,ResOpsUS_1086
inflow_norm,0.022591006,ResOpsUS_1086
inflow_ma7,0.14053306,ResOpsUS_1086
inflow_ma30,0.093851864,ResOpsUS_1086
inflow_anom7,0.13008349,ResOpsUS_1086
inflow,1.4070861,ResOpsUS_1796
inflow_lag1,10.267169,ResOpsUS_1796
inflow_lag2,2.8963206,ResOpsUS_1796
inflow_lag3,1.4165646,ResOpsUS_1796
storage_lag1,1.6325375,ResOpsUS_1796
storage_lag2,34.87133,ResOpsUS_1796
doy_sin,0.61667925,ResOpsUS_1796
doy_cos,0.9954605,ResOpsUS_1796
storage_trend,21.5913,ResOpsUS_1796
throughput_ratio,0.60566264,ResOpsUS_1796
storage_norm,1.0311372,ResOpsUS_1796
storage_deficit,1.1285762,ResOpsUS_1796
inflow_norm,0.30947202,ResOpsUS_1796
inflow_ma7,5.945799,ResOpsUS_1796
inflow_ma30,1.8011787,ResOpsUS_1796
inflow_anom7,1.3933134,ResOpsUS_1796
inflow,1.2077737,ResOpsUS_204
inflow_lag1,6.604663,ResOpsUS_204
inflow_lag2,1.3623796,ResOpsUS_204
inflow_lag3,0.2642374,ResOpsUS_204
storage_lag1,1.0378838,ResOpsUS_204
storage_lag2,0.4427252,ResOpsUS_204
doy_sin,1.239574,ResOpsUS_204
doy_cos,5.4360623,ResOpsUS_204
storage_trend,1.5348723,ResOpsUS_204
throughput_ratio,8.814722,ResOpsUS_204
storage_norm,0.25310603,ResOpsUS_204
storage_deficit,0.835489,ResOpsUS_204
inflow_norm,0.645801,ResOpsUS_204
inflow_ma7,1.6244025,ResOpsUS_204
inflow_ma30,0.9303531,ResOpsUS_204
inflow_anom7,0.25266278,ResOpsUS_204
inflow,0.026403524,ResOpsUS_506
inflow_lag1,0.551586,ResOpsUS_506
inflow_lag2,0.010528123,ResOpsUS_506
inflow_lag3,0.009989126,ResOpsUS_506
storage_lag1,0.090308174,ResOpsUS_506
storage_lag2,0.079463236,ResOpsUS_506
doy_sin,0.036253266,ResOpsUS_506
doy_cos,0.4387289,ResOpsUS_506
storage_trend,1.0519022,ResOpsUS_506
throughput_ratio,0.01434823,ResOpsUS_506
storage_norm,0.037283786,ResOpsUS_506
storage_deficit,0.03618426,ResOpsUS_506
inflow_norm,0.0061837328,ResOpsUS_506
inflow_ma7,0.06121697,ResOpsUS_506
inflow_ma30,0.1035532,ResOpsUS_506
inflow_anom7,0.010078173,ResOpsUS_506
inflow,1.1297413,ResOpsUS_1755
inflow_lag1,12.422175,ResOpsUS_1755
inflow_lag2,1.8506968,ResOpsUS_1755
inflow_lag3,0.39919007,ResOpsUS_1755
storage_lag1,1.4471393,ResOpsUS_1755
storage_lag2,1.3663101,ResOpsUS_1755
doy_sin,0.72286063,ResOpsUS_1755
doy_cos,3.6781502,ResOpsUS_1755
storage_trend,24.029242,ResOpsUS_1755
throughput_ratio,0.44740292,ResOpsUS_1755
storage_norm,0.8981753,ResOpsUS_1755
storage_deficit,2.2484827,ResOpsUS_1755
inflow_norm,0.27923107,ResOpsUS_1755
inflow_ma7,0.7961806,ResOpsUS_1755
inflow_ma30,1.9953588,ResOpsUS_1755
inflow_anom7,0.31674686,ResOpsUS_1755
inflow,0.7511256,ResOpsUS_567
inflow_lag1,2.9029508,ResOpsUS_567
inflow_lag2,0.555248,ResOpsUS_567
inflow_lag3,0.067127466,ResOpsUS_567
storage_lag1,0.14542834,ResOpsUS_567
storage_lag2,0.27140442,ResOpsUS_567
doy_sin,0.59673744,ResOpsUS_567
doy_cos,0.38339096,ResOpsUS_567
storage_trend,2.1107037,ResOpsUS_567
throughput_ratio,0.21225815,ResOpsUS_567
storage_norm,0.05945175,ResOpsUS_567
storage_deficit,0.36238417,ResOpsUS_567
inflow_norm,0.18454842,ResOpsUS_567
inflow_ma7,2.5095365,ResOpsUS_567
inflow_ma30,0.38320917,ResOpsUS_567
inflow_anom7,0.05279677,ResOpsUS_567
inflow,0.3542691,ResOpsUS_1782
inflow_lag1,4.940862,ResOpsUS_1782
inflow_lag2,0.89667946,ResOpsUS_1782
inflow_lag3,0.38676685,ResOpsUS_1782
storage_lag1,0.7220887,ResOpsUS_1782
storage_lag2,2.7716424,ResOpsUS_1782
doy_sin,0.36890396,ResOpsUS_1782
doy_cos,0.38236192,ResOpsUS_1782
storage_trend,14.090824,ResOpsUS_1782
throughput_ratio,0.21808413,ResOpsUS_1782
storage_norm,0.30664638,ResOpsUS_1782
storage_deficit,0.4179624,ResOpsUS_1782
inflow_norm,0.104504086,ResOpsUS_1782
inflow_ma7,4.9227276,ResOpsUS_1782
inflow_ma30,1.5930804,ResOpsUS_1782
inflow_anom7,0.32545525,ResOpsUS_1782
inflow,7.835688,ResOpsUS_391
inflow_lag1,17.304482,ResOpsUS_391
inflow_lag2,3.1732807,ResOpsUS_391
inflow_lag3,0.82917964,ResOpsUS_391
storage_lag1,0.61825097,ResOpsUS_391
storage_lag2,0.5059093,ResOpsUS_391
doy_sin,0.8032721,ResOpsUS_391
doy_cos,2.041183,ResOpsUS_391
storage_trend,13.359124,ResOpsUS_391
throughput_ratio,0.49424884,ResOpsUS_391
storage_norm,0.10973307,ResOpsUS_391
storage_deficit,0.2638303,ResOpsUS_391
inflow_norm,1.9841806,ResOpsUS_391
inflow_ma7,7.57582,ResOpsUS_391
inflow_ma30,24.79833,ResOpsUS_391
inflow_anom7,0.20421529,ResOpsUS_391
inflow,1.4712694,ResOpsUS_361
inflow_lag1,1.0801919,ResOpsUS_361
inflow_lag2,0.23761599,ResOpsUS_361
inflow_lag3,0.059212115,ResOpsUS_361
storage_lag1,0.12081696,ResOpsUS_361
storage_lag2,0.1920542,ResOpsUS_361
doy_sin,0.067581296,ResOpsUS_361
doy_cos,0.110413276,ResOpsUS_361
storage_trend,0.67540574,ResOpsUS_361
throughput_ratio,0.061806116,ResOpsUS_361
storage_norm,0.04806271,ResOpsUS_361
storage_deficit,0.07560031,ResOpsUS_361
inflow_norm,0.30631196,ResOpsUS_361
inflow_ma7,0.12828234,ResOpsUS_361
inflow_ma30,0.05006874,ResOpsUS_361
inflow_anom7,0.01243037,ResOpsUS_361
inflow,55.65407,ResOpsUS_413
inflow_lag1,75.99505,ResOpsUS_413
inflow_lag2,5.5158353,ResOpsUS_413
inflow_lag3,0.4641879,ResOpsUS_413
storage_lag1,0.51582754,ResOpsUS_413
storage_lag2,0.722143,ResOpsUS_413
doy_sin,1.0184675,ResOpsUS_413
doy_cos,0.9511882,ResOpsUS_413
storage_trend,4.594483,ResOpsUS_413
throughput_ratio,1.3854703,ResOpsUS_413
storage_norm,0.18700247,ResOpsUS_413
storage_deficit,0.80049664,ResOpsUS_413
inflow_norm,10.036211,ResOpsUS_413
inflow_ma7,11.20101,ResOpsUS_413
inflow_ma30,0.8048736,ResOpsUS_413
inflow_anom7,0.65953153,ResOpsUS_413
inflow,292.66293,ResOpsUS_310
inflow_lag1,276.5441,ResOpsUS_310
inflow_lag2,44.27143,ResOpsUS_310
inflow_lag3,17.566912,ResOpsUS_310
storage_lag1,34.3141,ResOpsUS_310
storage_lag2,25.735106,ResOpsUS_310
doy_sin,35.707596,ResOpsUS_310
doy_cos,97.152336,ResOpsUS_310
storage_trend,259.54388,ResOpsUS_310
throughput_ratio,25.245153,ResOpsUS_310
storage_norm,10.3270855,ResOpsUS_310
storage_deficit,17.357643,ResOpsUS_310
inflow_norm,101.00224,ResOpsUS_310
inflow_ma7,202.7835,ResOpsUS_310
inflow_ma30,41.22019,ResOpsUS_310
inflow_anom7,16.547153,ResOpsUS_310
inflow,62.02599,ResOpsUS_7308
inflow_lag1,6.2085466,ResOpsUS_7308
inflow_lag2,7.499565,ResOpsUS_7308
inflow_lag3,9.126355,ResOpsUS_7308
storage_lag1,3.6845074,ResOpsUS_7308
storage_lag2,6.6818027,ResOpsUS_7308
doy_sin,3.825233,ResOpsUS_7308
doy_cos,3.6442587,ResOpsUS_7308
storage_trend,6.152013,ResOpsUS_7308
throughput_ratio,8.896994,ResOpsUS_7308
storage_norm,1.6631844,ResOpsUS_7308
storage_deficit,4.0491343,ResOpsUS_7308
inflow_norm,16.389765,ResOpsUS_7308
inflow_ma7,7.0744405,ResOpsUS_7308
inflow_ma30,8.164193,ResOpsUS_7308
inflow_anom7,4.1869707,ResOpsUS_7308
inflow,19.850128,ResOpsUS_1709
inflow_lag1,7.9224644,ResOpsUS_1709
inflow_lag2,1.6381617,ResOpsUS_1709
inflow_lag3,0.5565841,ResOpsUS_1709
storage_lag1,1.8618883,ResOpsUS_1709
storage_lag2,1.0413797,ResOpsUS_1709
doy_sin,2.7096589,ResOpsUS_1709
doy_cos,3.7809484,ResOpsUS_1709
storage_trend,6.8451643,ResOpsUS_1709
throughput_ratio,1.4770559,ResOpsUS_1709
storage_norm,0.5306428,ResOpsUS_1709
storage_deficit,3.425602,ResOpsUS_1709
inflow_norm,4.5255632,ResOpsUS_1709
inflow_ma7,1.2928209,ResOpsUS_1709
inflow_ma30,0.6859112,ResOpsUS_1709
inflow_anom7,0.69570273,ResOpsUS_1709
inflow,10.026568,ResOpsUS_1699
inflow_lag1,12.421222,ResOpsUS_1699
inflow_lag2,1.3416923,ResOpsUS_1699
inflow_lag3,0.31979746,ResOpsUS_1699
storage_lag1,1.0816996,ResOpsUS_1699
storage_lag2,0.7803837,ResOpsUS_1699
doy_sin,0.67733914,ResOpsUS_1699
doy_cos,2.013841,ResOpsUS_1699
storage_trend,2.30878,ResOpsUS_1699
throughput_ratio,0.9493231,ResOpsUS_1699
storage_norm,0.37202677,ResOpsUS_1699
storage_deficit,2.0984678,ResOpsUS_1699
inflow_norm,1.9243612,ResOpsUS_1699
inflow_ma7,0.44533005,ResOpsUS_1699
inflow_ma30,0.7328599,ResOpsUS_1699
inflow_anom7,0.40489182,ResOpsUS_1699
inflow,0.44987997,ResOpsUS_438
inflow_lag1,2.1655912,ResOpsUS_438
inflow_lag2,0.06947074,ResOpsUS_438
inflow_lag3,0.058187924,ResOpsUS_438
storage_lag1,0.07681433,ResOpsUS_438
storage_lag2,0.15496595,ResOpsUS_438
doy_sin,0.09407635,ResOpsUS_438
doy_cos,0.23299514,ResOpsUS_438
storage_trend,3.1098928,ResOpsUS_438
throughput_ratio,0.15218982,ResOpsUS_438
storage_norm,0.020926846,ResOpsUS_438
storage_deficit,0.080399975,ResOpsUS_438
inflow_norm,0.08419713,ResOpsUS_438
inflow_ma7,1.4905074,ResOpsUS_438
inflow_ma30,0.45210424,ResOpsUS_438
inflow_anom7,0.037059076,ResOpsUS_438
inflow,0.07455099,ResOpsUS_320
inflow_lag1,0.2340854,ResOpsUS_320
inflow_lag2,0.011722058,ResOpsUS_320
inflow_lag3,0.009105002,ResOpsUS_320
storage_lag1,0.025938457,ResOpsUS_320
storage_lag2,0.026045153,ResOpsUS_320
doy_sin,0.019516394,ResOpsUS_320
doy_cos,0.08412447,ResOpsUS_320
storage_trend,0.9225966,ResOpsUS_320
throughput_ratio,0.028684054,ResOpsUS_320
storage_norm,0.004207116,ResOpsUS_320
storage_deficit,0.012694137,ResOpsUS_320
inflow_norm,0.014474372,ResOpsUS_320
inflow_ma7,0.02940728,ResOpsUS_320
inflow_ma30,0.017006863,ResOpsUS_320
inflow_anom7,0.012000501,ResOpsUS_320
inflow,1.144714,ResOpsUS_531
inflow_lag1,1.694582,ResOpsUS_531
inflow_lag2,0.10132204,ResOpsUS_531
inflow_lag3,0.027572045,ResOpsUS_531
storage_lag1,0.1096301,ResOpsUS_531
storage_lag2,0.08079446,ResOpsUS_531
doy_sin,0.050168186,ResOpsUS_531
doy_cos,0.09194608,ResOpsUS_531
storage_trend,1.1209787,ResOpsUS_531
throughput_ratio,0.120212816,ResOpsUS_531
storage_norm,0.05208986,ResOpsUS_531
storage_deficit,0.053741813,ResOpsUS_531
inflow_norm,0.381329,ResOpsUS_531
inflow_ma7,0.08455621,ResOpsUS_531
inflow_ma30,0.054966163,ResOpsUS_531
inflow_anom7,0.044764455,ResOpsUS_531
inflow,0.117808916,ResOpsUS_374
inflow_lag1,0.91304505,ResOpsUS_374
inflow_lag2,0.14799361,ResOpsUS_374
inflow_lag3,0.0896336,ResOpsUS_374
storage_lag1,0.48557258,ResOpsUS_374
storage_lag2,0.6513835,ResOpsUS_374
doy_sin,0.50604784,ResOpsUS_374
doy_cos,0.4963967,ResOpsUS_374
storage_trend,1.9988564,ResOpsUS_374
throughput_ratio,0.7797751,ResOpsUS_374
storage_norm,0.12076777,ResOpsUS_374
storage_deficit,1.7806475,ResOpsUS_374
inflow_norm,0.04590471,ResOpsUS_374
inflow_ma7,0.6133027,ResOpsUS_374
inflow_ma30,1.0495713,ResOpsUS_374
inflow_anom7,0.09235645,ResOpsUS_374
inflow,0.26760837,ResOpsUS_1151
inflow_lag1,2.997436,ResOpsUS_1151
inflow_lag2,0.23559834,ResOpsUS_1151
inflow_lag3,0.17113245,ResOpsUS_1151
storage_lag1,0.52564067,ResOpsUS_1151
storage_lag2,3.9024541,ResOpsUS_1151
doy_sin,0.38989186,ResOpsUS_1151
doy_cos,0.40649277,ResOpsUS_1151
storage_trend,10.772738,ResOpsUS_1151
throughput_ratio,0.14208083,ResOpsUS_1151
storage_norm,0.53280514,ResOpsUS_1151
storage_deficit,0.7702861,ResOpsUS_1151
inflow_norm,0.06578023,ResOpsUS_1151
inflow_ma7,0.2622943,ResOpsUS_1151
inflow_ma30,0.6712522,ResOpsUS_1151
inflow_anom7,0.12648009,ResOpsUS_1151
inflow,0.12080054,ResOpsUS_469
inflow_lag1,0.22995336,ResOpsUS_469
inflow_lag2,0.018652275,ResOpsUS_469
inflow_lag3,0.00651989,ResOpsUS_469
storage_lag1,0.01128199,ResOpsUS_469
storage_lag2,0.021892648,ResOpsUS_469
doy_sin,0.013230743,ResOpsUS_469
doy_cos,0.31012288,ResOpsUS_469
storage_trend,0.3884482,ResOpsUS_469
throughput_ratio,0.011680494,ResOpsUS_469
storage_norm,0.005302136,ResOpsUS_469
storage_deficit,0.020219998,ResOpsUS_469
inflow_norm,0.02619238,ResOpsUS_469
inflow_ma7,0.055537906,ResOpsUS_469
inflow_ma30,0.09595975,ResOpsUS_469
inflow_anom7,0.011629106,ResOpsUS_469
inflow,1.0612541,ResOpsUS_1691
inflow_lag1,3.6278167,ResOpsUS_1691
inflow_lag2,0.8361495,ResOpsUS_1691
inflow_lag3,0.07003749,ResOpsUS_1691
storage_lag1,0.33956397,ResOpsUS_1691
storage_lag2,0.06641749,ResOpsUS_1691
doy_sin,0.2988397,ResOpsUS_1691
doy_cos,0.7737016,ResOpsUS_1691
storage_trend,0.65269655,ResOpsUS_1691
throughput_ratio,0.22995377,ResOpsUS_1691
storage_norm,0.10736221,ResOpsUS_1691
storage_deficit,0.7841813,ResOpsUS_1691
inflow_norm,0.17978583,ResOpsUS_1691
inflow_ma7,0.29735464,ResOpsUS_1691
inflow_ma30,0.16011377,ResOpsUS_1691
inflow_anom7,0.089412086,ResOpsUS_1691
inflow,3.9654863,ResOpsUS_987
inflow_lag1,10.294587,ResOpsUS_987
inflow_lag2,0.80049306,ResOpsUS_987
inflow_lag3,0.59121335,ResOpsUS_987
storage_lag1,0.46436447,ResOpsUS_987
storage_lag2,0.44845235,ResOpsUS_987
doy_sin,0.3860429,ResOpsUS_987
doy_cos,1.3958839,ResOpsUS_987
storage_trend,4.9421387,ResOpsUS_987
throughput_ratio,0.22103839,ResOpsUS_987
storage_norm,0.14539085,ResOpsUS_987
storage_deficit,0.4650084,ResOpsUS_987
inflow_norm,0.6792933,ResOpsUS_987
inflow_ma7,0.5621979,ResOpsUS_987
inflow_ma30,0.35066444,ResOpsUS_987
inflow_anom7,0.24707308,ResOpsUS_987
inflow,0.27042675,ResOpsUS_364
inflow_lag1,4.0050974,ResOpsUS_364
inflow_lag2,0.12437359,ResOpsUS_364
inflow_lag3,0.16750512,ResOpsUS_364
storage_lag1,0.085422866,ResOpsUS_364
storage_lag2,0.13154964,ResOpsUS_364
doy_sin,0.18529491,ResOpsUS_364
doy_cos,0.25840443,ResOpsUS_364
storage_trend,3.78547,ResOpsUS_364
throughput_ratio,0.10575024,ResOpsUS_364
storage_norm,0.04206808,ResOpsUS_364
storage_deficit,0.10878513,ResOpsUS_364
inflow_norm,0.03284899,ResOpsUS_364
inflow_ma7,1.7040496,ResOpsUS_364
inflow_ma30,0.20568584,ResOpsUS_364
inflow_anom7,0.083726324,ResOpsUS_364
inflow,0.9772217,ResOpsUS_1712
inflow_lag1,2.2285044,ResOpsUS_1712
inflow_lag2,0.41992217,ResOpsUS_1712
inflow_lag3,0.08526528,ResOpsUS_1712
storage_lag1,0.22030497,ResOpsUS_1712
storage_lag2,0.15953091,ResOpsUS_1712
doy_sin,0.16209598,ResOpsUS_1712
doy_cos,0.4219995,ResOpsUS_1712
storage_trend,0.33703136,ResOpsUS_1712
throughput_ratio,0.23729622,ResOpsUS_1712
storage_norm,0.06963774,ResOpsUS_1712
storage_deficit,0.7117149,ResOpsUS_1712
inflow_norm,0.21390781,ResOpsUS_1712
inflow_ma7,0.15361229,ResOpsUS_1712
inflow_ma30,0.17283584,ResOpsUS_1712
inflow_anom7,0.09043537,ResOpsUS_1712
inflow,10.250056,ResOpsUS_1733
inflow_lag1,7.066376,ResOpsUS_1733
inflow_lag2,0.44802362,ResOpsUS_1733
inflow_lag3,0.25625044,ResOpsUS_1733
storage_lag1,0.9320783,ResOpsUS_1733
storage_lag2,0.61537105,ResOpsUS_1733
doy_sin,0.45619103,ResOpsUS_1733
doy_cos,0.90228707,ResOpsUS_1733
storage_trend,0.68948334,ResOpsUS_1733
throughput_ratio,0.3598254,ResOpsUS_1733
storage_norm,0.12671474,ResOpsUS_1733
storage_deficit,1.6696765,ResOpsUS_1733
inflow_norm,2.2240987,ResOpsUS_1733
inflow_ma7,0.27724993,ResOpsUS_1733
inflow_ma30,0.16062763,ResOpsUS_1733
inflow_anom7,0.2269998,ResOpsUS_1733
inflow,0.026412753,ResOpsUS_868
inflow_lag1,0.871212,ResOpsUS_868
inflow_lag2,0.0374543,ResOpsUS_868
inflow_lag3,0.025149742,ResOpsUS_868
storage_lag1,0.03502061,ResOpsUS_868
storage_lag2,0.07373498,ResOpsUS_868
doy_sin,0.26601818,ResOpsUS_868
doy_cos,0.9861577,ResOpsUS_868
storage_trend,3.9392176,ResOpsUS_868
throughput_ratio,0.04443111,ResOpsUS_868
storage_norm,0.016959893,ResOpsUS_868
storage_deficit,0.059515703,ResOpsUS_868
inflow_norm,0.0061877854,ResOpsUS_868
inflow_ma7,0.07084818,ResOpsUS_868
inflow_ma30,0.051230323,ResOpsUS_868
inflow_anom7,0.02238904,ResOpsUS_868
inflow,0.03202487,ResOpsUS_450
inflow_lag1,0.27411175,ResOpsUS_450
inflow_lag2,0.012268458,ResOpsUS_450
inflow_lag3,0.00845084,ResOpsUS_450
storage_lag1,0.02177183,ResOpsUS_450
storage_lag2,0.026423372,ResOpsUS_450
doy_sin,0.06509476,ResOpsUS_450
doy_cos,0.36849055,ResOpsUS_450
storage_trend,0.7417879,ResOpsUS_450
throughput_ratio,0.01501511,ResOpsUS_450
storage_norm,0.010031043,ResOpsUS_450
storage_deficit,0.03518088,ResOpsUS_450
inflow_norm,0.005815228,ResOpsUS_450
inflow_ma7,0.09048755,ResOpsUS_450
inflow_ma30,0.12385296,ResOpsUS_450
inflow_anom7,0.009874282,ResOpsUS_450
inflow,1.959256,ResOpsUS_1742
inflow_lag1,2.958862,ResOpsUS_1742
inflow_lag2,0.23073372,ResOpsUS_1742
inflow_lag3,0.13208671,ResOpsUS_1742
storage_lag1,0.38251963,ResOpsUS_1742
storage_lag2,0.28152236,ResOpsUS_1742
doy_sin,0.5120789,ResOpsUS_1742
doy_cos,0.7344548,ResOpsUS_1742
storage_trend,0.7261065,ResOpsUS_1742
throughput_ratio,0.28367755,ResOpsUS_1742
storage_norm,0.121247575,ResOpsUS_1742
storage_deficit,0.6033646,ResOpsUS_1742
inflow_norm,0.3662937,ResOpsUS_1742
inflow_ma7,0.29001153,ResOpsUS_1742
inflow_ma30,0.13004589,ResOpsUS_1742
inflow_anom7,0.130172,ResOpsUS_1742
inflow,1.9665318,ResOpsUS_1726
inflow_lag1,2.673953,ResOpsUS_1726
inflow_lag2,0.28111374,ResOpsUS_1726
inflow_lag3,0.11983949,ResOpsUS_1726
storage_lag1,0.26829433,ResOpsUS_1726
storage_lag2,0.16566259,ResOpsUS_1726
doy_sin,0.21831997,ResOpsUS_1726
doy_cos,0.47539714,ResOpsUS_1726
storage_trend,0.3533818,ResOpsUS_1726
throughput_ratio,0.18508385,ResOpsUS_1726
storage_norm,0.095108874,ResOpsUS_1726
storage_deficit,0.7051048,ResOpsUS_1726
inflow_norm,0.34360573,ResOpsUS_1726
inflow_ma7,0.18343031,ResOpsUS_1726
inflow_ma30,0.14572263,ResOpsUS_1726
inflow_anom7,0.13149966,ResOpsUS_1726
inflow,0.13970692,ResOpsUS_1619
inflow_lag1,0.33610904,ResOpsUS_1619
inflow_lag2,0.21685418,ResOpsUS_1619
inflow_lag3,0.095665954,ResOpsUS_1619
storage_lag1,0.21641178,ResOpsUS_1619
storage_lag2,0.14714395,ResOpsUS_1619
doy_sin,0.11894298,ResOpsUS_1619
doy_cos,0.40088004,ResOpsUS_1619
storage_trend,0.4932714,ResOpsUS_1619
throughput_ratio,0.14647172,ResOpsUS_1619
storage_norm,0.13324064,ResOpsUS_1619
storage_deficit,0.3469635,ResOpsUS_1619
inflow_norm,0.054264974,ResOpsUS_1619
inflow_ma7,0.51709193,ResOpsUS_1619
inflow_ma30,0.06702394,ResOpsUS_1619
inflow_anom7,0.08124997,ResOpsUS_1619
inflow,0.18682206,ResOpsUS_1650
inflow_lag1,0.2373104,ResOpsUS_1650
inflow_lag2,0.06691446,ResOpsUS_1650
inflow_lag3,0.023943786,ResOpsUS_1650
storage_lag1,0.5634625,ResOpsUS_1650
storage_lag2,0.1419376,ResOpsUS_1650
doy_sin,0.05341956,ResOpsUS_1650
doy_cos,0.02434989,ResOpsUS_1650
storage_trend,0.097035885,ResOpsUS_1650
throughput_ratio,0.05120809,ResOpsUS_1650
storage_norm,0.27634308,ResOpsUS_1650
storage_deficit,0.02501635,ResOpsUS_1650
inflow_norm,0.03105129,ResOpsUS_1650
inflow_ma7,0.059177708,ResOpsUS_1650
inflow_ma30,0.04045016,ResOpsUS_1650
inflow_anom7,0.041204482,ResOpsUS_1650
inflow,11.885736,ResOpsUS_1631
inflow_lag1,1.4240658,ResOpsUS_1631
inflow_lag2,0.7183336,ResOpsUS_1631
inflow_lag3,0.54327357,ResOpsUS_1631
storage_lag1,2.9111767,ResOpsUS_1631
storage_lag2,0.8042399,ResOpsUS_1631
doy_sin,0.7887838,ResOpsUS_1631
doy_cos,1.8286862,ResOpsUS_1631
storage_trend,0.9104296,ResOpsUS_1631
throughput_ratio,1.063487,ResOpsUS_1631
storage_norm,1.3222495,ResOpsUS_1631
storage_deficit,0.8706099,ResOpsUS_1631
inflow_norm,2.8678863,ResOpsUS_1631
inflow_ma7,0.3951379,ResOpsUS_1631
inflow_ma30,0.43179896,ResOpsUS_1631
inflow_anom7,0.82856154,ResOpsUS_1631
inflow,20.899689,ResOpsUS_1595
inflow_lag1,8.907503,ResOpsUS_1595
inflow_lag2,1.1970367,ResOpsUS_1595
inflow_lag3,0.6286554,ResOpsUS_1595
storage_lag1,2.3151283,ResOpsUS_1595
storage_lag2,0.80762637,ResOpsUS_1595
doy_sin,0.20387594,ResOpsUS_1595
doy_cos,0.36097842,ResOpsUS_1595
storage_trend,0.47185296,ResOpsUS_1595
throughput_ratio,0.77845484,ResOpsUS_1595
storage_norm,1.2019672,ResOpsUS_1595
storage_deficit,0.20015363,ResOpsUS_1595
inflow_norm,4.413592,ResOpsUS_1595
inflow_ma7,0.50740623,ResOpsUS_1595
inflow_ma30,0.20469628,ResOpsUS_1595
inflow_anom7,0.22979642,ResOpsUS_1595
inflow,0.26739493,ResOpsUS_1617
inflow_lag1,0.55045515,ResOpsUS_1617
inflow_lag2,0.33630782,ResOpsUS_1617
inflow_lag3,0.04297269,ResOpsUS_1617
storage_lag1,0.15383632,ResOpsUS_1617
storage_lag2,0.10783637,ResOpsUS_1617
doy_sin,0.17365064,ResOpsUS_1617
doy_cos,0.34248638,ResOpsUS_1617
storage_trend,0.7824497,ResOpsUS_1617
throughput_ratio,0.121829405,ResOpsUS_1617
storage_norm,0.07254802,ResOpsUS_1617
storage_deficit,0.1540019,ResOpsUS_1617
inflow_norm,0.07646338,ResOpsUS_1617
inflow_ma7,0.18336925,ResOpsUS_1617
inflow_ma30,0.04218874,ResOpsUS_1617
inflow_anom7,0.05511639,ResOpsUS_1617
inflow,0.2584833,ResOpsUS_1636
inflow_lag1,0.46537763,ResOpsUS_1636
inflow_lag2,0.64115506,ResOpsUS_1636
inflow_lag3,0.16875654,ResOpsUS_1636
storage_lag1,0.4192439,ResOpsUS_1636
storage_lag2,0.3049255,ResOpsUS_1636
doy_sin,0.2245285,ResOpsUS_1636
doy_cos,0.675894,ResOpsUS_1636
storage_trend,1.2654593,ResOpsUS_1636
throughput_ratio,0.13491407,ResOpsUS_1636
storage_norm,0.17951488,ResOpsUS_1636
storage_deficit,0.56008136,ResOpsUS_1636
inflow_norm,0.059720248,ResOpsUS_1636
inflow_ma7,0.59465414,ResOpsUS_1636
inflow_ma30,0.20894007,ResOpsUS_1636
inflow_anom7,0.115015864,ResOpsUS_1636
inflow,0.23513737,ResOpsUS_1620
inflow_lag1,0.28172672,ResOpsUS_1620
inflow_lag2,0.40712062,ResOpsUS_1620
inflow_lag3,0.108790584,ResOpsUS_1620
storage_lag1,0.42356092,ResOpsUS_1620
storage_lag2,0.21451172,ResOpsUS_1620
doy_sin,0.08053351,ResOpsUS_1620
doy_cos,0.48137054,ResOpsUS_1620
storage_trend,0.7677692,ResOpsUS_1620
throughput_ratio,0.107285365,ResOpsUS_1620
storage_norm,0.22153999,ResOpsUS_1620
storage_deficit,0.6716427,ResOpsUS_1620
inflow_norm,0.045495618,ResOpsUS_1620
inflow_ma7,0.21701668,ResOpsUS_1620
inflow_ma30,0.11467641,ResOpsUS_1620
inflow_anom7,0.048784655,ResOpsUS_1620
inflow,2.1996574,ResOpsUS_1706
inflow_lag1,3.9751363,ResOpsUS_1706
inflow_lag2,0.24440104,ResOpsUS_1706
inflow_lag3,0.108628556,ResOpsUS_1706
storage_lag1,0.9861491,ResOpsUS_1706
storage_lag2,0.22827534,ResOpsUS_1706
doy_sin,0.05892243,ResOpsUS_1706
doy_cos,0.04140438,ResOpsUS_1706
storage_trend,0.11001481,ResOpsUS_1706
throughput_ratio,0.27591527,ResOpsUS_1706
storage_norm,0.57838094,ResOpsUS_1706
storage_deficit,0.024737086,ResOpsUS_1706
inflow_norm,0.4279866,ResOpsUS_1706
inflow_ma7,0.41695648,ResOpsUS_1706
inflow_ma30,0.1001939,ResOpsUS_1706
inflow_anom7,0.047377486,ResOpsUS_1706
inflow,0.5894521,ResOpsUS_1600
inflow_lag1,2.1637335,ResOpsUS_1600
inflow_lag2,1.0447105,ResOpsUS_1600
inflow_lag3,0.10613871,ResOpsUS_1600
storage_lag1,0.3442242,ResOpsUS_1600
storage_lag2,0.18915746,ResOpsUS_1600
doy_sin,0.08728233,ResOpsUS_1600
doy_cos,0.22846973,ResOpsUS_1600
storage_trend,0.52072114,ResOpsUS_1600
throughput_ratio,0.09113133,ResOpsUS_1600
storage_norm,0.17320424,ResOpsUS_1600
storage_deficit,0.4469132,ResOpsUS_1600
inflow_norm,0.10406521,ResOpsUS_1600
inflow_ma7,0.6409627,ResOpsUS_1600
inflow_ma30,0.06751194,ResOpsUS_1600
inflow_anom7,0.074936196,ResOpsUS_1600
inflow,1.6122187,ResOpsUS_1723
inflow_lag1,1.142164,ResOpsUS_1723
inflow_lag2,0.13673173,ResOpsUS_1723
inflow_lag3,0.08464425,ResOpsUS_1723
storage_lag1,0.8735989,ResOpsUS_1723
storage_lag2,0.09931558,ResOpsUS_1723
doy_sin,0.074871235,ResOpsUS_1723
doy_cos,0.30132762,ResOpsUS_1723
storage_trend,0.15955473,ResOpsUS_1723
throughput_ratio,0.14940913,ResOpsUS_1723
storage_norm,0.47489873,ResOpsUS_1723
storage_deficit,0.13223705,ResOpsUS_1723
inflow_norm,0.3769572,ResOpsUS_1723
inflow_ma7,0.23225342,ResOpsUS_1723
inflow_ma30,0.10263229,ResOpsUS_1723
inflow_anom7,0.09709558,ResOpsUS_1723
inflow,0.979884,ResOpsUS_42
inflow_lag1,1.3264155,ResOpsUS_42
inflow_lag2,1.2536678,ResOpsUS_42
inflow_lag3,1.0549264,ResOpsUS_42
storage_lag1,0.89328736,ResOpsUS_42
storage_lag2,1.0158,ResOpsUS_42
doy_sin,9.831934,ResOpsUS_42
doy_cos,17.012205,ResOpsUS_42
storage_trend,0.8879127,ResOpsUS_42
throughput_ratio,1.7075824,ResOpsUS_42
storage_norm,0.3435163,ResOpsUS_42
storage_deficit,1.1368933,ResOpsUS_42
inflow_norm,0.2853977,ResOpsUS_42
inflow_ma7,3.0101898,ResOpsUS_42
inflow_ma30,12.54838,ResOpsUS_42
inflow_anom7,1.2448344,ResOpsUS_42
inflow,1.2658015,ResOpsUS_41
inflow_lag1,12.661369,ResOpsUS_41
inflow_lag2,4.9303856,ResOpsUS_41
inflow_lag3,1.4080642,ResOpsUS_41
storage_lag1,1.5140098,ResOpsUS_41
storage_lag2,1.4411829,ResOpsUS_41
doy_sin,2.3801537,ResOpsUS_41
doy_cos,8.427864,ResOpsUS_41
storage_trend,28.749321,ResOpsUS_41
throughput_ratio,1.0367842,ResOpsUS_41
storage_norm,0.7127092,ResOpsUS_41
storage_deficit,1.3852952,ResOpsUS_41
inflow_norm,0.393247,ResOpsUS_41
inflow_ma7,2.1425753,ResOpsUS_41
inflow_ma30,4.999479,ResOpsUS_41
inflow_anom7,1.8338193,ResOpsUS_41
inflow,11.493364,ResOpsUS_182
inflow_lag1,32.730015,ResOpsUS_182
inflow_lag2,3.173941,ResOpsUS_182
inflow_lag3,1.3615128,ResOpsUS_182
storage_lag1,1.61129,ResOpsUS_182
storage_lag2,3.9298625,ResOpsUS_182
doy_sin,3.6991289,ResOpsUS_182
doy_cos,3.571097,ResOpsUS_182
storage_trend,38.708145,ResOpsUS_182
throughput_ratio,2.1318305,ResOpsUS_182
storage_norm,0.63273996,ResOpsUS_182
storage_deficit,9.02525,ResOpsUS_182
inflow_norm,2.6916554,ResOpsUS_182
inflow_ma7,31.194792,ResOpsUS_182
inflow_ma30,13.183894,ResOpsUS_182
inflow_anom7,2.018772,ResOpsUS_182
inflow,0.071790196,ResOpsUS_530
inflow_lag1,0.18528016,ResOpsUS_530
inflow_lag2,0.159357,ResOpsUS_530
inflow_lag3,0.05186333,ResOpsUS_530
storage_lag1,0.14231277,ResOpsUS_530
storage_lag2,0.15600832,ResOpsUS_530
doy_sin,0.26388857,ResOpsUS_530
doy_cos,0.22915806,ResOpsUS_530
storage_trend,0.4021764,ResOpsUS_530
throughput_ratio,0.07324185,ResOpsUS_530
storage_norm,0.0694898,ResOpsUS_530
storage_deficit,0.10822115,ResOpsUS_530
inflow_norm,0.028179392,ResOpsUS_530
inflow_ma7,0.093287095,ResOpsUS_530
inflow_ma30,0.5938241,ResOpsUS_530
inflow_anom7,0.056038048,ResOpsUS_530
inflow,4.360288,ResOpsUS_132
inflow_lag1,34.918304,ResOpsUS_132
inflow_lag2,4.5601087,ResOpsUS_132
inflow_lag3,1.2800865,ResOpsUS_132
storage_lag1,5.0967145,ResOpsUS_132
storage_lag2,12.680652,ResOpsUS_132
doy_sin,2.6943092,ResOpsUS_132
doy_cos,14.080784,ResOpsUS_132
storage_trend,74.68392,ResOpsUS_132
throughput_ratio,2.4001021,ResOpsUS_132
storage_norm,2.239281,ResOpsUS_132
storage_deficit,8.084386,ResOpsUS_132
inflow_norm,0.78681844,ResOpsUS_132
inflow_ma7,40.224667,ResOpsUS_132
inflow_ma30,11.283865,ResOpsUS_132
inflow_anom7,2.5055153,ResOpsUS_132
inflow,0.14520244,ResOpsUS_419
inflow_lag1,0.5990833,ResOpsUS_419
inflow_lag2,0.0352521,ResOpsUS_419
inflow_lag3,0.017598849,ResOpsUS_419
storage_lag1,0.028756032,ResOpsUS_419
storage_lag2,0.08394776,ResOpsUS_419
doy_sin,0.17535064,ResOpsUS_419
doy_cos,1.1007723,ResOpsUS_419
storage_trend,1.0734161,ResOpsUS_419
throughput_ratio,0.03753956,ResOpsUS_419
storage_norm,0.01046102,ResOpsUS_419
storage_deficit,0.044149153,ResOpsUS_419
inflow_norm,0.032891575,ResOpsUS_419
inflow_ma7,0.13330722,ResOpsUS_419
inflow_ma30,0.29477096,ResOpsUS_419
inflow_anom7,0.021542812,ResOpsUS_419
inflow,0.024404254,ResOpsUS_493
inflow_lag1,0.18023023,ResOpsUS_493
inflow_lag2,0.015126078,ResOpsUS_493
inflow_lag3,0.013270102,ResOpsUS_493
storage_lag1,0.047226157,ResOpsUS_493
storage_lag2,0.06679805,ResOpsUS_493
doy_sin,0.07278214,ResOpsUS_493
doy_cos,0.1320537,ResOpsUS_493
storage_trend,0.2642714,ResOpsUS_493
throughput_ratio,0.014272028,ResOpsUS_493
storage_norm,0.024193946,ResOpsUS_493
storage_deficit,0.21852511,ResOpsUS_493
inflow_norm,0.0021095367,ResOpsUS_493
inflow_ma7,0.0523279,ResOpsUS_493
inflow_ma30,0.039801493,ResOpsUS_493
inflow_anom7,0.009639395,ResOpsUS_493
inflow,0.38162947,ResOpsUS_470
inflow_lag1,0.5923882,ResOpsUS_470
inflow_lag2,0.22572833,ResOpsUS_470
inflow_lag3,0.06752901,ResOpsUS_470
storage_lag1,0.13670816,ResOpsUS_470
storage_lag2,0.061492123,ResOpsUS_470
doy_sin,0.18495362,ResOpsUS_470
doy_cos,0.053106762,ResOpsUS_470
storage_trend,0.38552567,ResOpsUS_470
throughput_ratio,0.13394387,ResOpsUS_470
storage_norm,0.08344128,ResOpsUS_470
storage_deficit,0.1836018,ResOpsUS_470
inflow_norm,0.06350793,ResOpsUS_470
inflow_ma7,0.24544533,ResOpsUS_470
inflow_ma30,0.48930436,ResOpsUS_470
inflow_anom7,0.054296274,ResOpsUS_470
inflow,0.0742964,ResOpsUS_442
inflow_lag1,0.15498511,ResOpsUS_442
inflow_lag2,0.027045323,ResOpsUS_442
inflow_lag3,0.022936752,ResOpsUS_442
storage_lag1,0.011491075,ResOpsUS_442
storage_lag2,0.014437111,ResOpsUS_442
doy_sin,0.024754746,ResOpsUS_442
doy_cos,0.045728315,ResOpsUS_442
storage_trend,0.38343865,ResOpsUS_442
throughput_ratio,0.009933466,ResOpsUS_442
storage_norm,0.0024131958,ResOpsUS_442
storage_deficit,0.013397224,ResOpsUS_442
inflow_norm,0.02370671,ResOpsUS_442
inflow_ma7,0.06227468,ResOpsUS_442
inflow_ma30,0.031976115,ResOpsUS_442
inflow_anom7,0.004073923,ResOpsUS_442
inflow,7.8228526,ResOpsUS_1872
inflow_lag1,5.4794946,ResOpsUS_1872
inflow_lag2,16.325478,ResOpsUS_1872
inflow_lag3,4.4293823,ResOpsUS_1872
storage_lag1,2.41123,ResOpsUS_1872
storage_lag2,13.027329,ResOpsUS_1872
doy_sin,4.5109677,ResOpsUS_1872
doy_cos,4.2841015,ResOpsUS_1872
storage_trend,21.854797,ResOpsUS_1872
throughput_ratio,2.3609533,ResOpsUS_1872
storage_norm,0.913826,ResOpsUS_1872
storage_deficit,20.72922,ResOpsUS_1872
inflow_norm,2.1935682,ResOpsUS_1872
inflow_ma7,25.39684,ResOpsUS_1872
inflow_ma30,46.58469,ResOpsUS_1872
inflow_anom7,3.353319,ResOpsUS_1872
inflow,0.13000636,ResOpsUS_448
inflow_lag1,0.35475877,ResOpsUS_448
inflow_lag2,0.012944568,ResOpsUS_448
inflow_lag3,0.027922725,ResOpsUS_448
storage_lag1,0.036240775,ResOpsUS_448
storage_lag2,0.032627493,ResOpsUS_448
doy_sin,0.05529921,ResOpsUS_448
doy_cos,0.05577657,ResOpsUS_448
storage_trend,0.49032885,ResOpsUS_448
throughput_ratio,0.05206241,ResOpsUS_448
storage_norm,0.014046787,ResOpsUS_448
storage_deficit,0.007738095,ResOpsUS_448
inflow_norm,0.02612827,ResOpsUS_448
inflow_ma7,0.16920106,ResOpsUS_448
inflow_ma30,0.5638479,ResOpsUS_448
inflow_anom7,0.015879543,ResOpsUS_448
inflow,0.2558356,ResOpsUS_777
inflow_lag1,0.2554521,ResOpsUS_777
inflow_lag2,0.08477169,ResOpsUS_777
inflow_lag3,0.09950699,ResOpsUS_777
storage_lag1,0.12816392,ResOpsUS_777
storage_lag2,0.15329428,ResOpsUS_777
doy_sin,0.31727672,ResOpsUS_777
doy_cos,0.05530939,ResOpsUS_777
storage_trend,0.9145318,ResOpsUS_777
throughput_ratio,0.10057688,ResOpsUS_777
storage_norm,0.055990934,ResOpsUS_777
storage_deficit,0.18433774,ResOpsUS_777
inflow_norm,0.12769161,ResOpsUS_777
inflow_ma7,0.37107742,ResOpsUS_777
inflow_ma30,0.48720148,ResOpsUS_777
inflow_anom7,0.022471957,ResOpsUS_777
inflow,0.32796463,ResOpsUS_508
inflow_lag1,0.2912865,ResOpsUS_508
inflow_lag2,0.13584958,ResOpsUS_508
inflow_lag3,0.015293028,ResOpsUS_508
storage_lag1,0.025164248,ResOpsUS_508
storage_lag2,0.027788734,ResOpsUS_508
doy_sin,0.06265834,ResOpsUS_508
doy_cos,0.085762165,ResOpsUS_508
storage_trend,0.4285946,ResOpsUS_508
throughput_ratio,0.020289129,ResOpsUS_508
storage_norm,0.012259325,ResOpsUS_508
storage_deficit,0.035065148,ResOpsUS_508
inflow_norm,0.06356168,ResOpsUS_508
inflow_ma7,0.031320784,ResOpsUS_508
inflow_ma30,0.038682774,ResOpsUS_508
inflow_anom7,0.028186124,ResOpsUS_508
inflow,0.038761247,ResOpsUS_368
inflow_lag1,0.61799496,ResOpsUS_368
inflow_lag2,0.0222629,ResOpsUS_368
inflow_lag3,0.021758309,ResOpsUS_368
storage_lag1,0.047311626,ResOpsUS_368
storage_lag2,0.22480606,ResOpsUS_368
doy_sin,0.18972237,ResOpsUS_368
doy_cos,1.1054167,ResOpsUS_368
storage_trend,2.4994707,ResOpsUS_368
throughput_ratio,0.036756862,ResOpsUS_368
storage_norm,0.026367374,ResOpsUS_368
storage_deficit,0.10457404,ResOpsUS_368
inflow_norm,0.009017395,ResOpsUS_368
inflow_ma7,0.076286845,ResOpsUS_368
inflow_ma30,0.5672858,ResOpsUS_368
inflow_anom7,0.024348656,ResOpsUS_368
inflow,0.1111749,ResOpsUS_549
inflow_lag1,0.104618885,ResOpsUS_549
inflow_lag2,0.056759648,ResOpsUS_549
inflow_lag3,0.027462864,ResOpsUS_549
storage_lag1,0.7834604,ResOpsUS_549
storage_lag2,0.27688658,ResOpsUS_549
doy_sin,0.09886039,ResOpsUS_549
doy_cos,0.66117483,ResOpsUS_549
storage_trend,0.29933167,ResOpsUS_549
throughput_ratio,0.049483564,ResOpsUS_549
storage_norm,0.4028195,ResOpsUS_549
storage_deficit,0.045307986,ResOpsUS_549
inflow_norm,0.025718072,ResOpsUS_549
inflow_ma7,0.14514653,ResOpsUS_549
inflow_ma30,0.15988947,ResOpsUS_549
inflow_anom7,0.044107933,ResOpsUS_549
inflow,2.7732975,ResOpsUS_338
inflow_lag1,18.37416,ResOpsUS_338
inflow_lag2,14.482708,ResOpsUS_338
inflow_lag3,8.658927,ResOpsUS_338
storage_lag1,5.0994873,ResOpsUS_338
storage_lag2,4.8061323,ResOpsUS_338
doy_sin,6.826984,ResOpsUS_338
doy_cos,6.037531,ResOpsUS_338
storage_trend,74.0078,ResOpsUS_338
throughput_ratio,2.3157768,ResOpsUS_338
storage_norm,2.1713097,ResOpsUS_338
storage_deficit,3.2670243,ResOpsUS_338
inflow_norm,0.8789118,ResOpsUS_338
inflow_ma7,8.732978,ResOpsUS_338
inflow_ma30,13.385723,ResOpsUS_338
inflow_anom7,2.9165494,ResOpsUS_338
inflow,0.72818637,ResOpsUS_1735
inflow_lag1,0.526601,ResOpsUS_1735
inflow_lag2,0.4031848,ResOpsUS_1735
inflow_lag3,0.506441,ResOpsUS_1735
storage_lag1,1.0611885,ResOpsUS_1735
storage_lag2,0.73793674,ResOpsUS_1735
doy_sin,4.9131165,ResOpsUS_1735
doy_cos,3.6128714,ResOpsUS_1735
storage_trend,0.6901313,ResOpsUS_1735
throughput_ratio,0.54306585,ResOpsUS_1735
storage_norm,0.50446254,ResOpsUS_1735
storage_deficit,0.992279,ResOpsUS_1735
inflow_norm,0.20232585,ResOpsUS_1735
inflow_ma7,0.85744387,ResOpsUS_1735
inflow_ma30,1.9970629,ResOpsUS_1735
inflow_anom7,0.981836,ResOpsUS_1735
inflow,0.1694447,ResOpsUS_518
inflow_lag1,0.50117314,ResOpsUS_518
inflow_lag2,0.023645733,ResOpsUS_518
inflow_lag3,0.014643443,ResOpsUS_518
storage_lag1,0.11831783,ResOpsUS_518
storage_lag2,0.11329118,ResOpsUS_518
doy_sin,0.04137841,ResOpsUS_518
doy_cos,0.82698303,ResOpsUS_518
storage_trend,0.8051815,ResOpsUS_518
throughput_ratio,0.07277646,ResOpsUS_518
storage_norm,0.05503294,ResOpsUS_518
storage_deficit,0.016486024,ResOpsUS_518
inflow_norm,0.025817625,ResOpsUS_518
inflow_ma7,0.16598514,ResOpsUS_518
inflow_ma30,0.27883273,ResOpsUS_518
inflow_anom7,0.020050762,ResOpsUS_518
inflow,0.5096488,ResOpsUS_467
inflow_lag1,2.1812708,ResOpsUS_467
inflow_lag2,0.07647572,ResOpsUS_467
inflow_lag3,0.033438914,ResOpsUS_467
storage_lag1,0.1164526,ResOpsUS_467
storage_lag2,0.25406513,ResOpsUS_467
doy_sin,0.0640663,ResOpsUS_467
doy_cos,0.5385075,ResOpsUS_467
storage_trend,3.1112707,ResOpsUS_467
throughput_ratio,0.09248001,ResOpsUS_467
storage_norm,0.045694564,ResOpsUS_467
storage_deficit,0.09323462,ResOpsUS_467
inflow_norm,0.09277114,ResOpsUS_467
inflow_ma7,0.71493006,ResOpsUS_467
inflow_ma30,1.1697224,ResOpsUS_467
inflow_anom7,0.046216205,ResOpsUS_467
inflow,0.07051998,ResOpsUS_114
inflow_lag1,0.29235816,ResOpsUS_114
inflow_lag2,0.065264605,ResOpsUS_114
inflow_lag3,0.011279853,ResOpsUS_114
storage_lag1,0.039695952,ResOpsUS_114
storage_lag2,0.030971808,ResOpsUS_114
doy_sin,0.04171022,ResOpsUS_114
doy_cos,0.1332449,ResOpsUS_114
storage_trend,0.7220605,ResOpsUS_114
throughput_ratio,0.014505238,ResOpsUS_114
storage_norm,0.012233975,ResOpsUS_114
storage_deficit,0.10008221,ResOpsUS_114
inflow_norm,0.008362437,ResOpsUS_114
inflow_ma7,0.3253277,ResOpsUS_114
inflow_ma30,0.051476546,ResOpsUS_114
inflow_anom7,0.01171193,ResOpsUS_114
inflow,0.003923836,ResOpsUS_524
inflow_lag1,0.00072685926,ResOpsUS_524
inflow_lag2,0.0010383296,ResOpsUS_524
inflow_lag3,0.00068527967,ResOpsUS_524
storage_lag1,0.038201746,ResOpsUS_524
storage_lag2,0.0033306903,ResOpsUS_524
doy_sin,0.007899977,ResOpsUS_524
doy_cos,0.0025471277,ResOpsUS_524
storage_trend,0.0019192378,ResOpsUS_524
throughput_ratio,0.0023346331,ResOpsUS_524
storage_norm,0.020725943,ResOpsUS_524
storage_deficit,0.003980855,ResOpsUS_524
inflow_norm,0.0011427138,ResOpsUS_524
inflow_ma7,0.0026338955,ResOpsUS_524
inflow_ma30,0.0036769651,ResOpsUS_524
inflow_anom7,0.0018275665,ResOpsUS_524
inflow,1.1654829,ResOpsUS_198
inflow_lag1,2.7023208,ResOpsUS_198
inflow_lag2,0.57726353,ResOpsUS_198
inflow_lag3,0.4780312,ResOpsUS_198
storage_lag1,4.6102366,ResOpsUS_198
storage_lag2,5.7265863,ResOpsUS_198
doy_sin,2.333869,ResOpsUS_198
doy_cos,8.688352,ResOpsUS_198
storage_trend,7.4589376,ResOpsUS_198
throughput_ratio,0.44518614,ResOpsUS_198
storage_norm,2.2875147,ResOpsUS_198
storage_deficit,0.9045811,ResOpsUS_198
inflow_norm,0.17282097,ResOpsUS_198
inflow_ma7,1.7726444,ResOpsUS_198
inflow_ma30,3.4423602,ResOpsUS_198
inflow_anom7,0.484649,ResOpsUS_198
inflow,1.1665692,ResOpsUS_1713
inflow_lag1,2.902566,ResOpsUS_1713
inflow_lag2,1.2401562,ResOpsUS_1713
inflow_lag3,0.16476215,ResOpsUS_1713
storage_lag1,0.47112513,ResOpsUS_1713
storage_lag2,0.30904484,ResOpsUS_1713
doy_sin,0.20509551,ResOpsUS_1713
doy_cos,1.0375168,ResOpsUS_1713
storage_trend,1.5472671,ResOpsUS_1713
throughput_ratio,0.20017514,ResOpsUS_1713
storage_norm,0.23693903,ResOpsUS_1713
storage_deficit,0.98584694,ResOpsUS_1713
inflow_norm,0.23641627,ResOpsUS_1713
inflow_ma7,0.5241243,ResOpsUS_1713
inflow_ma30,0.19210991,ResOpsUS_1713
inflow_anom7,0.12690571,ResOpsUS_1713
inflow,4.02613,ResOpsUS_317
inflow_lag1,4.304932,ResOpsUS_317
inflow_lag2,0.24935333,ResOpsUS_317
inflow_lag3,0.26047796,ResOpsUS_317
storage_lag1,0.06354755,ResOpsUS_317
storage_lag2,0.28115588,ResOpsUS_317
doy_sin,0.08601409,ResOpsUS_317
doy_cos,0.6260778,ResOpsUS_317
storage_trend,2.0333643,ResOpsUS_317
throughput_ratio,0.1711072,ResOpsUS_317
storage_norm,0.027616573,ResOpsUS_317
storage_deficit,0.040158745,ResOpsUS_317
inflow_norm,0.895261,ResOpsUS_317
inflow_ma7,0.5896314,ResOpsUS_317
inflow_ma30,1.26341,ResOpsUS_317
inflow_anom7,0.05191353,ResOpsUS_317
inflow,0.06559423,ResOpsUS_952
inflow_lag1,0.6600057,ResOpsUS_952
inflow_lag2,0.036585614,ResOpsUS_952
inflow_lag3,0.03160388,ResOpsUS_952
storage_lag1,0.018464051,ResOpsUS_952
storage_lag2,0.043473247,ResOpsUS_952
doy_sin,0.15034102,ResOpsUS_952
doy_cos,0.41802227,ResOpsUS_952
storage_trend,1.8531276,ResOpsUS_952
throughput_ratio,0.030181857,ResOpsUS_952
storage_norm,0.011026742,ResOpsUS_952
storage_deficit,0.053613264,ResOpsUS_952
inflow_norm,0.009034256,ResOpsUS_952
inflow_ma7,0.20263119,ResOpsUS_952
inflow_ma30,0.14594612,ResOpsUS_952
inflow_anom7,0.029322227,ResOpsUS_952
inflow,4.037617,ResOpsUS_595
inflow_lag1,12.955761,ResOpsUS_595
inflow_lag2,0.7687677,ResOpsUS_595
inflow_lag3,0.5882615,ResOpsUS_595
storage_lag1,0.4079079,ResOpsUS_595
storage_lag2,0.7427485,ResOpsUS_595
doy_sin,0.7834464,ResOpsUS_595
doy_cos,1.6285605,ResOpsUS_595
storage_trend,22.446932,ResOpsUS_595
throughput_ratio,0.77424675,ResOpsUS_595
storage_norm,0.13567878,ResOpsUS_595
storage_deficit,0.666837,ResOpsUS_595
inflow_norm,1.1770494,ResOpsUS_595
inflow_ma7,10.75918,ResOpsUS_595
inflow_ma30,23.256136,ResOpsUS_595
inflow_anom7,0.4022183,ResOpsUS_595
inflow,4.9137144,ResOpsUS_148
inflow_lag1,8.522286,ResOpsUS_148
inflow_lag2,9.778083,ResOpsUS_148
inflow_lag3,3.4059134,ResOpsUS_148
storage_lag1,7.0535736,ResOpsUS_148
storage_lag2,14.018765,ResOpsUS_148
doy_sin,10.921579,ResOpsUS_148
doy_cos,18.128809,ResOpsUS_148
storage_trend,31.001534,ResOpsUS_148
throughput_ratio,4.93116,ResOpsUS_148
storage_norm,2.7596877,ResOpsUS_148
storage_deficit,11.281479,ResOpsUS_148
inflow_norm,1.4030004,ResOpsUS_148
inflow_ma7,38.676987,ResOpsUS_148
inflow_ma30,18.941605,ResOpsUS_148
inflow_anom7,3.0614254,ResOpsUS_148
inflow,0.0630555,ResOpsUS_948
inflow_lag1,0.39564636,ResOpsUS_948
inflow_lag2,0.057270575,ResOpsUS_948
inflow_lag3,0.05042701,ResOpsUS_948
storage_lag1,0.11656273,ResOpsUS_948
storage_lag2,0.42645022,ResOpsUS_948
doy_sin,0.65523785,ResOpsUS_948
doy_cos,1.3028926,ResOpsUS_948
storage_trend,2.6763318,ResOpsUS_948
throughput_ratio,0.034860414,ResOpsUS_948
storage_norm,0.047499463,ResOpsUS_948
storage_deficit,0.13104364,ResOpsUS_948
inflow_norm,0.01586046,ResOpsUS_948
inflow_ma7,0.11453002,ResOpsUS_948
inflow_ma30,0.22718896,ResOpsUS_948
inflow_anom7,0.033977907,ResOpsUS_948
inflow,0.17361051,ResOpsUS_471
inflow_lag1,0.86688626,ResOpsUS_471
inflow_lag2,0.041320723,ResOpsUS_471
inflow_lag3,0.036492378,ResOpsUS_471
storage_lag1,0.04690631,ResOpsUS_471
storage_lag2,0.16479552,ResOpsUS_471
doy_sin,0.08803499,ResOpsUS_471
doy_cos,1.4153516,ResOpsUS_471
storage_trend,1.4413055,ResOpsUS_471
throughput_ratio,0.0873686,ResOpsUS_471
storage_norm,0.01867935,ResOpsUS_471
storage_deficit,0.053697288,ResOpsUS_471
inflow_norm,0.047337756,ResOpsUS_471
inflow_ma7,0.5565294,ResOpsUS_471
inflow_ma30,0.23543759,ResOpsUS_471
inflow_anom7,0.045845103,ResOpsUS_471
inflow,1.045357,ResOpsUS_431
inflow_lag1,0.5473458,ResOpsUS_431
inflow_lag2,0.06226221,ResOpsUS_431
inflow_lag3,0.0273956,ResOpsUS_431
storage_lag1,0.052923344,ResOpsUS_431
storage_lag2,0.034875304,ResOpsUS_431
doy_sin,0.031652883,ResOpsUS_431
doy_cos,0.09555486,ResOpsUS_431
storage_trend,0.5816671,ResOpsUS_431
throughput_ratio,0.03639024,ResOpsUS_431
storage_norm,0.012090011,ResOpsUS_431
storage_deficit,0.02159326,ResOpsUS_431
inflow_norm,0.22718172,ResOpsUS_431
inflow_ma7,0.24069332,ResOpsUS_431
inflow_ma30,0.031938296,ResOpsUS_431
inflow_anom7,0.02149217,ResOpsUS_431
inflow,0.08911463,ResOpsUS_295
inflow_lag1,1.0646242,ResOpsUS_295
inflow_lag2,0.031440552,ResOpsUS_295
inflow_lag3,0.024441455,ResOpsUS_295
storage_lag1,0.04114825,ResOpsUS_295
storage_lag2,0.066392004,ResOpsUS_295
doy_sin,0.061278872,ResOpsUS_295
doy_cos,0.45128676,ResOpsUS_295
storage_trend,1.9442159,ResOpsUS_295
throughput_ratio,0.03517589,ResOpsUS_295
storage_norm,0.009194221,ResOpsUS_295
storage_deficit,0.05141005,ResOpsUS_295
inflow_norm,0.0070880116,ResOpsUS_295
inflow_ma7,0.063962504,ResOpsUS_295
inflow_ma30,0.08602153,ResOpsUS_295
inflow_anom7,0.014263018,ResOpsUS_295
inflow,9.4425535,ResOpsUS_133
inflow_lag1,7.2470407,ResOpsUS_133
inflow_lag2,0.7360376,ResOpsUS_133
inflow_lag3,0.37082735,ResOpsUS_133
storage_lag1,0.9879503,ResOpsUS_133
storage_lag2,0.39589334,ResOpsUS_133
doy_sin,0.9882396,ResOpsUS_133
doy_cos,1.1086541,ResOpsUS_133
storage_trend,3.0550785,ResOpsUS_133
throughput_ratio,2.2823524,ResOpsUS_133
storage_norm,0.31974402,ResOpsUS_133
storage_deficit,0.83634305,ResOpsUS_133
inflow_norm,2.1641405,ResOpsUS_133
inflow_ma7,1.2600818,ResOpsUS_133
inflow_ma30,0.67167777,ResOpsUS_133
inflow_anom7,0.3394174,ResOpsUS_133
inflow,1.4166188,ResOpsUS_600
inflow_lag1,3.1812096,ResOpsUS_600
inflow_lag2,1.7425784,ResOpsUS_600
inflow_lag3,1.3804066,ResOpsUS_600
storage_lag1,1.3056395,ResOpsUS_600
storage_lag2,8.74822,ResOpsUS_600
doy_sin,1.3537459,ResOpsUS_600
doy_cos,4.9086447,ResOpsUS_600
storage_trend,30.814056,ResOpsUS_600
throughput_ratio,0.778328,ResOpsUS_600
storage_norm,0.4460327,ResOpsUS_600
storage_deficit,2.1044915,ResOpsUS_600
inflow_norm,0.32800278,ResOpsUS_600
inflow_ma7,3.8080823,ResOpsUS_600
inflow_ma30,30.71335,ResOpsUS_600
inflow_anom7,0.45087564,ResOpsUS_600
inflow,1.09191,ResOpsUS_169
inflow_lag1,0.34675136,ResOpsUS_169
inflow_lag2,0.14710386,ResOpsUS_169
inflow_lag3,0.12395024,ResOpsUS_169
storage_lag1,0.2368957,ResOpsUS_169
storage_lag2,0.08918168,ResOpsUS_169
doy_sin,0.3249926,ResOpsUS_169
doy_cos,0.23657043,ResOpsUS_169
storage_trend,0.74690557,ResOpsUS_169
throughput_ratio,2.4707296,ResOpsUS_169
storage_norm,0.048960607,ResOpsUS_169
storage_deficit,0.09484768,ResOpsUS_169
inflow_norm,0.43037444,ResOpsUS_169
inflow_ma7,0.215795,ResOpsUS_169
inflow_ma30,0.32786858,ResOpsUS_169
inflow_anom7,0.40331936,ResOpsUS_169
inflow,1.8341975,ResOpsUS_144
inflow_lag1,5.090432,ResOpsUS_144
inflow_lag2,2.078023,ResOpsUS_144
inflow_lag3,0.4978474,ResOpsUS_144
storage_lag1,0.31784287,ResOpsUS_144
storage_lag2,0.73638564,ResOpsUS_144
doy_sin,0.45592213,ResOpsUS_144
doy_cos,0.56451833,ResOpsUS_144
storage_trend,4.334816,ResOpsUS_144
throughput_ratio,0.7103073,ResOpsUS_144
storage_norm,0.09418779,ResOpsUS_144
storage_deficit,0.70230037,ResOpsUS_144
inflow_norm,0.3237917,ResOpsUS_144
inflow_ma7,4.3272843,ResOpsUS_144
inflow_ma30,0.50693417,ResOpsUS_144
inflow_anom7,0.24547017,ResOpsUS_144
inflow,0.49428424,ResOpsUS_592
inflow_lag1,0.45191744,ResOpsUS_592
inflow_lag2,0.07376119,ResOpsUS_592
inflow_lag3,0.047063332,ResOpsUS_592
storage_lag1,0.19479142,ResOpsUS_592
storage_lag2,0.16274862,ResOpsUS_592
doy_sin,0.06564203,ResOpsUS_592
doy_cos,0.14072794,ResOpsUS_592
storage_trend,2.0136733,ResOpsUS_592
throughput_ratio,0.07230291,ResOpsUS_592
storage_norm,0.01688856,ResOpsUS_592
storage_deficit,0.24381201,ResOpsUS_592
inflow_norm,0.2069776,ResOpsUS_592
inflow_ma7,0.40684968,ResOpsUS_592
inflow_ma30,0.64401215,ResOpsUS_592
inflow_anom7,0.02313321,ResOpsUS_592
inflow,3.1741009,ResOpsUS_191
inflow_lag1,3.1038253,ResOpsUS_191
inflow_lag2,1.7276647,ResOpsUS_191
inflow_lag3,0.87073094,ResOpsUS_191
storage_lag1,0.7830456,ResOpsUS_191
storage_lag2,0.9298928,ResOpsUS_191
doy_sin,0.6832205,ResOpsUS_191
doy_cos,0.8847497,ResOpsUS_191
storage_trend,4.2291775,ResOpsUS_191
throughput_ratio,0.2690034,ResOpsUS_191
storage_norm,0.43578127,ResOpsUS_191
storage_deficit,1.019659,ResOpsUS_191
inflow_norm,1.2787446,ResOpsUS_191
inflow_ma7,7.1810117,ResOpsUS_191
inflow_ma30,2.0701945,ResOpsUS_191
inflow_anom7,0.114588976,ResOpsUS_191
inflow,0.31563878,ResOpsUS_605
inflow_lag1,2.1890106,ResOpsUS_605
inflow_lag2,0.752197,ResOpsUS_605
inflow_lag3,0.286656,ResOpsUS_605
storage_lag1,0.7194333,ResOpsUS_605
storage_lag2,3.7051103,ResOpsUS_605
doy_sin,1.1531689,ResOpsUS_605
doy_cos,0.6944593,ResOpsUS_605
storage_trend,8.885831,ResOpsUS_605
throughput_ratio,0.4820633,ResOpsUS_605
storage_norm,0.07577533,ResOpsUS_605
storage_deficit,0.6230607,ResOpsUS_605
inflow_norm,0.088470824,ResOpsUS_605
inflow_ma7,0.91085005,ResOpsUS_605
inflow_ma30,4.841004,ResOpsUS_605
inflow_anom7,0.1589265,ResOpsUS_605
inflow,0.23440212,ResOpsUS_609
inflow_lag1,0.5374846,ResOpsUS_609
inflow_lag2,0.12193112,ResOpsUS_609
inflow_lag3,0.1686942,ResOpsUS_609
storage_lag1,0.18867502,ResOpsUS_609
storage_lag2,0.3501261,ResOpsUS_609
doy_sin,0.1822403,ResOpsUS_609
doy_cos,0.18442203,ResOpsUS_609
storage_trend,3.165004,ResOpsUS_609
throughput_ratio,0.16172135,ResOpsUS_609
storage_norm,0.06515948,ResOpsUS_609
storage_deficit,0.20599456,ResOpsUS_609
inflow_norm,0.060352318,ResOpsUS_609
inflow_ma7,1.0146161,ResOpsUS_609
inflow_ma30,2.0023725,ResOpsUS_609
inflow_anom7,0.11071455,ResOpsUS_609
inflow,0.41906613,ResOpsUS_193
inflow_lag1,0.5716451,ResOpsUS_193
inflow_lag2,0.38143227,ResOpsUS_193
inflow_lag3,0.16970147,ResOpsUS_193
storage_lag1,0.31873757,ResOpsUS_193
storage_lag2,0.40439308,ResOpsUS_193
doy_sin,0.12581265,ResOpsUS_193
doy_cos,0.2889051,ResOpsUS_193
storage_trend,2.676127,ResOpsUS_193
throughput_ratio,0.38248843,ResOpsUS_193
storage_norm,0.059930444,ResOpsUS_193
storage_deficit,0.24664927,ResOpsUS_193
inflow_norm,0.13892345,ResOpsUS_193
inflow_ma7,2.2798932,ResOpsUS_193
inflow_ma30,0.73298895,ResOpsUS_193
inflow_anom7,0.059896287,ResOpsUS_193
inflow,0.20980978,ResOpsUS_585
inflow_lag1,0.20200269,ResOpsUS_585
inflow_lag2,0.09142151,ResOpsUS_585
inflow_lag3,0.05087699,ResOpsUS_585
storage_lag1,0.13513845,ResOpsUS_585
storage_lag2,0.23776224,ResOpsUS_585
doy_sin,0.15224555,ResOpsUS_585
doy_cos,0.27967432,ResOpsUS_585
storage_trend,2.6906755,ResOpsUS_585
throughput_ratio,0.056976587,ResOpsUS_585
storage_norm,0.024449194,ResOpsUS_585
storage_deficit,0.36786985,ResOpsUS_585
inflow_norm,0.04081663,ResOpsUS_585
inflow_ma7,0.911589,ResOpsUS_585
inflow_ma30,0.26674536,ResOpsUS_585
inflow_anom7,0.03600534,ResOpsUS_585
inflow,0.06784165,ResOpsUS_533
inflow_lag1,0.34166417,ResOpsUS_533
inflow_lag2,0.03889205,ResOpsUS_533
inflow_lag3,0.06673952,ResOpsUS_533
storage_lag1,0.056188684,ResOpsUS_533
storage_lag2,0.0973297,ResOpsUS_533
doy_sin,0.024332555,ResOpsUS_533
doy_cos,0.02015337,ResOpsUS_533
storage_trend,0.24308768,ResOpsUS_533
throughput_ratio,0.03048176,ResOpsUS_533
storage_norm,0.022936635,ResOpsUS_533
storage_deficit,0.020398388,ResOpsUS_533
inflow_norm,0.01740901,ResOpsUS_533
inflow_ma7,0.8814884,ResOpsUS_533
inflow_ma30,0.09534267,ResOpsUS_533
inflow_anom7,0.017353978,ResOpsUS_533
inflow,2.7971878,ResOpsUS_612
inflow_lag1,1.4180422,ResOpsUS_612
inflow_lag2,0.3087358,ResOpsUS_612
inflow_lag3,0.2410738,ResOpsUS_612
storage_lag1,1.6352774,ResOpsUS_612
storage_lag2,4.310075,ResOpsUS_612
doy_sin,0.58700186,ResOpsUS_612
doy_cos,0.62859607,ResOpsUS_612
storage_trend,6.9232616,ResOpsUS_612
throughput_ratio,0.99184567,ResOpsUS_612
storage_norm,0.25787425,ResOpsUS_612
storage_deficit,0.19653523,ResOpsUS_612
inflow_norm,0.36199853,ResOpsUS_612
inflow_ma7,0.58369917,ResOpsUS_612
inflow_ma30,8.259332,ResOpsUS_612
inflow_anom7,0.1587105,ResOpsUS_612
inflow,0.06177879,ResOpsUS_223
inflow_lag1,0.5237957,ResOpsUS_223
inflow_lag2,0.02155005,ResOpsUS_223
inflow_lag3,0.011559206,ResOpsUS_223
storage_lag1,0.04933611,ResOpsUS_223
storage_lag2,0.047174152,ResOpsUS_223
doy_sin,0.0783875,ResOpsUS_223
doy_cos,0.028363468,ResOpsUS_223
storage_trend,1.07132,ResOpsUS_223
throughput_ratio,0.031352527,ResOpsUS_223
storage_norm,0.014036547,ResOpsUS_223
storage_deficit,0.31209937,ResOpsUS_223
inflow_norm,0.009085884,ResOpsUS_223
inflow_ma7,0.09177842,ResOpsUS_223
inflow_ma30,0.17034882,ResOpsUS_223
inflow_anom7,0.008383757,ResOpsUS_223
inflow,0.085279785,ResOpsUS_956
inflow_lag1,0.67571616,ResOpsUS_956
inflow_lag2,0.06007892,ResOpsUS_956
inflow_lag3,0.02549921,ResOpsUS_956
storage_lag1,0.0992303,ResOpsUS_956
storage_lag2,0.28936324,ResOpsUS_956
doy_sin,0.13272382,ResOpsUS_956
doy_cos,0.34780088,ResOpsUS_956
storage_trend,1.7070488,ResOpsUS_956
throughput_ratio,0.04578119,ResOpsUS_956
storage_norm,0.02861404,ResOpsUS_956
storage_deficit,0.21619488,ResOpsUS_956
inflow_norm,0.016815705,ResOpsUS_956
inflow_ma7,0.2761452,ResOpsUS_956
inflow_ma30,0.67229134,ResOpsUS_956
inflow_anom7,0.02140685,ResOpsUS_956
inflow,1.9313198,ResOpsUS_507
inflow_lag1,2.4142194,ResOpsUS_507
inflow_lag2,0.14202102,ResOpsUS_507
inflow_lag3,0.56643575,ResOpsUS_507
storage_lag1,0.026447522,ResOpsUS_507
storage_lag2,0.016772537,ResOpsUS_507
doy_sin,0.0131359575,ResOpsUS_507
doy_cos,0.17958453,ResOpsUS_507
storage_trend,0.2506919,ResOpsUS_507
throughput_ratio,1.953181,ResOpsUS_507
storage_norm,0.002797472,ResOpsUS_507
storage_deficit,0.035133272,ResOpsUS_507
inflow_norm,0.63141185,ResOpsUS_507
inflow_ma7,0.35304236,ResOpsUS_507
inflow_ma30,0.21624343,ResOpsUS_507
inflow_anom7,0.023215119,ResOpsUS_507
inflow,0.00572713,ResOpsUS_931
inflow_lag1,0.0030053619,ResOpsUS_931
inflow_lag2,0.0031311144,ResOpsUS_931
inflow_lag3,0.0023650299,ResOpsUS_931
storage_lag1,0.023296155,ResOpsUS_931
storage_lag2,0.027174463,ResOpsUS_931
doy_sin,0.06568085,ResOpsUS_931
doy_cos,0.1280063,ResOpsUS_931
storage_trend,0.18527801,ResOpsUS_931
throughput_ratio,0.00059763656,ResOpsUS_931
storage_norm,0.019736273,ResOpsUS_931
storage_deficit,0.032911774,ResOpsUS_931
inflow_norm,4.3889166e-05,ResOpsUS_931
inflow_ma7,0.021852503,ResOpsUS_931
inflow_ma30,0.02614886,ResOpsUS_931
inflow_anom7,0.0029583545,ResOpsUS_931
inflow,5.156594,ResOpsUS_210
inflow_lag1,4.9808245,ResOpsUS_210
inflow_lag2,0.7947582,ResOpsUS_210
inflow_lag3,0.34341875,ResOpsUS_210
storage_lag1,1.5464703,ResOpsUS_210
storage_lag2,2.3377197,ResOpsUS_210
doy_sin,3.7117367,ResOpsUS_210
doy_cos,5.6809263,ResOpsUS_210
storage_trend,4.2635574,ResOpsUS_210
throughput_ratio,1.2815484,ResOpsUS_210
storage_norm,0.61156106,ResOpsUS_210
storage_deficit,5.315072,ResOpsUS_210
inflow_norm,0.64715165,ResOpsUS_210
inflow_ma7,21.87693,ResOpsUS_210
inflow_ma30,7.9210196,ResOpsUS_210
inflow_anom7,0.25143203,ResOpsUS_210
inflow,21.611423,ResOpsUS_168
inflow_lag1,9.484746,ResOpsUS_168
inflow_lag2,3.0948193,ResOpsUS_168
inflow_lag3,0.5861947,ResOpsUS_168
storage_lag1,6.1030645,ResOpsUS_168
storage_lag2,1.17027,ResOpsUS_168
doy_sin,1.3973109,ResOpsUS_168
doy_cos,0.50330573,ResOpsUS_168
storage_trend,2.252781,ResOpsUS_168
throughput_ratio,3.8799677,ResOpsUS_168
storage_norm,6.1429744,ResOpsUS_168
storage_deficit,1.1033343,ResOpsUS_168
inflow_norm,5.9768686,ResOpsUS_168
inflow_ma7,3.066629,ResOpsUS_168
inflow_ma30,1.2833526,ResOpsUS_168
inflow_anom7,0.5613842,ResOpsUS_168
inflow,0.24885578,ResOpsUS_185
inflow_lag1,1.8653268,ResOpsUS_185
inflow_lag2,0.40780807,ResOpsUS_185
inflow_lag3,0.13454723,ResOpsUS_185
storage_lag1,1.2942309,ResOpsUS_185
storage_lag2,1.1607571,ResOpsUS_185
doy_sin,0.51735276,ResOpsUS_185
doy_cos,3.8195944,ResOpsUS_185
storage_trend,2.998513,ResOpsUS_185
throughput_ratio,0.11512167,ResOpsUS_185
storage_norm,0.46196318,ResOpsUS_185
storage_deficit,0.12713231,ResOpsUS_185
inflow_norm,0.03682534,ResOpsUS_185
inflow_ma7,0.8576178,ResOpsUS_185
inflow_ma30,4.217404,ResOpsUS_185
inflow_anom7,0.037701793,ResOpsUS_185
inflow,0.578346,ResOpsUS_437
inflow_lag1,0.8516175,ResOpsUS_437
inflow_lag2,0.05296087,ResOpsUS_437
inflow_lag3,0.0687072,ResOpsUS_437
storage_lag1,0.14506905,ResOpsUS_437
storage_lag2,0.11295267,ResOpsUS_437
doy_sin,0.13018857,ResOpsUS_437
doy_cos,0.21308602,ResOpsUS_437
storage_trend,1.7394733,ResOpsUS_437
throughput_ratio,0.06396163,ResOpsUS_437
storage_norm,0.06590331,ResOpsUS_437
storage_deficit,0.11903472,ResOpsUS_437
inflow_norm,0.2352845,ResOpsUS_437
inflow_ma7,0.38342407,ResOpsUS_437
inflow_ma30,0.30354875,ResOpsUS_437
inflow_anom7,0.042611405,ResOpsUS_437
inflow,0.09500366,ResOpsUS_173
inflow_lag1,0.35059744,ResOpsUS_173
inflow_lag2,0.04911169,ResOpsUS_173
inflow_lag3,0.046296395,ResOpsUS_173
storage_lag1,0.38619584,ResOpsUS_173
storage_lag2,0.41976067,ResOpsUS_173
doy_sin,0.16349031,ResOpsUS_173
doy_cos,0.44448984,ResOpsUS_173
storage_trend,3.0537586,ResOpsUS_173
throughput_ratio,0.034356833,ResOpsUS_173
storage_norm,0.09435561,ResOpsUS_173
storage_deficit,0.19211127,ResOpsUS_173
inflow_norm,0.013715782,ResOpsUS_173
inflow_ma7,0.12504815,ResOpsUS_173
inflow_ma30,0.108737364,ResOpsUS_173
inflow_anom7,0.024057083,ResOpsUS_173
inflow,0.631926,ResOpsUS_214
inflow_lag1,2.7097058,ResOpsUS_214
inflow_lag2,0.6561983,ResOpsUS_214
inflow_lag3,0.5334783,ResOpsUS_214
storage_lag1,4.1973047,ResOpsUS_214
storage_lag2,9.429002,ResOpsUS_214
doy_sin,2.3104959,ResOpsUS_214
doy_cos,3.6460004,ResOpsUS_214
storage_trend,7.027489,ResOpsUS_214
throughput_ratio,0.4625202,ResOpsUS_214
storage_norm,2.0739126,ResOpsUS_214
storage_deficit,0.71088725,ResOpsUS_214
inflow_norm,0.114062406,ResOpsUS_214
inflow_ma7,1.1772273,ResOpsUS_214
inflow_ma30,7.605408,ResOpsUS_214
inflow_anom7,0.39671934,ResOpsUS_214
inflow,0.0044940365,ResOpsUS_113
inflow_lag1,0.08628025,ResOpsUS_113
inflow_lag2,0.0037994387,ResOpsUS_113
inflow_lag3,0.004434363,ResOpsUS_113
storage_lag1,0.004591699,ResOpsUS_113
storage_lag2,0.037746307,ResOpsUS_113
doy_sin,0.011777426,ResOpsUS_113
doy_cos,0.06917205,ResOpsUS_113
storage_trend,0.19375378,ResOpsUS_113
throughput_ratio,0.0022101868,ResOpsUS_113
storage_norm,0.0031826757,ResOpsUS_113
storage_deficit,0.012356607,ResOpsUS_113
inflow_norm,0.0014447835,ResOpsUS_113
inflow_ma7,0.01944453,ResOpsUS_113
inflow_ma30,0.0061907507,ResOpsUS_113
inflow_anom7,0.0023663687,ResOpsUS_113
inflow,0.13627179,ResOpsUS_500
inflow_lag1,0.78642297,ResOpsUS_500
inflow_lag2,0.2466814,ResOpsUS_500
inflow_lag3,0.05877666,ResOpsUS_500
storage_lag1,0.04753742,ResOpsUS_500
storage_lag2,0.08227093,ResOpsUS_500
doy_sin,0.037598204,ResOpsUS_500
doy_cos,0.11398562,ResOpsUS_500
storage_trend,1.1613404,ResOpsUS_500
throughput_ratio,0.07204501,ResOpsUS_500
storage_norm,0.018899562,ResOpsUS_500
storage_deficit,0.047945127,ResOpsUS_500
inflow_norm,0.03365844,ResOpsUS_500
inflow_ma7,0.921295,ResOpsUS_500
inflow_ma30,0.069362365,ResOpsUS_500
inflow_anom7,0.03922959,ResOpsUS_500
inflow,1.6625164,ResOpsUS_1109
inflow_lag1,1.2305632,ResOpsUS_1109
inflow_lag2,0.30023,ResOpsUS_1109
inflow_lag3,0.10183504,ResOpsUS_1109
storage_lag1,0.07718967,ResOpsUS_1109
storage_lag2,0.06569437,ResOpsUS_1109
doy_sin,0.20012008,ResOpsUS_1109
doy_cos,0.57402116,ResOpsUS_1109
storage_trend,1.0632513,ResOpsUS_1109
throughput_ratio,0.26384163,ResOpsUS_1109
storage_norm,0.03177544,ResOpsUS_1109
storage_deficit,0.14521994,ResOpsUS_1109
inflow_norm,0.36341807,ResOpsUS_1109
inflow_ma7,0.15223442,ResOpsUS_1109
inflow_ma30,0.18249185,ResOpsUS_1109
inflow_anom7,0.061059855,ResOpsUS_1109
inflow,0.4474629,ResOpsUS_458
inflow_lag1,0.51905453,ResOpsUS_458
inflow_lag2,0.14122412,ResOpsUS_458
inflow_lag3,0.017064868,ResOpsUS_458
storage_lag1,0.0689648,ResOpsUS_458
storage_lag2,0.04087695,ResOpsUS_458
doy_sin,0.008409814,ResOpsUS_458
doy_cos,0.106648475,ResOpsUS_458
storage_trend,0.22138251,ResOpsUS_458
throughput_ratio,0.050394427,ResOpsUS_458
storage_norm,0.03376228,ResOpsUS_458
storage_deficit,0.013643401,ResOpsUS_458
inflow_norm,0.14439897,ResOpsUS_458
inflow_ma7,0.04654056,ResOpsUS_458
inflow_ma30,0.025848454,ResOpsUS_458
inflow_anom7,0.010605383,ResOpsUS_458
inflow,0.017240988,ResOpsUS_1095
inflow_lag1,0.02557394,ResOpsUS_1095
inflow_lag2,0.010886475,ResOpsUS_1095
inflow_lag3,0.00612526,ResOpsUS_1095
storage_lag1,0.38060436,ResOpsUS_1095
storage_lag2,0.12143898,ResOpsUS_1095
doy_sin,0.07390482,ResOpsUS_1095
doy_cos,0.012551894,ResOpsUS_1095
storage_trend,0.045247853,ResOpsUS_1095
throughput_ratio,0.024929237,ResOpsUS_1095
storage_norm,0.27329922,ResOpsUS_1095
storage_deficit,0.21161748,ResOpsUS_1095
inflow_norm,0.0019315176,ResOpsUS_1095
inflow_ma7,0.014016809,ResOpsUS_1095
inflow_ma30,0.045504566,ResOpsUS_1095
inflow_anom7,0.07301728,ResOpsUS_1095
inflow,22.7724,ResOpsUS_1916
inflow_lag1,10.31339,ResOpsUS_1916
inflow_lag2,8.488798,ResOpsUS_1916
inflow_lag3,15.954005,ResOpsUS_1916
storage_lag1,127.08626,ResOpsUS_1916
storage_lag2,137.6117,ResOpsUS_1916
doy_sin,84.503586,ResOpsUS_1916
doy_cos,44.94121,ResOpsUS_1916
storage_trend,91.91796,ResOpsUS_1916
throughput_ratio,11.352729,ResOpsUS_1916
storage_norm,63.78637,ResOpsUS_1916
storage_deficit,16.997997,ResOpsUS_1916
inflow_norm,4.403887,ResOpsUS_1916
inflow_ma7,13.529121,ResOpsUS_1916
inflow_ma30,38.534603,ResOpsUS_1916
inflow_anom7,14.178935,ResOpsUS_1916
inflow,0.99955076,ResOpsUS_657
inflow_lag1,4.296904,ResOpsUS_657
inflow_lag2,0.4230666,ResOpsUS_657
inflow_lag3,0.11324687,ResOpsUS_657
storage_lag1,0.9665523,ResOpsUS_657
storage_lag2,1.1763952,ResOpsUS_657
doy_sin,0.728225,ResOpsUS_657
doy_cos,2.5255377,ResOpsUS_657
storage_trend,16.048473,ResOpsUS_657
throughput_ratio,0.23321229,ResOpsUS_657
storage_norm,0.2417162,ResOpsUS_657
storage_deficit,0.33460033,ResOpsUS_657
inflow_norm,0.30379784,ResOpsUS_657
inflow_ma7,0.34722093,ResOpsUS_657
inflow_ma30,0.9711507,ResOpsUS_657
inflow_anom7,0.14065208,ResOpsUS_657
inflow,7.4867516,ResOpsUS_664
inflow_lag1,7.8538837,ResOpsUS_664
inflow_lag2,1.509053,ResOpsUS_664
inflow_lag3,0.2571655,ResOpsUS_664
storage_lag1,0.23834458,ResOpsUS_664
storage_lag2,0.22090578,ResOpsUS_664
doy_sin,0.3523538,ResOpsUS_664
doy_cos,0.47325605,ResOpsUS_664
storage_trend,4.5506516,ResOpsUS_664
throughput_ratio,0.12153291,ResOpsUS_664
storage_norm,0.13225453,ResOpsUS_664
storage_deficit,0.120983765,ResOpsUS_664
inflow_norm,1.783414,ResOpsUS_664
inflow_ma7,0.4309018,ResOpsUS_664
inflow_ma30,0.45519656,ResOpsUS_664
inflow_anom7,0.088785246,ResOpsUS_664
inflow,0.22589982,ResOpsUS_620
inflow_lag1,0.17259532,ResOpsUS_620
inflow_lag2,0.050589528,ResOpsUS_620
inflow_lag3,0.053989198,ResOpsUS_620
storage_lag1,0.24116066,ResOpsUS_620
storage_lag2,0.13631393,ResOpsUS_620
doy_sin,0.11019813,ResOpsUS_620
doy_cos,0.098314956,ResOpsUS_620
storage_trend,0.63350284,ResOpsUS_620
throughput_ratio,0.037317965,ResOpsUS_620
storage_norm,0.007872604,ResOpsUS_620
storage_deficit,0.059799876,ResOpsUS_620
inflow_norm,0.07287815,ResOpsUS_620
inflow_ma7,0.24133435,ResOpsUS_620
inflow_ma30,0.16764125,ResOpsUS_620
inflow_anom7,0.075006895,ResOpsUS_620
inflow,0.0012690532,ResOpsUS_111
inflow_lag1,0.00093985983,ResOpsUS_111
inflow_lag2,0.00027095535,ResOpsUS_111
inflow_lag3,0.0003802386,ResOpsUS_111
storage_lag1,0.014844789,ResOpsUS_111
storage_lag2,0.0037152525,ResOpsUS_111
doy_sin,0.00024055681,ResOpsUS_111
doy_cos,4.4240012e-05,ResOpsUS_111
storage_trend,8.20477e-05,ResOpsUS_111
throughput_ratio,0.00013178075,ResOpsUS_111
storage_norm,0.0055234693,ResOpsUS_111
storage_deficit,0.0003507956,ResOpsUS_111
inflow_norm,4.6058736e-05,ResOpsUS_111
inflow_ma7,0.000113556205,ResOpsUS_111
inflow_ma30,0.00016562027,ResOpsUS_111
inflow_anom7,3.3452114e-05,ResOpsUS_111
